fill	ymin	ymax	xmin	xmax	showSelected1
#000000	0	0.01	0.05	2.45	1
#000000	0	0.01	0.05	2.45	2
#0000FF	0	0.01	5.05	7.45	2
#000000	0	0.01	0.05	2.45	3
#000000	0.01	0.02	0.05	2.45	3
#0000FF	0	0.01	5.05	7.45	3
#000000	0	0.01	0.05	2.45	4
#000000	0.01	0.02	0.05	2.45	4
#0000FF	0	0.01	5.05	7.45	4
#0000FF	0.01	0.02	5.05	7.45	4
#000000	0	0.01	0.05	2.45	5
#000000	0.01	0.02	0.05	2.45	5
#FF0000	0	0.01	2.55	4.95	5
#0000FF	0	0.01	5.05	7.45	5
#0000FF	0.01	0.02	5.05	7.45	5
#000000	0	0.01	0.05	2.45	6
#000000	0.01	0.02	0.05	2.45	6
#000000	0.02	0.03	0.05	2.45	6
#FF0000	0	0.01	2.55	4.95	6
#0000FF	0	0.01	5.05	7.45	6
#0000FF	0.01	0.02	5.05	7.45	6
#000000	0	0.01	0.05	2.45	7
#000000	0.01	0.02	0.05	2.45	7
#000000	0.02	0.03	0.05	2.45	7
#FF0000	0	0.01	2.55	4.95	7
#0000FF	0	0.01	5.05	7.45	7
#0000FF	0.01	0.02	5.05	7.45	7
#0000FF	0.02	0.03	5.05	7.45	7
#000000	0	0.01	0.05	2.45	8
#000000	0.01	0.02	0.05	2.45	8
#000000	0.02	0.03	0.05	2.45	8
#FF0000	0	0.01	2.55	4.95	8
#0000FF	0	0.01	5.05	7.45	8
#0000FF	0.01	0.02	5.05	7.45	8
#0000FF	0.02	0.03	5.05	7.45	8
#0000FF	0.03	0.04	5.05	7.45	8
#000000	0	0.01	0.05	2.45	9
#000000	0.01	0.02	0.05	2.45	9
#000000	0.02	0.03	0.05	2.45	9
#FF0000	0	0.01	2.55	4.95	9
#0000FF	0	0.01	5.05	7.45	9
#0000FF	0.01	0.02	5.05	7.45	9
#0000FF	0.02	0.03	5.05	7.45	9
#0000FF	0.03	0.04	5.05	7.45	9
#0000FF	0.04	0.05	5.05	7.45	9
#000000	0	0.01	0.05	2.45	10
#000000	0.01	0.02	0.05	2.45	10
#000000	0.02	0.03	0.05	2.45	10
#FF0000	0	0.01	2.55	4.95	10
#0000FF	0	0.01	5.05	7.45	10
#0000FF	0.01	0.02	5.05	7.45	10
#0000FF	0.02	0.03	5.05	7.45	10
#0000FF	0.03	0.04	5.05	7.45	10
#0000FF	0.04	0.05	5.05	7.45	10
#0000FF	0.05	0.06	5.05	7.45	10
#000000	0	0.01	0.05	2.45	11
#000000	0.01	0.02	0.05	2.45	11
#000000	0.02	0.03	0.05	2.45	11
#FF0000	0	0.01	2.55	4.95	11
#FF0000	0.01	0.02	2.55	4.95	11
#0000FF	0	0.01	5.05	7.45	11
#0000FF	0.01	0.02	5.05	7.45	11
#0000FF	0.02	0.03	5.05	7.45	11
#0000FF	0.03	0.04	5.05	7.45	11
#0000FF	0.04	0.05	5.05	7.45	11
#0000FF	0.05	0.06	5.05	7.45	11
#000000	0	0.01	0.05	2.45	12
#000000	0.01	0.02	0.05	2.45	12
#000000	0.02	0.03	0.05	2.45	12
#FF0000	0	0.01	2.55	4.95	12
#FF0000	0.01	0.02	2.55	4.95	12
#0000FF	0	0.01	5.05	7.45	12
#0000FF	0.01	0.02	5.05	7.45	12
#0000FF	0.02	0.03	5.05	7.45	12
#0000FF	0.03	0.04	5.05	7.45	12
#0000FF	0.04	0.05	5.05	7.45	12
#0000FF	0.05	0.06	5.05	7.45	12
#0000FF	0.06	0.07	5.05	7.45	12
#000000	0	0.01	0.05	2.45	13
#000000	0.01	0.02	0.05	2.45	13
#000000	0.02	0.03	0.05	2.45	13
#FF0000	0	0.01	2.55	4.95	13
#FF0000	0.01	0.02	2.55	4.95	13
#0000FF	0	0.01	5.05	7.45	13
#0000FF	0.01	0.02	5.05	7.45	13
#0000FF	0.02	0.03	5.05	7.45	13
#0000FF	0.03	0.04	5.05	7.45	13
#0000FF	0.04	0.05	5.05	7.45	13
#0000FF	0.05	0.06	5.05	7.45	13
#0000FF	0.06	0.07	5.05	7.45	13
#0000FF	0.07	0.08	5.05	7.45	13
#000000	0	0.01	0.05	2.45	14
#000000	0.01	0.02	0.05	2.45	14
#000000	0.02	0.03	0.05	2.45	14
#FF0000	0	0.01	2.55	4.95	14
#FF0000	0.01	0.02	2.55	4.95	14
#0000FF	0	0.01	5.05	7.45	14
#0000FF	0.01	0.02	5.05	7.45	14
#0000FF	0.02	0.03	5.05	7.45	14
#0000FF	0.03	0.04	5.05	7.45	14
#0000FF	0.04	0.05	5.05	7.45	14
#0000FF	0.05	0.06	5.05	7.45	14
#0000FF	0.06	0.07	5.05	7.45	14
#0000FF	0.07	0.08	5.05	7.45	14
#0000FF	0.08	0.09	5.05	7.45	14
#000000	0	0.01	0.05	2.45	15
#000000	0.01	0.02	0.05	2.45	15
#000000	0.02	0.03	0.05	2.45	15
#000000	0.03	0.04	0.05	2.45	15
#FF0000	0	0.01	2.55	4.95	15
#FF0000	0.01	0.02	2.55	4.95	15
#0000FF	0	0.01	5.05	7.45	15
#0000FF	0.01	0.02	5.05	7.45	15
#0000FF	0.02	0.03	5.05	7.45	15
#0000FF	0.03	0.04	5.05	7.45	15
#0000FF	0.04	0.05	5.05	7.45	15
#0000FF	0.05	0.06	5.05	7.45	15
#0000FF	0.06	0.07	5.05	7.45	15
#0000FF	0.07	0.08	5.05	7.45	15
#0000FF	0.08	0.09	5.05	7.45	15
#000000	0	0.01	0.05	2.45	16
#000000	0.01	0.02	0.05	2.45	16
#000000	0.02	0.03	0.05	2.45	16
#000000	0.03	0.04	0.05	2.45	16
#FF0000	0	0.01	2.55	4.95	16
#FF0000	0.01	0.02	2.55	4.95	16
#0000FF	0	0.01	5.05	7.45	16
#0000FF	0.01	0.02	5.05	7.45	16
#0000FF	0.02	0.03	5.05	7.45	16
#0000FF	0.03	0.04	5.05	7.45	16
#0000FF	0.04	0.05	5.05	7.45	16
#0000FF	0.05	0.06	5.05	7.45	16
#0000FF	0.06	0.07	5.05	7.45	16
#0000FF	0.07	0.08	5.05	7.45	16
#0000FF	0.08	0.09	5.05	7.45	16
#0000FF	0.09	0.1	5.05	7.45	16
#000000	0	0.01	0.05	2.45	17
#000000	0.01	0.02	0.05	2.45	17
#000000	0.02	0.03	0.05	2.45	17
#000000	0.03	0.04	0.05	2.45	17
#000000	0.04	0.05	0.05	2.45	17
#FF0000	0	0.01	2.55	4.95	17
#FF0000	0.01	0.02	2.55	4.95	17
#0000FF	0	0.01	5.05	7.45	17
#0000FF	0.01	0.02	5.05	7.45	17
#0000FF	0.02	0.03	5.05	7.45	17
#0000FF	0.03	0.04	5.05	7.45	17
#0000FF	0.04	0.05	5.05	7.45	17
#0000FF	0.05	0.06	5.05	7.45	17
#0000FF	0.06	0.07	5.05	7.45	17
#0000FF	0.07	0.08	5.05	7.45	17
#0000FF	0.08	0.09	5.05	7.45	17
#0000FF	0.09	0.1	5.05	7.45	17
#000000	0	0.01	0.05	2.45	18
#000000	0.01	0.02	0.05	2.45	18
#000000	0.02	0.03	0.05	2.45	18
#000000	0.03	0.04	0.05	2.45	18
#000000	0.04	0.05	0.05	2.45	18
#000000	0.05	0.06	0.05	2.45	18
#FF0000	0	0.01	2.55	4.95	18
#FF0000	0.01	0.02	2.55	4.95	18
#0000FF	0	0.01	5.05	7.45	18
#0000FF	0.01	0.02	5.05	7.45	18
#0000FF	0.02	0.03	5.05	7.45	18
#0000FF	0.03	0.04	5.05	7.45	18
#0000FF	0.04	0.05	5.05	7.45	18
#0000FF	0.05	0.06	5.05	7.45	18
#0000FF	0.06	0.07	5.05	7.45	18
#0000FF	0.07	0.08	5.05	7.45	18
#0000FF	0.08	0.09	5.05	7.45	18
#0000FF	0.09	0.1	5.05	7.45	18
#000000	0	0.01	0.05	2.45	19
#000000	0.01	0.02	0.05	2.45	19
#000000	0.02	0.03	0.05	2.45	19
#000000	0.03	0.04	0.05	2.45	19
#000000	0.04	0.05	0.05	2.45	19
#000000	0.05	0.06	0.05	2.45	19
#000000	0.06	0.07	0.05	2.45	19
#FF0000	0	0.01	2.55	4.95	19
#FF0000	0.01	0.02	2.55	4.95	19
#0000FF	0	0.01	5.05	7.45	19
#0000FF	0.01	0.02	5.05	7.45	19
#0000FF	0.02	0.03	5.05	7.45	19
#0000FF	0.03	0.04	5.05	7.45	19
#0000FF	0.04	0.05	5.05	7.45	19
#0000FF	0.05	0.06	5.05	7.45	19
#0000FF	0.06	0.07	5.05	7.45	19
#0000FF	0.07	0.08	5.05	7.45	19
#0000FF	0.08	0.09	5.05	7.45	19
#0000FF	0.09	0.1	5.05	7.45	19
#000000	0	0.01	0.05	2.45	20
#000000	0.01	0.02	0.05	2.45	20
#000000	0.02	0.03	0.05	2.45	20
#000000	0.03	0.04	0.05	2.45	20
#000000	0.04	0.05	0.05	2.45	20
#000000	0.05	0.06	0.05	2.45	20
#000000	0.06	0.07	0.05	2.45	20
#FF0000	0	0.01	2.55	4.95	20
#FF0000	0.01	0.02	2.55	4.95	20
#FF0000	0.02	0.03	2.55	4.95	20
#0000FF	0	0.01	5.05	7.45	20
#0000FF	0.01	0.02	5.05	7.45	20
#0000FF	0.02	0.03	5.05	7.45	20
#0000FF	0.03	0.04	5.05	7.45	20
#0000FF	0.04	0.05	5.05	7.45	20
#0000FF	0.05	0.06	5.05	7.45	20
#0000FF	0.06	0.07	5.05	7.45	20
#0000FF	0.07	0.08	5.05	7.45	20
#0000FF	0.08	0.09	5.05	7.45	20
#0000FF	0.09	0.1	5.05	7.45	20
#000000	0	0.01	0.05	2.45	21
#000000	0.01	0.02	0.05	2.45	21
#000000	0.02	0.03	0.05	2.45	21
#000000	0.03	0.04	0.05	2.45	21
#000000	0.04	0.05	0.05	2.45	21
#000000	0.05	0.06	0.05	2.45	21
#000000	0.06	0.07	0.05	2.45	21
#FF0000	0	0.01	2.55	4.95	21
#FF0000	0.01	0.02	2.55	4.95	21
#FF0000	0.02	0.03	2.55	4.95	21
#0000FF	0	0.01	5.05	7.45	21
#0000FF	0.01	0.02	5.05	7.45	21
#0000FF	0.02	0.03	5.05	7.45	21
#0000FF	0.03	0.04	5.05	7.45	21
#0000FF	0.04	0.05	5.05	7.45	21
#0000FF	0.05	0.06	5.05	7.45	21
#0000FF	0.06	0.07	5.05	7.45	21
#0000FF	0.07	0.08	5.05	7.45	21
#0000FF	0.08	0.09	5.05	7.45	21
#0000FF	0.09	0.1	5.05	7.45	21
#0000FF	0.1	0.11	5.05	7.45	21
#000000	0	0.01	0.05	2.45	22
#000000	0.01	0.02	0.05	2.45	22
#000000	0.02	0.03	0.05	2.45	22
#000000	0.03	0.04	0.05	2.45	22
#000000	0.04	0.05	0.05	2.45	22
#000000	0.05	0.06	0.05	2.45	22
#000000	0.06	0.07	0.05	2.45	22
#FF0000	0	0.01	2.55	4.95	22
#FF0000	0.01	0.02	2.55	4.95	22
#FF0000	0.02	0.03	2.55	4.95	22
#0000FF	0	0.01	5.05	7.45	22
#0000FF	0.01	0.02	5.05	7.45	22
#0000FF	0.02	0.03	5.05	7.45	22
#0000FF	0.03	0.04	5.05	7.45	22
#0000FF	0.04	0.05	5.05	7.45	22
#0000FF	0.05	0.06	5.05	7.45	22
#0000FF	0.06	0.07	5.05	7.45	22
#0000FF	0.07	0.08	5.05	7.45	22
#0000FF	0.08	0.09	5.05	7.45	22
#0000FF	0.09	0.1	5.05	7.45	22
#0000FF	0.1	0.11	5.05	7.45	22
#0000FF	0.11	0.12	5.05	7.45	22
#000000	0	0.01	0.05	2.45	23
#000000	0.01	0.02	0.05	2.45	23
#000000	0.02	0.03	0.05	2.45	23
#000000	0.03	0.04	0.05	2.45	23
#000000	0.04	0.05	0.05	2.45	23
#000000	0.05	0.06	0.05	2.45	23
#000000	0.06	0.07	0.05	2.45	23
#FF0000	0	0.01	2.55	4.95	23
#FF0000	0.01	0.02	2.55	4.95	23
#FF0000	0.02	0.03	2.55	4.95	23
#0000FF	0	0.01	5.05	7.45	23
#0000FF	0.01	0.02	5.05	7.45	23
#0000FF	0.02	0.03	5.05	7.45	23
#0000FF	0.03	0.04	5.05	7.45	23
#0000FF	0.04	0.05	5.05	7.45	23
#0000FF	0.05	0.06	5.05	7.45	23
#0000FF	0.06	0.07	5.05	7.45	23
#0000FF	0.07	0.08	5.05	7.45	23
#0000FF	0.08	0.09	5.05	7.45	23
#0000FF	0.09	0.1	5.05	7.45	23
#0000FF	0.1	0.11	5.05	7.45	23
#0000FF	0.11	0.12	5.05	7.45	23
#0000FF	0.12	0.13	5.05	7.45	23
#000000	0	0.01	0.05	2.45	24
#000000	0.01	0.02	0.05	2.45	24
#000000	0.02	0.03	0.05	2.45	24
#000000	0.03	0.04	0.05	2.45	24
#000000	0.04	0.05	0.05	2.45	24
#000000	0.05	0.06	0.05	2.45	24
#000000	0.06	0.07	0.05	2.45	24
#FF0000	0	0.01	2.55	4.95	24
#FF0000	0.01	0.02	2.55	4.95	24
#FF0000	0.02	0.03	2.55	4.95	24
#FF0000	0.03	0.04	2.55	4.95	24
#0000FF	0	0.01	5.05	7.45	24
#0000FF	0.01	0.02	5.05	7.45	24
#0000FF	0.02	0.03	5.05	7.45	24
#0000FF	0.03	0.04	5.05	7.45	24
#0000FF	0.04	0.05	5.05	7.45	24
#0000FF	0.05	0.06	5.05	7.45	24
#0000FF	0.06	0.07	5.05	7.45	24
#0000FF	0.07	0.08	5.05	7.45	24
#0000FF	0.08	0.09	5.05	7.45	24
#0000FF	0.09	0.1	5.05	7.45	24
#0000FF	0.1	0.11	5.05	7.45	24
#0000FF	0.11	0.12	5.05	7.45	24
#0000FF	0.12	0.13	5.05	7.45	24
#000000	0	0.01	0.05	2.45	25
#000000	0.01	0.02	0.05	2.45	25
#000000	0.02	0.03	0.05	2.45	25
#000000	0.03	0.04	0.05	2.45	25
#000000	0.04	0.05	0.05	2.45	25
#000000	0.05	0.06	0.05	2.45	25
#000000	0.06	0.07	0.05	2.45	25
#FF0000	0	0.01	2.55	4.95	25
#FF0000	0.01	0.02	2.55	4.95	25
#FF0000	0.02	0.03	2.55	4.95	25
#FF0000	0.03	0.04	2.55	4.95	25
#0000FF	0	0.01	5.05	7.45	25
#0000FF	0.01	0.02	5.05	7.45	25
#0000FF	0.02	0.03	5.05	7.45	25
#0000FF	0.03	0.04	5.05	7.45	25
#0000FF	0.04	0.05	5.05	7.45	25
#0000FF	0.05	0.06	5.05	7.45	25
#0000FF	0.06	0.07	5.05	7.45	25
#0000FF	0.07	0.08	5.05	7.45	25
#0000FF	0.08	0.09	5.05	7.45	25
#0000FF	0.09	0.1	5.05	7.45	25
#0000FF	0.1	0.11	5.05	7.45	25
#0000FF	0.11	0.12	5.05	7.45	25
#0000FF	0.12	0.13	5.05	7.45	25
#0000FF	0.13	0.14	5.05	7.45	25
#000000	0	0.01	0.05	2.45	26
#000000	0.01	0.02	0.05	2.45	26
#000000	0.02	0.03	0.05	2.45	26
#000000	0.03	0.04	0.05	2.45	26
#000000	0.04	0.05	0.05	2.45	26
#000000	0.05	0.06	0.05	2.45	26
#000000	0.06	0.07	0.05	2.45	26
#FF0000	0	0.01	2.55	4.95	26
#FF0000	0.01	0.02	2.55	4.95	26
#FF0000	0.02	0.03	2.55	4.95	26
#FF0000	0.03	0.04	2.55	4.95	26
#0000FF	0	0.01	5.05	7.45	26
#0000FF	0.01	0.02	5.05	7.45	26
#0000FF	0.02	0.03	5.05	7.45	26
#0000FF	0.03	0.04	5.05	7.45	26
#0000FF	0.04	0.05	5.05	7.45	26
#0000FF	0.05	0.06	5.05	7.45	26
#0000FF	0.06	0.07	5.05	7.45	26
#0000FF	0.07	0.08	5.05	7.45	26
#0000FF	0.08	0.09	5.05	7.45	26
#0000FF	0.09	0.1	5.05	7.45	26
#0000FF	0.1	0.11	5.05	7.45	26
#0000FF	0.11	0.12	5.05	7.45	26
#0000FF	0.12	0.13	5.05	7.45	26
#0000FF	0.13	0.14	5.05	7.45	26
#0000FF	0.14	0.15	5.05	7.45	26
#000000	0	0.01	0.05	2.45	27
#000000	0.01	0.02	0.05	2.45	27
#000000	0.02	0.03	0.05	2.45	27
#000000	0.03	0.04	0.05	2.45	27
#000000	0.04	0.05	0.05	2.45	27
#000000	0.05	0.06	0.05	2.45	27
#000000	0.06	0.07	0.05	2.45	27
#FF0000	0	0.01	2.55	4.95	27
#FF0000	0.01	0.02	2.55	4.95	27
#FF0000	0.02	0.03	2.55	4.95	27
#FF0000	0.03	0.04	2.55	4.95	27
#0000FF	0	0.01	5.05	7.45	27
#0000FF	0.01	0.02	5.05	7.45	27
#0000FF	0.02	0.03	5.05	7.45	27
#0000FF	0.03	0.04	5.05	7.45	27
#0000FF	0.04	0.05	5.05	7.45	27
#0000FF	0.05	0.06	5.05	7.45	27
#0000FF	0.06	0.07	5.05	7.45	27
#0000FF	0.07	0.08	5.05	7.45	27
#0000FF	0.08	0.09	5.05	7.45	27
#0000FF	0.09	0.1	5.05	7.45	27
#0000FF	0.1	0.11	5.05	7.45	27
#0000FF	0.11	0.12	5.05	7.45	27
#0000FF	0.12	0.13	5.05	7.45	27
#0000FF	0.13	0.14	5.05	7.45	27
#0000FF	0.14	0.15	5.05	7.45	27
#0000FF	0.15	0.16	5.05	7.45	27
#000000	0	0.01	0.05	2.45	28
#000000	0.01	0.02	0.05	2.45	28
#000000	0.02	0.03	0.05	2.45	28
#000000	0.03	0.04	0.05	2.45	28
#000000	0.04	0.05	0.05	2.45	28
#000000	0.05	0.06	0.05	2.45	28
#000000	0.06	0.07	0.05	2.45	28
#FF0000	0	0.01	2.55	4.95	28
#FF0000	0.01	0.02	2.55	4.95	28
#FF0000	0.02	0.03	2.55	4.95	28
#FF0000	0.03	0.04	2.55	4.95	28
#0000FF	0	0.01	5.05	7.45	28
#0000FF	0.01	0.02	5.05	7.45	28
#0000FF	0.02	0.03	5.05	7.45	28
#0000FF	0.03	0.04	5.05	7.45	28
#0000FF	0.04	0.05	5.05	7.45	28
#0000FF	0.05	0.06	5.05	7.45	28
#0000FF	0.06	0.07	5.05	7.45	28
#0000FF	0.07	0.08	5.05	7.45	28
#0000FF	0.08	0.09	5.05	7.45	28
#0000FF	0.09	0.1	5.05	7.45	28
#0000FF	0.1	0.11	5.05	7.45	28
#0000FF	0.11	0.12	5.05	7.45	28
#0000FF	0.12	0.13	5.05	7.45	28
#0000FF	0.13	0.14	5.05	7.45	28
#0000FF	0.14	0.15	5.05	7.45	28
#0000FF	0.15	0.16	5.05	7.45	28
#0000FF	0.16	0.17	5.05	7.45	28
#000000	0	0.01	0.05	2.45	29
#000000	0.01	0.02	0.05	2.45	29
#000000	0.02	0.03	0.05	2.45	29
#000000	0.03	0.04	0.05	2.45	29
#000000	0.04	0.05	0.05	2.45	29
#000000	0.05	0.06	0.05	2.45	29
#000000	0.06	0.07	0.05	2.45	29
#000000	0.07	0.08	0.05	2.45	29
#FF0000	0	0.01	2.55	4.95	29
#FF0000	0.01	0.02	2.55	4.95	29
#FF0000	0.02	0.03	2.55	4.95	29
#FF0000	0.03	0.04	2.55	4.95	29
#0000FF	0	0.01	5.05	7.45	29
#0000FF	0.01	0.02	5.05	7.45	29
#0000FF	0.02	0.03	5.05	7.45	29
#0000FF	0.03	0.04	5.05	7.45	29
#0000FF	0.04	0.05	5.05	7.45	29
#0000FF	0.05	0.06	5.05	7.45	29
#0000FF	0.06	0.07	5.05	7.45	29
#0000FF	0.07	0.08	5.05	7.45	29
#0000FF	0.08	0.09	5.05	7.45	29
#0000FF	0.09	0.1	5.05	7.45	29
#0000FF	0.1	0.11	5.05	7.45	29
#0000FF	0.11	0.12	5.05	7.45	29
#0000FF	0.12	0.13	5.05	7.45	29
#0000FF	0.13	0.14	5.05	7.45	29
#0000FF	0.14	0.15	5.05	7.45	29
#0000FF	0.15	0.16	5.05	7.45	29
#0000FF	0.16	0.17	5.05	7.45	29
#000000	0	0.01	0.05	2.45	30
#000000	0.01	0.02	0.05	2.45	30
#000000	0.02	0.03	0.05	2.45	30
#000000	0.03	0.04	0.05	2.45	30
#000000	0.04	0.05	0.05	2.45	30
#000000	0.05	0.06	0.05	2.45	30
#000000	0.06	0.07	0.05	2.45	30
#000000	0.07	0.08	0.05	2.45	30
#000000	0.08	0.09	0.05	2.45	30
#FF0000	0	0.01	2.55	4.95	30
#FF0000	0.01	0.02	2.55	4.95	30
#FF0000	0.02	0.03	2.55	4.95	30
#FF0000	0.03	0.04	2.55	4.95	30
#0000FF	0	0.01	5.05	7.45	30
#0000FF	0.01	0.02	5.05	7.45	30
#0000FF	0.02	0.03	5.05	7.45	30
#0000FF	0.03	0.04	5.05	7.45	30
#0000FF	0.04	0.05	5.05	7.45	30
#0000FF	0.05	0.06	5.05	7.45	30
#0000FF	0.06	0.07	5.05	7.45	30
#0000FF	0.07	0.08	5.05	7.45	30
#0000FF	0.08	0.09	5.05	7.45	30
#0000FF	0.09	0.1	5.05	7.45	30
#0000FF	0.1	0.11	5.05	7.45	30
#0000FF	0.11	0.12	5.05	7.45	30
#0000FF	0.12	0.13	5.05	7.45	30
#0000FF	0.13	0.14	5.05	7.45	30
#0000FF	0.14	0.15	5.05	7.45	30
#0000FF	0.15	0.16	5.05	7.45	30
#0000FF	0.16	0.17	5.05	7.45	30
#000000	0	0.01	0.05	2.45	31
#000000	0.01	0.02	0.05	2.45	31
#000000	0.02	0.03	0.05	2.45	31
#000000	0.03	0.04	0.05	2.45	31
#000000	0.04	0.05	0.05	2.45	31
#000000	0.05	0.06	0.05	2.45	31
#000000	0.06	0.07	0.05	2.45	31
#000000	0.07	0.08	0.05	2.45	31
#000000	0.08	0.09	0.05	2.45	31
#FF0000	0	0.01	2.55	4.95	31
#FF0000	0.01	0.02	2.55	4.95	31
#FF0000	0.02	0.03	2.55	4.95	31
#FF0000	0.03	0.04	2.55	4.95	31
#FF0000	0.04	0.05	2.55	4.95	31
#0000FF	0	0.01	5.05	7.45	31
#0000FF	0.01	0.02	5.05	7.45	31
#0000FF	0.02	0.03	5.05	7.45	31
#0000FF	0.03	0.04	5.05	7.45	31
#0000FF	0.04	0.05	5.05	7.45	31
#0000FF	0.05	0.06	5.05	7.45	31
#0000FF	0.06	0.07	5.05	7.45	31
#0000FF	0.07	0.08	5.05	7.45	31
#0000FF	0.08	0.09	5.05	7.45	31
#0000FF	0.09	0.1	5.05	7.45	31
#0000FF	0.1	0.11	5.05	7.45	31
#0000FF	0.11	0.12	5.05	7.45	31
#0000FF	0.12	0.13	5.05	7.45	31
#0000FF	0.13	0.14	5.05	7.45	31
#0000FF	0.14	0.15	5.05	7.45	31
#0000FF	0.15	0.16	5.05	7.45	31
#0000FF	0.16	0.17	5.05	7.45	31
#000000	0	0.01	0.05	2.45	32
#000000	0.01	0.02	0.05	2.45	32
#000000	0.02	0.03	0.05	2.45	32
#000000	0.03	0.04	0.05	2.45	32
#000000	0.04	0.05	0.05	2.45	32
#000000	0.05	0.06	0.05	2.45	32
#000000	0.06	0.07	0.05	2.45	32
#000000	0.07	0.08	0.05	2.45	32
#000000	0.08	0.09	0.05	2.45	32
#FF0000	0	0.01	2.55	4.95	32
#FF0000	0.01	0.02	2.55	4.95	32
#FF0000	0.02	0.03	2.55	4.95	32
#FF0000	0.03	0.04	2.55	4.95	32
#FF0000	0.04	0.05	2.55	4.95	32
#FF0000	0.05	0.06	2.55	4.95	32
#0000FF	0	0.01	5.05	7.45	32
#0000FF	0.01	0.02	5.05	7.45	32
#0000FF	0.02	0.03	5.05	7.45	32
#0000FF	0.03	0.04	5.05	7.45	32
#0000FF	0.04	0.05	5.05	7.45	32
#0000FF	0.05	0.06	5.05	7.45	32
#0000FF	0.06	0.07	5.05	7.45	32
#0000FF	0.07	0.08	5.05	7.45	32
#0000FF	0.08	0.09	5.05	7.45	32
#0000FF	0.09	0.1	5.05	7.45	32
#0000FF	0.1	0.11	5.05	7.45	32
#0000FF	0.11	0.12	5.05	7.45	32
#0000FF	0.12	0.13	5.05	7.45	32
#0000FF	0.13	0.14	5.05	7.45	32
#0000FF	0.14	0.15	5.05	7.45	32
#0000FF	0.15	0.16	5.05	7.45	32
#0000FF	0.16	0.17	5.05	7.45	32
#000000	0	0.01	0.05	2.45	33
#000000	0.01	0.02	0.05	2.45	33
#000000	0.02	0.03	0.05	2.45	33
#000000	0.03	0.04	0.05	2.45	33
#000000	0.04	0.05	0.05	2.45	33
#000000	0.05	0.06	0.05	2.45	33
#000000	0.06	0.07	0.05	2.45	33
#000000	0.07	0.08	0.05	2.45	33
#000000	0.08	0.09	0.05	2.45	33
#FF0000	0	0.01	2.55	4.95	33
#FF0000	0.01	0.02	2.55	4.95	33
#FF0000	0.02	0.03	2.55	4.95	33
#FF0000	0.03	0.04	2.55	4.95	33
#FF0000	0.04	0.05	2.55	4.95	33
#FF0000	0.05	0.06	2.55	4.95	33
#0000FF	0	0.01	5.05	7.45	33
#0000FF	0.01	0.02	5.05	7.45	33
#0000FF	0.02	0.03	5.05	7.45	33
#0000FF	0.03	0.04	5.05	7.45	33
#0000FF	0.04	0.05	5.05	7.45	33
#0000FF	0.05	0.06	5.05	7.45	33
#0000FF	0.06	0.07	5.05	7.45	33
#0000FF	0.07	0.08	5.05	7.45	33
#0000FF	0.08	0.09	5.05	7.45	33
#0000FF	0.09	0.1	5.05	7.45	33
#0000FF	0.1	0.11	5.05	7.45	33
#0000FF	0.11	0.12	5.05	7.45	33
#0000FF	0.12	0.13	5.05	7.45	33
#0000FF	0.13	0.14	5.05	7.45	33
#0000FF	0.14	0.15	5.05	7.45	33
#0000FF	0.15	0.16	5.05	7.45	33
#0000FF	0.16	0.17	5.05	7.45	33
#0000FF	0.17	0.18	5.05	7.45	33
#000000	0	0.01	0.05	2.45	34
#000000	0.01	0.02	0.05	2.45	34
#000000	0.02	0.03	0.05	2.45	34
#000000	0.03	0.04	0.05	2.45	34
#000000	0.04	0.05	0.05	2.45	34
#000000	0.05	0.06	0.05	2.45	34
#000000	0.06	0.07	0.05	2.45	34
#000000	0.07	0.08	0.05	2.45	34
#000000	0.08	0.09	0.05	2.45	34
#FF0000	0	0.01	2.55	4.95	34
#FF0000	0.01	0.02	2.55	4.95	34
#FF0000	0.02	0.03	2.55	4.95	34
#FF0000	0.03	0.04	2.55	4.95	34
#FF0000	0.04	0.05	2.55	4.95	34
#FF0000	0.05	0.06	2.55	4.95	34
#0000FF	0	0.01	5.05	7.45	34
#0000FF	0.01	0.02	5.05	7.45	34
#0000FF	0.02	0.03	5.05	7.45	34
#0000FF	0.03	0.04	5.05	7.45	34
#0000FF	0.04	0.05	5.05	7.45	34
#0000FF	0.05	0.06	5.05	7.45	34
#0000FF	0.06	0.07	5.05	7.45	34
#0000FF	0.07	0.08	5.05	7.45	34
#0000FF	0.08	0.09	5.05	7.45	34
#0000FF	0.09	0.1	5.05	7.45	34
#0000FF	0.1	0.11	5.05	7.45	34
#0000FF	0.11	0.12	5.05	7.45	34
#0000FF	0.12	0.13	5.05	7.45	34
#0000FF	0.13	0.14	5.05	7.45	34
#0000FF	0.14	0.15	5.05	7.45	34
#0000FF	0.15	0.16	5.05	7.45	34
#0000FF	0.16	0.17	5.05	7.45	34
#0000FF	0.17	0.18	5.05	7.45	34
#0000FF	0.18	0.19	5.05	7.45	34
#000000	0	0.01	0.05	2.45	35
#000000	0.01	0.02	0.05	2.45	35
#000000	0.02	0.03	0.05	2.45	35
#000000	0.03	0.04	0.05	2.45	35
#000000	0.04	0.05	0.05	2.45	35
#000000	0.05	0.06	0.05	2.45	35
#000000	0.06	0.07	0.05	2.45	35
#000000	0.07	0.08	0.05	2.45	35
#000000	0.08	0.09	0.05	2.45	35
#000000	0.09	0.1	0.05	2.45	35
#FF0000	0	0.01	2.55	4.95	35
#FF0000	0.01	0.02	2.55	4.95	35
#FF0000	0.02	0.03	2.55	4.95	35
#FF0000	0.03	0.04	2.55	4.95	35
#FF0000	0.04	0.05	2.55	4.95	35
#FF0000	0.05	0.06	2.55	4.95	35
#0000FF	0	0.01	5.05	7.45	35
#0000FF	0.01	0.02	5.05	7.45	35
#0000FF	0.02	0.03	5.05	7.45	35
#0000FF	0.03	0.04	5.05	7.45	35
#0000FF	0.04	0.05	5.05	7.45	35
#0000FF	0.05	0.06	5.05	7.45	35
#0000FF	0.06	0.07	5.05	7.45	35
#0000FF	0.07	0.08	5.05	7.45	35
#0000FF	0.08	0.09	5.05	7.45	35
#0000FF	0.09	0.1	5.05	7.45	35
#0000FF	0.1	0.11	5.05	7.45	35
#0000FF	0.11	0.12	5.05	7.45	35
#0000FF	0.12	0.13	5.05	7.45	35
#0000FF	0.13	0.14	5.05	7.45	35
#0000FF	0.14	0.15	5.05	7.45	35
#0000FF	0.15	0.16	5.05	7.45	35
#0000FF	0.16	0.17	5.05	7.45	35
#0000FF	0.17	0.18	5.05	7.45	35
#0000FF	0.18	0.19	5.05	7.45	35
#000000	0	0.01	0.05	2.45	36
#000000	0.01	0.02	0.05	2.45	36
#000000	0.02	0.03	0.05	2.45	36
#000000	0.03	0.04	0.05	2.45	36
#000000	0.04	0.05	0.05	2.45	36
#000000	0.05	0.06	0.05	2.45	36
#000000	0.06	0.07	0.05	2.45	36
#000000	0.07	0.08	0.05	2.45	36
#000000	0.08	0.09	0.05	2.45	36
#000000	0.09	0.1	0.05	2.45	36
#FF0000	0	0.01	2.55	4.95	36
#FF0000	0.01	0.02	2.55	4.95	36
#FF0000	0.02	0.03	2.55	4.95	36
#FF0000	0.03	0.04	2.55	4.95	36
#FF0000	0.04	0.05	2.55	4.95	36
#FF0000	0.05	0.06	2.55	4.95	36
#0000FF	0	0.01	5.05	7.45	36
#0000FF	0.01	0.02	5.05	7.45	36
#0000FF	0.02	0.03	5.05	7.45	36
#0000FF	0.03	0.04	5.05	7.45	36
#0000FF	0.04	0.05	5.05	7.45	36
#0000FF	0.05	0.06	5.05	7.45	36
#0000FF	0.06	0.07	5.05	7.45	36
#0000FF	0.07	0.08	5.05	7.45	36
#0000FF	0.08	0.09	5.05	7.45	36
#0000FF	0.09	0.1	5.05	7.45	36
#0000FF	0.1	0.11	5.05	7.45	36
#0000FF	0.11	0.12	5.05	7.45	36
#0000FF	0.12	0.13	5.05	7.45	36
#0000FF	0.13	0.14	5.05	7.45	36
#0000FF	0.14	0.15	5.05	7.45	36
#0000FF	0.15	0.16	5.05	7.45	36
#0000FF	0.16	0.17	5.05	7.45	36
#0000FF	0.17	0.18	5.05	7.45	36
#0000FF	0.18	0.19	5.05	7.45	36
#0000FF	0.19	0.2	5.05	7.45	36
#000000	0	0.01	0.05	2.45	37
#000000	0.01	0.02	0.05	2.45	37
#000000	0.02	0.03	0.05	2.45	37
#000000	0.03	0.04	0.05	2.45	37
#000000	0.04	0.05	0.05	2.45	37
#000000	0.05	0.06	0.05	2.45	37
#000000	0.06	0.07	0.05	2.45	37
#000000	0.07	0.08	0.05	2.45	37
#000000	0.08	0.09	0.05	2.45	37
#000000	0.09	0.1	0.05	2.45	37
#FF0000	0	0.01	2.55	4.95	37
#FF0000	0.01	0.02	2.55	4.95	37
#FF0000	0.02	0.03	2.55	4.95	37
#FF0000	0.03	0.04	2.55	4.95	37
#FF0000	0.04	0.05	2.55	4.95	37
#FF0000	0.05	0.06	2.55	4.95	37
#0000FF	0	0.01	5.05	7.45	37
#0000FF	0.01	0.02	5.05	7.45	37
#0000FF	0.02	0.03	5.05	7.45	37
#0000FF	0.03	0.04	5.05	7.45	37
#0000FF	0.04	0.05	5.05	7.45	37
#0000FF	0.05	0.06	5.05	7.45	37
#0000FF	0.06	0.07	5.05	7.45	37
#0000FF	0.07	0.08	5.05	7.45	37
#0000FF	0.08	0.09	5.05	7.45	37
#0000FF	0.09	0.1	5.05	7.45	37
#0000FF	0.1	0.11	5.05	7.45	37
#0000FF	0.11	0.12	5.05	7.45	37
#0000FF	0.12	0.13	5.05	7.45	37
#0000FF	0.13	0.14	5.05	7.45	37
#0000FF	0.14	0.15	5.05	7.45	37
#0000FF	0.15	0.16	5.05	7.45	37
#0000FF	0.16	0.17	5.05	7.45	37
#0000FF	0.17	0.18	5.05	7.45	37
#0000FF	0.18	0.19	5.05	7.45	37
#0000FF	0.19	0.2	5.05	7.45	37
#0000FF	0.2	0.21	5.05	7.45	37
#000000	0	0.01	0.05	2.45	38
#000000	0.01	0.02	0.05	2.45	38
#000000	0.02	0.03	0.05	2.45	38
#000000	0.03	0.04	0.05	2.45	38
#000000	0.04	0.05	0.05	2.45	38
#000000	0.05	0.06	0.05	2.45	38
#000000	0.06	0.07	0.05	2.45	38
#000000	0.07	0.08	0.05	2.45	38
#000000	0.08	0.09	0.05	2.45	38
#000000	0.09	0.1	0.05	2.45	38
#000000	0.1	0.11	0.05	2.45	38
#FF0000	0	0.01	2.55	4.95	38
#FF0000	0.01	0.02	2.55	4.95	38
#FF0000	0.02	0.03	2.55	4.95	38
#FF0000	0.03	0.04	2.55	4.95	38
#FF0000	0.04	0.05	2.55	4.95	38
#FF0000	0.05	0.06	2.55	4.95	38
#0000FF	0	0.01	5.05	7.45	38
#0000FF	0.01	0.02	5.05	7.45	38
#0000FF	0.02	0.03	5.05	7.45	38
#0000FF	0.03	0.04	5.05	7.45	38
#0000FF	0.04	0.05	5.05	7.45	38
#0000FF	0.05	0.06	5.05	7.45	38
#0000FF	0.06	0.07	5.05	7.45	38
#0000FF	0.07	0.08	5.05	7.45	38
#0000FF	0.08	0.09	5.05	7.45	38
#0000FF	0.09	0.1	5.05	7.45	38
#0000FF	0.1	0.11	5.05	7.45	38
#0000FF	0.11	0.12	5.05	7.45	38
#0000FF	0.12	0.13	5.05	7.45	38
#0000FF	0.13	0.14	5.05	7.45	38
#0000FF	0.14	0.15	5.05	7.45	38
#0000FF	0.15	0.16	5.05	7.45	38
#0000FF	0.16	0.17	5.05	7.45	38
#0000FF	0.17	0.18	5.05	7.45	38
#0000FF	0.18	0.19	5.05	7.45	38
#0000FF	0.19	0.2	5.05	7.45	38
#0000FF	0.2	0.21	5.05	7.45	38
#000000	0	0.01	0.05	2.45	39
#000000	0.01	0.02	0.05	2.45	39
#000000	0.02	0.03	0.05	2.45	39
#000000	0.03	0.04	0.05	2.45	39
#000000	0.04	0.05	0.05	2.45	39
#000000	0.05	0.06	0.05	2.45	39
#000000	0.06	0.07	0.05	2.45	39
#000000	0.07	0.08	0.05	2.45	39
#000000	0.08	0.09	0.05	2.45	39
#000000	0.09	0.1	0.05	2.45	39
#000000	0.1	0.11	0.05	2.45	39
#000000	0.11	0.12	0.05	2.45	39
#FF0000	0	0.01	2.55	4.95	39
#FF0000	0.01	0.02	2.55	4.95	39
#FF0000	0.02	0.03	2.55	4.95	39
#FF0000	0.03	0.04	2.55	4.95	39
#FF0000	0.04	0.05	2.55	4.95	39
#FF0000	0.05	0.06	2.55	4.95	39
#0000FF	0	0.01	5.05	7.45	39
#0000FF	0.01	0.02	5.05	7.45	39
#0000FF	0.02	0.03	5.05	7.45	39
#0000FF	0.03	0.04	5.05	7.45	39
#0000FF	0.04	0.05	5.05	7.45	39
#0000FF	0.05	0.06	5.05	7.45	39
#0000FF	0.06	0.07	5.05	7.45	39
#0000FF	0.07	0.08	5.05	7.45	39
#0000FF	0.08	0.09	5.05	7.45	39
#0000FF	0.09	0.1	5.05	7.45	39
#0000FF	0.1	0.11	5.05	7.45	39
#0000FF	0.11	0.12	5.05	7.45	39
#0000FF	0.12	0.13	5.05	7.45	39
#0000FF	0.13	0.14	5.05	7.45	39
#0000FF	0.14	0.15	5.05	7.45	39
#0000FF	0.15	0.16	5.05	7.45	39
#0000FF	0.16	0.17	5.05	7.45	39
#0000FF	0.17	0.18	5.05	7.45	39
#0000FF	0.18	0.19	5.05	7.45	39
#0000FF	0.19	0.2	5.05	7.45	39
#0000FF	0.2	0.21	5.05	7.45	39
#000000	0	0.01	0.05	2.45	40
#000000	0.01	0.02	0.05	2.45	40
#000000	0.02	0.03	0.05	2.45	40
#000000	0.03	0.04	0.05	2.45	40
#000000	0.04	0.05	0.05	2.45	40
#000000	0.05	0.06	0.05	2.45	40
#000000	0.06	0.07	0.05	2.45	40
#000000	0.07	0.08	0.05	2.45	40
#000000	0.08	0.09	0.05	2.45	40
#000000	0.09	0.1	0.05	2.45	40
#000000	0.1	0.11	0.05	2.45	40
#000000	0.11	0.12	0.05	2.45	40
#000000	0.12	0.13	0.05	2.45	40
#FF0000	0	0.01	2.55	4.95	40
#FF0000	0.01	0.02	2.55	4.95	40
#FF0000	0.02	0.03	2.55	4.95	40
#FF0000	0.03	0.04	2.55	4.95	40
#FF0000	0.04	0.05	2.55	4.95	40
#FF0000	0.05	0.06	2.55	4.95	40
#0000FF	0	0.01	5.05	7.45	40
#0000FF	0.01	0.02	5.05	7.45	40
#0000FF	0.02	0.03	5.05	7.45	40
#0000FF	0.03	0.04	5.05	7.45	40
#0000FF	0.04	0.05	5.05	7.45	40
#0000FF	0.05	0.06	5.05	7.45	40
#0000FF	0.06	0.07	5.05	7.45	40
#0000FF	0.07	0.08	5.05	7.45	40
#0000FF	0.08	0.09	5.05	7.45	40
#0000FF	0.09	0.1	5.05	7.45	40
#0000FF	0.1	0.11	5.05	7.45	40
#0000FF	0.11	0.12	5.05	7.45	40
#0000FF	0.12	0.13	5.05	7.45	40
#0000FF	0.13	0.14	5.05	7.45	40
#0000FF	0.14	0.15	5.05	7.45	40
#0000FF	0.15	0.16	5.05	7.45	40
#0000FF	0.16	0.17	5.05	7.45	40
#0000FF	0.17	0.18	5.05	7.45	40
#0000FF	0.18	0.19	5.05	7.45	40
#0000FF	0.19	0.2	5.05	7.45	40
#0000FF	0.2	0.21	5.05	7.45	40
#000000	0	0.01	0.05	2.45	41
#000000	0.01	0.02	0.05	2.45	41
#000000	0.02	0.03	0.05	2.45	41
#000000	0.03	0.04	0.05	2.45	41
#000000	0.04	0.05	0.05	2.45	41
#000000	0.05	0.06	0.05	2.45	41
#000000	0.06	0.07	0.05	2.45	41
#000000	0.07	0.08	0.05	2.45	41
#000000	0.08	0.09	0.05	2.45	41
#000000	0.09	0.1	0.05	2.45	41
#000000	0.1	0.11	0.05	2.45	41
#000000	0.11	0.12	0.05	2.45	41
#000000	0.12	0.13	0.05	2.45	41
#000000	0.13	0.14	0.05	2.45	41
#FF0000	0	0.01	2.55	4.95	41
#FF0000	0.01	0.02	2.55	4.95	41
#FF0000	0.02	0.03	2.55	4.95	41
#FF0000	0.03	0.04	2.55	4.95	41
#FF0000	0.04	0.05	2.55	4.95	41
#FF0000	0.05	0.06	2.55	4.95	41
#0000FF	0	0.01	5.05	7.45	41
#0000FF	0.01	0.02	5.05	7.45	41
#0000FF	0.02	0.03	5.05	7.45	41
#0000FF	0.03	0.04	5.05	7.45	41
#0000FF	0.04	0.05	5.05	7.45	41
#0000FF	0.05	0.06	5.05	7.45	41
#0000FF	0.06	0.07	5.05	7.45	41
#0000FF	0.07	0.08	5.05	7.45	41
#0000FF	0.08	0.09	5.05	7.45	41
#0000FF	0.09	0.1	5.05	7.45	41
#0000FF	0.1	0.11	5.05	7.45	41
#0000FF	0.11	0.12	5.05	7.45	41
#0000FF	0.12	0.13	5.05	7.45	41
#0000FF	0.13	0.14	5.05	7.45	41
#0000FF	0.14	0.15	5.05	7.45	41
#0000FF	0.15	0.16	5.05	7.45	41
#0000FF	0.16	0.17	5.05	7.45	41
#0000FF	0.17	0.18	5.05	7.45	41
#0000FF	0.18	0.19	5.05	7.45	41
#0000FF	0.19	0.2	5.05	7.45	41
#0000FF	0.2	0.21	5.05	7.45	41
#000000	0	0.01	0.05	2.45	42
#000000	0.01	0.02	0.05	2.45	42
#000000	0.02	0.03	0.05	2.45	42
#000000	0.03	0.04	0.05	2.45	42
#000000	0.04	0.05	0.05	2.45	42
#000000	0.05	0.06	0.05	2.45	42
#000000	0.06	0.07	0.05	2.45	42
#000000	0.07	0.08	0.05	2.45	42
#000000	0.08	0.09	0.05	2.45	42
#000000	0.09	0.1	0.05	2.45	42
#000000	0.1	0.11	0.05	2.45	42
#000000	0.11	0.12	0.05	2.45	42
#000000	0.12	0.13	0.05	2.45	42
#000000	0.13	0.14	0.05	2.45	42
#000000	0.14	0.15	0.05	2.45	42
#FF0000	0	0.01	2.55	4.95	42
#FF0000	0.01	0.02	2.55	4.95	42
#FF0000	0.02	0.03	2.55	4.95	42
#FF0000	0.03	0.04	2.55	4.95	42
#FF0000	0.04	0.05	2.55	4.95	42
#FF0000	0.05	0.06	2.55	4.95	42
#0000FF	0	0.01	5.05	7.45	42
#0000FF	0.01	0.02	5.05	7.45	42
#0000FF	0.02	0.03	5.05	7.45	42
#0000FF	0.03	0.04	5.05	7.45	42
#0000FF	0.04	0.05	5.05	7.45	42
#0000FF	0.05	0.06	5.05	7.45	42
#0000FF	0.06	0.07	5.05	7.45	42
#0000FF	0.07	0.08	5.05	7.45	42
#0000FF	0.08	0.09	5.05	7.45	42
#0000FF	0.09	0.1	5.05	7.45	42
#0000FF	0.1	0.11	5.05	7.45	42
#0000FF	0.11	0.12	5.05	7.45	42
#0000FF	0.12	0.13	5.05	7.45	42
#0000FF	0.13	0.14	5.05	7.45	42
#0000FF	0.14	0.15	5.05	7.45	42
#0000FF	0.15	0.16	5.05	7.45	42
#0000FF	0.16	0.17	5.05	7.45	42
#0000FF	0.17	0.18	5.05	7.45	42
#0000FF	0.18	0.19	5.05	7.45	42
#0000FF	0.19	0.2	5.05	7.45	42
#0000FF	0.2	0.21	5.05	7.45	42
#000000	0	0.01	0.05	2.45	43
#000000	0.01	0.02	0.05	2.45	43
#000000	0.02	0.03	0.05	2.45	43
#000000	0.03	0.04	0.05	2.45	43
#000000	0.04	0.05	0.05	2.45	43
#000000	0.05	0.06	0.05	2.45	43
#000000	0.06	0.07	0.05	2.45	43
#000000	0.07	0.08	0.05	2.45	43
#000000	0.08	0.09	0.05	2.45	43
#000000	0.09	0.1	0.05	2.45	43
#000000	0.1	0.11	0.05	2.45	43
#000000	0.11	0.12	0.05	2.45	43
#000000	0.12	0.13	0.05	2.45	43
#000000	0.13	0.14	0.05	2.45	43
#000000	0.14	0.15	0.05	2.45	43
#000000	0.15	0.16	0.05	2.45	43
#FF0000	0	0.01	2.55	4.95	43
#FF0000	0.01	0.02	2.55	4.95	43
#FF0000	0.02	0.03	2.55	4.95	43
#FF0000	0.03	0.04	2.55	4.95	43
#FF0000	0.04	0.05	2.55	4.95	43
#FF0000	0.05	0.06	2.55	4.95	43
#0000FF	0	0.01	5.05	7.45	43
#0000FF	0.01	0.02	5.05	7.45	43
#0000FF	0.02	0.03	5.05	7.45	43
#0000FF	0.03	0.04	5.05	7.45	43
#0000FF	0.04	0.05	5.05	7.45	43
#0000FF	0.05	0.06	5.05	7.45	43
#0000FF	0.06	0.07	5.05	7.45	43
#0000FF	0.07	0.08	5.05	7.45	43
#0000FF	0.08	0.09	5.05	7.45	43
#0000FF	0.09	0.1	5.05	7.45	43
#0000FF	0.1	0.11	5.05	7.45	43
#0000FF	0.11	0.12	5.05	7.45	43
#0000FF	0.12	0.13	5.05	7.45	43
#0000FF	0.13	0.14	5.05	7.45	43
#0000FF	0.14	0.15	5.05	7.45	43
#0000FF	0.15	0.16	5.05	7.45	43
#0000FF	0.16	0.17	5.05	7.45	43
#0000FF	0.17	0.18	5.05	7.45	43
#0000FF	0.18	0.19	5.05	7.45	43
#0000FF	0.19	0.2	5.05	7.45	43
#0000FF	0.2	0.21	5.05	7.45	43
#000000	0	0.01	0.05	2.45	44
#000000	0.01	0.02	0.05	2.45	44
#000000	0.02	0.03	0.05	2.45	44
#000000	0.03	0.04	0.05	2.45	44
#000000	0.04	0.05	0.05	2.45	44
#000000	0.05	0.06	0.05	2.45	44
#000000	0.06	0.07	0.05	2.45	44
#000000	0.07	0.08	0.05	2.45	44
#000000	0.08	0.09	0.05	2.45	44
#000000	0.09	0.1	0.05	2.45	44
#000000	0.1	0.11	0.05	2.45	44
#000000	0.11	0.12	0.05	2.45	44
#000000	0.12	0.13	0.05	2.45	44
#000000	0.13	0.14	0.05	2.45	44
#000000	0.14	0.15	0.05	2.45	44
#000000	0.15	0.16	0.05	2.45	44
#000000	0.16	0.17	0.05	2.45	44
#FF0000	0	0.01	2.55	4.95	44
#FF0000	0.01	0.02	2.55	4.95	44
#FF0000	0.02	0.03	2.55	4.95	44
#FF0000	0.03	0.04	2.55	4.95	44
#FF0000	0.04	0.05	2.55	4.95	44
#FF0000	0.05	0.06	2.55	4.95	44
#0000FF	0	0.01	5.05	7.45	44
#0000FF	0.01	0.02	5.05	7.45	44
#0000FF	0.02	0.03	5.05	7.45	44
#0000FF	0.03	0.04	5.05	7.45	44
#0000FF	0.04	0.05	5.05	7.45	44
#0000FF	0.05	0.06	5.05	7.45	44
#0000FF	0.06	0.07	5.05	7.45	44
#0000FF	0.07	0.08	5.05	7.45	44
#0000FF	0.08	0.09	5.05	7.45	44
#0000FF	0.09	0.1	5.05	7.45	44
#0000FF	0.1	0.11	5.05	7.45	44
#0000FF	0.11	0.12	5.05	7.45	44
#0000FF	0.12	0.13	5.05	7.45	44
#0000FF	0.13	0.14	5.05	7.45	44
#0000FF	0.14	0.15	5.05	7.45	44
#0000FF	0.15	0.16	5.05	7.45	44
#0000FF	0.16	0.17	5.05	7.45	44
#0000FF	0.17	0.18	5.05	7.45	44
#0000FF	0.18	0.19	5.05	7.45	44
#0000FF	0.19	0.2	5.05	7.45	44
#0000FF	0.2	0.21	5.05	7.45	44
#000000	0	0.01	0.05	2.45	45
#000000	0.01	0.02	0.05	2.45	45
#000000	0.02	0.03	0.05	2.45	45
#000000	0.03	0.04	0.05	2.45	45
#000000	0.04	0.05	0.05	2.45	45
#000000	0.05	0.06	0.05	2.45	45
#000000	0.06	0.07	0.05	2.45	45
#000000	0.07	0.08	0.05	2.45	45
#000000	0.08	0.09	0.05	2.45	45
#000000	0.09	0.1	0.05	2.45	45
#000000	0.1	0.11	0.05	2.45	45
#000000	0.11	0.12	0.05	2.45	45
#000000	0.12	0.13	0.05	2.45	45
#000000	0.13	0.14	0.05	2.45	45
#000000	0.14	0.15	0.05	2.45	45
#000000	0.15	0.16	0.05	2.45	45
#000000	0.16	0.17	0.05	2.45	45
#000000	0.17	0.18	0.05	2.45	45
#FF0000	0	0.01	2.55	4.95	45
#FF0000	0.01	0.02	2.55	4.95	45
#FF0000	0.02	0.03	2.55	4.95	45
#FF0000	0.03	0.04	2.55	4.95	45
#FF0000	0.04	0.05	2.55	4.95	45
#FF0000	0.05	0.06	2.55	4.95	45
#0000FF	0	0.01	5.05	7.45	45
#0000FF	0.01	0.02	5.05	7.45	45
#0000FF	0.02	0.03	5.05	7.45	45
#0000FF	0.03	0.04	5.05	7.45	45
#0000FF	0.04	0.05	5.05	7.45	45
#0000FF	0.05	0.06	5.05	7.45	45
#0000FF	0.06	0.07	5.05	7.45	45
#0000FF	0.07	0.08	5.05	7.45	45
#0000FF	0.08	0.09	5.05	7.45	45
#0000FF	0.09	0.1	5.05	7.45	45
#0000FF	0.1	0.11	5.05	7.45	45
#0000FF	0.11	0.12	5.05	7.45	45
#0000FF	0.12	0.13	5.05	7.45	45
#0000FF	0.13	0.14	5.05	7.45	45
#0000FF	0.14	0.15	5.05	7.45	45
#0000FF	0.15	0.16	5.05	7.45	45
#0000FF	0.16	0.17	5.05	7.45	45
#0000FF	0.17	0.18	5.05	7.45	45
#0000FF	0.18	0.19	5.05	7.45	45
#0000FF	0.19	0.2	5.05	7.45	45
#0000FF	0.2	0.21	5.05	7.45	45
#000000	0	0.01	0.05	2.45	46
#000000	0.01	0.02	0.05	2.45	46
#000000	0.02	0.03	0.05	2.45	46
#000000	0.03	0.04	0.05	2.45	46
#000000	0.04	0.05	0.05	2.45	46
#000000	0.05	0.06	0.05	2.45	46
#000000	0.06	0.07	0.05	2.45	46
#000000	0.07	0.08	0.05	2.45	46
#000000	0.08	0.09	0.05	2.45	46
#000000	0.09	0.1	0.05	2.45	46
#000000	0.1	0.11	0.05	2.45	46
#000000	0.11	0.12	0.05	2.45	46
#000000	0.12	0.13	0.05	2.45	46
#000000	0.13	0.14	0.05	2.45	46
#000000	0.14	0.15	0.05	2.45	46
#000000	0.15	0.16	0.05	2.45	46
#000000	0.16	0.17	0.05	2.45	46
#000000	0.17	0.18	0.05	2.45	46
#000000	0.18	0.19	0.05	2.45	46
#FF0000	0	0.01	2.55	4.95	46
#FF0000	0.01	0.02	2.55	4.95	46
#FF0000	0.02	0.03	2.55	4.95	46
#FF0000	0.03	0.04	2.55	4.95	46
#FF0000	0.04	0.05	2.55	4.95	46
#FF0000	0.05	0.06	2.55	4.95	46
#0000FF	0	0.01	5.05	7.45	46
#0000FF	0.01	0.02	5.05	7.45	46
#0000FF	0.02	0.03	5.05	7.45	46
#0000FF	0.03	0.04	5.05	7.45	46
#0000FF	0.04	0.05	5.05	7.45	46
#0000FF	0.05	0.06	5.05	7.45	46
#0000FF	0.06	0.07	5.05	7.45	46
#0000FF	0.07	0.08	5.05	7.45	46
#0000FF	0.08	0.09	5.05	7.45	46
#0000FF	0.09	0.1	5.05	7.45	46
#0000FF	0.1	0.11	5.05	7.45	46
#0000FF	0.11	0.12	5.05	7.45	46
#0000FF	0.12	0.13	5.05	7.45	46
#0000FF	0.13	0.14	5.05	7.45	46
#0000FF	0.14	0.15	5.05	7.45	46
#0000FF	0.15	0.16	5.05	7.45	46
#0000FF	0.16	0.17	5.05	7.45	46
#0000FF	0.17	0.18	5.05	7.45	46
#0000FF	0.18	0.19	5.05	7.45	46
#0000FF	0.19	0.2	5.05	7.45	46
#0000FF	0.2	0.21	5.05	7.45	46
#000000	0	0.01	0.05	2.45	47
#000000	0.01	0.02	0.05	2.45	47
#000000	0.02	0.03	0.05	2.45	47
#000000	0.03	0.04	0.05	2.45	47
#000000	0.04	0.05	0.05	2.45	47
#000000	0.05	0.06	0.05	2.45	47
#000000	0.06	0.07	0.05	2.45	47
#000000	0.07	0.08	0.05	2.45	47
#000000	0.08	0.09	0.05	2.45	47
#000000	0.09	0.1	0.05	2.45	47
#000000	0.1	0.11	0.05	2.45	47
#000000	0.11	0.12	0.05	2.45	47
#000000	0.12	0.13	0.05	2.45	47
#000000	0.13	0.14	0.05	2.45	47
#000000	0.14	0.15	0.05	2.45	47
#000000	0.15	0.16	0.05	2.45	47
#000000	0.16	0.17	0.05	2.45	47
#000000	0.17	0.18	0.05	2.45	47
#000000	0.18	0.19	0.05	2.45	47
#000000	0.19	0.2	0.05	2.45	47
#FF0000	0	0.01	2.55	4.95	47
#FF0000	0.01	0.02	2.55	4.95	47
#FF0000	0.02	0.03	2.55	4.95	47
#FF0000	0.03	0.04	2.55	4.95	47
#FF0000	0.04	0.05	2.55	4.95	47
#FF0000	0.05	0.06	2.55	4.95	47
#0000FF	0	0.01	5.05	7.45	47
#0000FF	0.01	0.02	5.05	7.45	47
#0000FF	0.02	0.03	5.05	7.45	47
#0000FF	0.03	0.04	5.05	7.45	47
#0000FF	0.04	0.05	5.05	7.45	47
#0000FF	0.05	0.06	5.05	7.45	47
#0000FF	0.06	0.07	5.05	7.45	47
#0000FF	0.07	0.08	5.05	7.45	47
#0000FF	0.08	0.09	5.05	7.45	47
#0000FF	0.09	0.1	5.05	7.45	47
#0000FF	0.1	0.11	5.05	7.45	47
#0000FF	0.11	0.12	5.05	7.45	47
#0000FF	0.12	0.13	5.05	7.45	47
#0000FF	0.13	0.14	5.05	7.45	47
#0000FF	0.14	0.15	5.05	7.45	47
#0000FF	0.15	0.16	5.05	7.45	47
#0000FF	0.16	0.17	5.05	7.45	47
#0000FF	0.17	0.18	5.05	7.45	47
#0000FF	0.18	0.19	5.05	7.45	47
#0000FF	0.19	0.2	5.05	7.45	47
#0000FF	0.2	0.21	5.05	7.45	47
#000000	0	0.01	0.05	2.45	48
#000000	0.01	0.02	0.05	2.45	48
#000000	0.02	0.03	0.05	2.45	48
#000000	0.03	0.04	0.05	2.45	48
#000000	0.04	0.05	0.05	2.45	48
#000000	0.05	0.06	0.05	2.45	48
#000000	0.06	0.07	0.05	2.45	48
#000000	0.07	0.08	0.05	2.45	48
#000000	0.08	0.09	0.05	2.45	48
#000000	0.09	0.1	0.05	2.45	48
#000000	0.1	0.11	0.05	2.45	48
#000000	0.11	0.12	0.05	2.45	48
#000000	0.12	0.13	0.05	2.45	48
#000000	0.13	0.14	0.05	2.45	48
#000000	0.14	0.15	0.05	2.45	48
#000000	0.15	0.16	0.05	2.45	48
#000000	0.16	0.17	0.05	2.45	48
#000000	0.17	0.18	0.05	2.45	48
#000000	0.18	0.19	0.05	2.45	48
#000000	0.19	0.2	0.05	2.45	48
#FF0000	0	0.01	2.55	4.95	48
#FF0000	0.01	0.02	2.55	4.95	48
#FF0000	0.02	0.03	2.55	4.95	48
#FF0000	0.03	0.04	2.55	4.95	48
#FF0000	0.04	0.05	2.55	4.95	48
#FF0000	0.05	0.06	2.55	4.95	48
#0000FF	0	0.01	5.05	7.45	48
#0000FF	0.01	0.02	5.05	7.45	48
#0000FF	0.02	0.03	5.05	7.45	48
#0000FF	0.03	0.04	5.05	7.45	48
#0000FF	0.04	0.05	5.05	7.45	48
#0000FF	0.05	0.06	5.05	7.45	48
#0000FF	0.06	0.07	5.05	7.45	48
#0000FF	0.07	0.08	5.05	7.45	48
#0000FF	0.08	0.09	5.05	7.45	48
#0000FF	0.09	0.1	5.05	7.45	48
#0000FF	0.1	0.11	5.05	7.45	48
#0000FF	0.11	0.12	5.05	7.45	48
#0000FF	0.12	0.13	5.05	7.45	48
#0000FF	0.13	0.14	5.05	7.45	48
#0000FF	0.14	0.15	5.05	7.45	48
#0000FF	0.15	0.16	5.05	7.45	48
#0000FF	0.16	0.17	5.05	7.45	48
#0000FF	0.17	0.18	5.05	7.45	48
#0000FF	0.18	0.19	5.05	7.45	48
#0000FF	0.19	0.2	5.05	7.45	48
#0000FF	0.2	0.21	5.05	7.45	48
#0000FF	0.21	0.22	5.05	7.45	48
#000000	0	0.01	0.05	2.45	49
#000000	0.01	0.02	0.05	2.45	49
#000000	0.02	0.03	0.05	2.45	49
#000000	0.03	0.04	0.05	2.45	49
#000000	0.04	0.05	0.05	2.45	49
#000000	0.05	0.06	0.05	2.45	49
#000000	0.06	0.07	0.05	2.45	49
#000000	0.07	0.08	0.05	2.45	49
#000000	0.08	0.09	0.05	2.45	49
#000000	0.09	0.1	0.05	2.45	49
#000000	0.1	0.11	0.05	2.45	49
#000000	0.11	0.12	0.05	2.45	49
#000000	0.12	0.13	0.05	2.45	49
#000000	0.13	0.14	0.05	2.45	49
#000000	0.14	0.15	0.05	2.45	49
#000000	0.15	0.16	0.05	2.45	49
#000000	0.16	0.17	0.05	2.45	49
#000000	0.17	0.18	0.05	2.45	49
#000000	0.18	0.19	0.05	2.45	49
#000000	0.19	0.2	0.05	2.45	49
#000000	0.2	0.21	0.05	2.45	49
#FF0000	0	0.01	2.55	4.95	49
#FF0000	0.01	0.02	2.55	4.95	49
#FF0000	0.02	0.03	2.55	4.95	49
#FF0000	0.03	0.04	2.55	4.95	49
#FF0000	0.04	0.05	2.55	4.95	49
#FF0000	0.05	0.06	2.55	4.95	49
#0000FF	0	0.01	5.05	7.45	49
#0000FF	0.01	0.02	5.05	7.45	49
#0000FF	0.02	0.03	5.05	7.45	49
#0000FF	0.03	0.04	5.05	7.45	49
#0000FF	0.04	0.05	5.05	7.45	49
#0000FF	0.05	0.06	5.05	7.45	49
#0000FF	0.06	0.07	5.05	7.45	49
#0000FF	0.07	0.08	5.05	7.45	49
#0000FF	0.08	0.09	5.05	7.45	49
#0000FF	0.09	0.1	5.05	7.45	49
#0000FF	0.1	0.11	5.05	7.45	49
#0000FF	0.11	0.12	5.05	7.45	49
#0000FF	0.12	0.13	5.05	7.45	49
#0000FF	0.13	0.14	5.05	7.45	49
#0000FF	0.14	0.15	5.05	7.45	49
#0000FF	0.15	0.16	5.05	7.45	49
#0000FF	0.16	0.17	5.05	7.45	49
#0000FF	0.17	0.18	5.05	7.45	49
#0000FF	0.18	0.19	5.05	7.45	49
#0000FF	0.19	0.2	5.05	7.45	49
#0000FF	0.2	0.21	5.05	7.45	49
#0000FF	0.21	0.22	5.05	7.45	49
#000000	0	0.01	0.05	2.45	50
#000000	0.01	0.02	0.05	2.45	50
#000000	0.02	0.03	0.05	2.45	50
#000000	0.03	0.04	0.05	2.45	50
#000000	0.04	0.05	0.05	2.45	50
#000000	0.05	0.06	0.05	2.45	50
#000000	0.06	0.07	0.05	2.45	50
#000000	0.07	0.08	0.05	2.45	50
#000000	0.08	0.09	0.05	2.45	50
#000000	0.09	0.1	0.05	2.45	50
#000000	0.1	0.11	0.05	2.45	50
#000000	0.11	0.12	0.05	2.45	50
#000000	0.12	0.13	0.05	2.45	50
#000000	0.13	0.14	0.05	2.45	50
#000000	0.14	0.15	0.05	2.45	50
#000000	0.15	0.16	0.05	2.45	50
#000000	0.16	0.17	0.05	2.45	50
#000000	0.17	0.18	0.05	2.45	50
#000000	0.18	0.19	0.05	2.45	50
#000000	0.19	0.2	0.05	2.45	50
#000000	0.2	0.21	0.05	2.45	50
#FF0000	0	0.01	2.55	4.95	50
#FF0000	0.01	0.02	2.55	4.95	50
#FF0000	0.02	0.03	2.55	4.95	50
#FF0000	0.03	0.04	2.55	4.95	50
#FF0000	0.04	0.05	2.55	4.95	50
#FF0000	0.05	0.06	2.55	4.95	50
#0000FF	0	0.01	5.05	7.45	50
#0000FF	0.01	0.02	5.05	7.45	50
#0000FF	0.02	0.03	5.05	7.45	50
#0000FF	0.03	0.04	5.05	7.45	50
#0000FF	0.04	0.05	5.05	7.45	50
#0000FF	0.05	0.06	5.05	7.45	50
#0000FF	0.06	0.07	5.05	7.45	50
#0000FF	0.07	0.08	5.05	7.45	50
#0000FF	0.08	0.09	5.05	7.45	50
#0000FF	0.09	0.1	5.05	7.45	50
#0000FF	0.1	0.11	5.05	7.45	50
#0000FF	0.11	0.12	5.05	7.45	50
#0000FF	0.12	0.13	5.05	7.45	50
#0000FF	0.13	0.14	5.05	7.45	50
#0000FF	0.14	0.15	5.05	7.45	50
#0000FF	0.15	0.16	5.05	7.45	50
#0000FF	0.16	0.17	5.05	7.45	50
#0000FF	0.17	0.18	5.05	7.45	50
#0000FF	0.18	0.19	5.05	7.45	50
#0000FF	0.19	0.2	5.05	7.45	50
#0000FF	0.2	0.21	5.05	7.45	50
#0000FF	0.21	0.22	5.05	7.45	50
#0000FF	0.22	0.23	5.05	7.45	50
#000000	0	0.01	0.05	2.45	51
#000000	0.01	0.02	0.05	2.45	51
#000000	0.02	0.03	0.05	2.45	51
#000000	0.03	0.04	0.05	2.45	51
#000000	0.04	0.05	0.05	2.45	51
#000000	0.05	0.06	0.05	2.45	51
#000000	0.06	0.07	0.05	2.45	51
#000000	0.07	0.08	0.05	2.45	51
#000000	0.08	0.09	0.05	2.45	51
#000000	0.09	0.1	0.05	2.45	51
#000000	0.1	0.11	0.05	2.45	51
#000000	0.11	0.12	0.05	2.45	51
#000000	0.12	0.13	0.05	2.45	51
#000000	0.13	0.14	0.05	2.45	51
#000000	0.14	0.15	0.05	2.45	51
#000000	0.15	0.16	0.05	2.45	51
#000000	0.16	0.17	0.05	2.45	51
#000000	0.17	0.18	0.05	2.45	51
#000000	0.18	0.19	0.05	2.45	51
#000000	0.19	0.2	0.05	2.45	51
#000000	0.2	0.21	0.05	2.45	51
#000000	0.21	0.22	0.05	2.45	51
#FF0000	0	0.01	2.55	4.95	51
#FF0000	0.01	0.02	2.55	4.95	51
#FF0000	0.02	0.03	2.55	4.95	51
#FF0000	0.03	0.04	2.55	4.95	51
#FF0000	0.04	0.05	2.55	4.95	51
#FF0000	0.05	0.06	2.55	4.95	51
#0000FF	0	0.01	5.05	7.45	51
#0000FF	0.01	0.02	5.05	7.45	51
#0000FF	0.02	0.03	5.05	7.45	51
#0000FF	0.03	0.04	5.05	7.45	51
#0000FF	0.04	0.05	5.05	7.45	51
#0000FF	0.05	0.06	5.05	7.45	51
#0000FF	0.06	0.07	5.05	7.45	51
#0000FF	0.07	0.08	5.05	7.45	51
#0000FF	0.08	0.09	5.05	7.45	51
#0000FF	0.09	0.1	5.05	7.45	51
#0000FF	0.1	0.11	5.05	7.45	51
#0000FF	0.11	0.12	5.05	7.45	51
#0000FF	0.12	0.13	5.05	7.45	51
#0000FF	0.13	0.14	5.05	7.45	51
#0000FF	0.14	0.15	5.05	7.45	51
#0000FF	0.15	0.16	5.05	7.45	51
#0000FF	0.16	0.17	5.05	7.45	51
#0000FF	0.17	0.18	5.05	7.45	51
#0000FF	0.18	0.19	5.05	7.45	51
#0000FF	0.19	0.2	5.05	7.45	51
#0000FF	0.2	0.21	5.05	7.45	51
#0000FF	0.21	0.22	5.05	7.45	51
#0000FF	0.22	0.23	5.05	7.45	51
#000000	0	0.01	0.05	2.45	52
#000000	0.01	0.02	0.05	2.45	52
#000000	0.02	0.03	0.05	2.45	52
#000000	0.03	0.04	0.05	2.45	52
#000000	0.04	0.05	0.05	2.45	52
#000000	0.05	0.06	0.05	2.45	52
#000000	0.06	0.07	0.05	2.45	52
#000000	0.07	0.08	0.05	2.45	52
#000000	0.08	0.09	0.05	2.45	52
#000000	0.09	0.1	0.05	2.45	52
#000000	0.1	0.11	0.05	2.45	52
#000000	0.11	0.12	0.05	2.45	52
#000000	0.12	0.13	0.05	2.45	52
#000000	0.13	0.14	0.05	2.45	52
#000000	0.14	0.15	0.05	2.45	52
#000000	0.15	0.16	0.05	2.45	52
#000000	0.16	0.17	0.05	2.45	52
#000000	0.17	0.18	0.05	2.45	52
#000000	0.18	0.19	0.05	2.45	52
#000000	0.19	0.2	0.05	2.45	52
#000000	0.2	0.21	0.05	2.45	52
#000000	0.21	0.22	0.05	2.45	52
#000000	0.22	0.23	0.05	2.45	52
#FF0000	0	0.01	2.55	4.95	52
#FF0000	0.01	0.02	2.55	4.95	52
#FF0000	0.02	0.03	2.55	4.95	52
#FF0000	0.03	0.04	2.55	4.95	52
#FF0000	0.04	0.05	2.55	4.95	52
#FF0000	0.05	0.06	2.55	4.95	52
#0000FF	0	0.01	5.05	7.45	52
#0000FF	0.01	0.02	5.05	7.45	52
#0000FF	0.02	0.03	5.05	7.45	52
#0000FF	0.03	0.04	5.05	7.45	52
#0000FF	0.04	0.05	5.05	7.45	52
#0000FF	0.05	0.06	5.05	7.45	52
#0000FF	0.06	0.07	5.05	7.45	52
#0000FF	0.07	0.08	5.05	7.45	52
#0000FF	0.08	0.09	5.05	7.45	52
#0000FF	0.09	0.1	5.05	7.45	52
#0000FF	0.1	0.11	5.05	7.45	52
#0000FF	0.11	0.12	5.05	7.45	52
#0000FF	0.12	0.13	5.05	7.45	52
#0000FF	0.13	0.14	5.05	7.45	52
#0000FF	0.14	0.15	5.05	7.45	52
#0000FF	0.15	0.16	5.05	7.45	52
#0000FF	0.16	0.17	5.05	7.45	52
#0000FF	0.17	0.18	5.05	7.45	52
#0000FF	0.18	0.19	5.05	7.45	52
#0000FF	0.19	0.2	5.05	7.45	52
#0000FF	0.2	0.21	5.05	7.45	52
#0000FF	0.21	0.22	5.05	7.45	52
#0000FF	0.22	0.23	5.05	7.45	52
#000000	0	0.01	0.05	2.45	53
#000000	0.01	0.02	0.05	2.45	53
#000000	0.02	0.03	0.05	2.45	53
#000000	0.03	0.04	0.05	2.45	53
#000000	0.04	0.05	0.05	2.45	53
#000000	0.05	0.06	0.05	2.45	53
#000000	0.06	0.07	0.05	2.45	53
#000000	0.07	0.08	0.05	2.45	53
#000000	0.08	0.09	0.05	2.45	53
#000000	0.09	0.1	0.05	2.45	53
#000000	0.1	0.11	0.05	2.45	53
#000000	0.11	0.12	0.05	2.45	53
#000000	0.12	0.13	0.05	2.45	53
#000000	0.13	0.14	0.05	2.45	53
#000000	0.14	0.15	0.05	2.45	53
#000000	0.15	0.16	0.05	2.45	53
#000000	0.16	0.17	0.05	2.45	53
#000000	0.17	0.18	0.05	2.45	53
#000000	0.18	0.19	0.05	2.45	53
#000000	0.19	0.2	0.05	2.45	53
#000000	0.2	0.21	0.05	2.45	53
#000000	0.21	0.22	0.05	2.45	53
#000000	0.22	0.23	0.05	2.45	53
#FF0000	0	0.01	2.55	4.95	53
#FF0000	0.01	0.02	2.55	4.95	53
#FF0000	0.02	0.03	2.55	4.95	53
#FF0000	0.03	0.04	2.55	4.95	53
#FF0000	0.04	0.05	2.55	4.95	53
#FF0000	0.05	0.06	2.55	4.95	53
#0000FF	0	0.01	5.05	7.45	53
#0000FF	0.01	0.02	5.05	7.45	53
#0000FF	0.02	0.03	5.05	7.45	53
#0000FF	0.03	0.04	5.05	7.45	53
#0000FF	0.04	0.05	5.05	7.45	53
#0000FF	0.05	0.06	5.05	7.45	53
#0000FF	0.06	0.07	5.05	7.45	53
#0000FF	0.07	0.08	5.05	7.45	53
#0000FF	0.08	0.09	5.05	7.45	53
#0000FF	0.09	0.1	5.05	7.45	53
#0000FF	0.1	0.11	5.05	7.45	53
#0000FF	0.11	0.12	5.05	7.45	53
#0000FF	0.12	0.13	5.05	7.45	53
#0000FF	0.13	0.14	5.05	7.45	53
#0000FF	0.14	0.15	5.05	7.45	53
#0000FF	0.15	0.16	5.05	7.45	53
#0000FF	0.16	0.17	5.05	7.45	53
#0000FF	0.17	0.18	5.05	7.45	53
#0000FF	0.18	0.19	5.05	7.45	53
#0000FF	0.19	0.2	5.05	7.45	53
#0000FF	0.2	0.21	5.05	7.45	53
#0000FF	0.21	0.22	5.05	7.45	53
#0000FF	0.22	0.23	5.05	7.45	53
#0000FF	0.23	0.24	5.05	7.45	53
#000000	0	0.01	0.05	2.45	54
#000000	0.01	0.02	0.05	2.45	54
#000000	0.02	0.03	0.05	2.45	54
#000000	0.03	0.04	0.05	2.45	54
#000000	0.04	0.05	0.05	2.45	54
#000000	0.05	0.06	0.05	2.45	54
#000000	0.06	0.07	0.05	2.45	54
#000000	0.07	0.08	0.05	2.45	54
#000000	0.08	0.09	0.05	2.45	54
#000000	0.09	0.1	0.05	2.45	54
#000000	0.1	0.11	0.05	2.45	54
#000000	0.11	0.12	0.05	2.45	54
#000000	0.12	0.13	0.05	2.45	54
#000000	0.13	0.14	0.05	2.45	54
#000000	0.14	0.15	0.05	2.45	54
#000000	0.15	0.16	0.05	2.45	54
#000000	0.16	0.17	0.05	2.45	54
#000000	0.17	0.18	0.05	2.45	54
#000000	0.18	0.19	0.05	2.45	54
#000000	0.19	0.2	0.05	2.45	54
#000000	0.2	0.21	0.05	2.45	54
#000000	0.21	0.22	0.05	2.45	54
#000000	0.22	0.23	0.05	2.45	54
#000000	0.23	0.24	0.05	2.45	54
#FF0000	0	0.01	2.55	4.95	54
#FF0000	0.01	0.02	2.55	4.95	54
#FF0000	0.02	0.03	2.55	4.95	54
#FF0000	0.03	0.04	2.55	4.95	54
#FF0000	0.04	0.05	2.55	4.95	54
#FF0000	0.05	0.06	2.55	4.95	54
#0000FF	0	0.01	5.05	7.45	54
#0000FF	0.01	0.02	5.05	7.45	54
#0000FF	0.02	0.03	5.05	7.45	54
#0000FF	0.03	0.04	5.05	7.45	54
#0000FF	0.04	0.05	5.05	7.45	54
#0000FF	0.05	0.06	5.05	7.45	54
#0000FF	0.06	0.07	5.05	7.45	54
#0000FF	0.07	0.08	5.05	7.45	54
#0000FF	0.08	0.09	5.05	7.45	54
#0000FF	0.09	0.1	5.05	7.45	54
#0000FF	0.1	0.11	5.05	7.45	54
#0000FF	0.11	0.12	5.05	7.45	54
#0000FF	0.12	0.13	5.05	7.45	54
#0000FF	0.13	0.14	5.05	7.45	54
#0000FF	0.14	0.15	5.05	7.45	54
#0000FF	0.15	0.16	5.05	7.45	54
#0000FF	0.16	0.17	5.05	7.45	54
#0000FF	0.17	0.18	5.05	7.45	54
#0000FF	0.18	0.19	5.05	7.45	54
#0000FF	0.19	0.2	5.05	7.45	54
#0000FF	0.2	0.21	5.05	7.45	54
#0000FF	0.21	0.22	5.05	7.45	54
#0000FF	0.22	0.23	5.05	7.45	54
#0000FF	0.23	0.24	5.05	7.45	54
#000000	0	0.01	0.05	2.45	55
#000000	0.01	0.02	0.05	2.45	55
#000000	0.02	0.03	0.05	2.45	55
#000000	0.03	0.04	0.05	2.45	55
#000000	0.04	0.05	0.05	2.45	55
#000000	0.05	0.06	0.05	2.45	55
#000000	0.06	0.07	0.05	2.45	55
#000000	0.07	0.08	0.05	2.45	55
#000000	0.08	0.09	0.05	2.45	55
#000000	0.09	0.1	0.05	2.45	55
#000000	0.1	0.11	0.05	2.45	55
#000000	0.11	0.12	0.05	2.45	55
#000000	0.12	0.13	0.05	2.45	55
#000000	0.13	0.14	0.05	2.45	55
#000000	0.14	0.15	0.05	2.45	55
#000000	0.15	0.16	0.05	2.45	55
#000000	0.16	0.17	0.05	2.45	55
#000000	0.17	0.18	0.05	2.45	55
#000000	0.18	0.19	0.05	2.45	55
#000000	0.19	0.2	0.05	2.45	55
#000000	0.2	0.21	0.05	2.45	55
#000000	0.21	0.22	0.05	2.45	55
#000000	0.22	0.23	0.05	2.45	55
#000000	0.23	0.24	0.05	2.45	55
#FF0000	0	0.01	2.55	4.95	55
#FF0000	0.01	0.02	2.55	4.95	55
#FF0000	0.02	0.03	2.55	4.95	55
#FF0000	0.03	0.04	2.55	4.95	55
#FF0000	0.04	0.05	2.55	4.95	55
#FF0000	0.05	0.06	2.55	4.95	55
#0000FF	0	0.01	5.05	7.45	55
#0000FF	0.01	0.02	5.05	7.45	55
#0000FF	0.02	0.03	5.05	7.45	55
#0000FF	0.03	0.04	5.05	7.45	55
#0000FF	0.04	0.05	5.05	7.45	55
#0000FF	0.05	0.06	5.05	7.45	55
#0000FF	0.06	0.07	5.05	7.45	55
#0000FF	0.07	0.08	5.05	7.45	55
#0000FF	0.08	0.09	5.05	7.45	55
#0000FF	0.09	0.1	5.05	7.45	55
#0000FF	0.1	0.11	5.05	7.45	55
#0000FF	0.11	0.12	5.05	7.45	55
#0000FF	0.12	0.13	5.05	7.45	55
#0000FF	0.13	0.14	5.05	7.45	55
#0000FF	0.14	0.15	5.05	7.45	55
#0000FF	0.15	0.16	5.05	7.45	55
#0000FF	0.16	0.17	5.05	7.45	55
#0000FF	0.17	0.18	5.05	7.45	55
#0000FF	0.18	0.19	5.05	7.45	55
#0000FF	0.19	0.2	5.05	7.45	55
#0000FF	0.2	0.21	5.05	7.45	55
#0000FF	0.21	0.22	5.05	7.45	55
#0000FF	0.22	0.23	5.05	7.45	55
#0000FF	0.23	0.24	5.05	7.45	55
#0000FF	0.24	0.25	5.05	7.45	55
#000000	0	0.01	0.05	2.45	56
#000000	0.01	0.02	0.05	2.45	56
#000000	0.02	0.03	0.05	2.45	56
#000000	0.03	0.04	0.05	2.45	56
#000000	0.04	0.05	0.05	2.45	56
#000000	0.05	0.06	0.05	2.45	56
#000000	0.06	0.07	0.05	2.45	56
#000000	0.07	0.08	0.05	2.45	56
#000000	0.08	0.09	0.05	2.45	56
#000000	0.09	0.1	0.05	2.45	56
#000000	0.1	0.11	0.05	2.45	56
#000000	0.11	0.12	0.05	2.45	56
#000000	0.12	0.13	0.05	2.45	56
#000000	0.13	0.14	0.05	2.45	56
#000000	0.14	0.15	0.05	2.45	56
#000000	0.15	0.16	0.05	2.45	56
#000000	0.16	0.17	0.05	2.45	56
#000000	0.17	0.18	0.05	2.45	56
#000000	0.18	0.19	0.05	2.45	56
#000000	0.19	0.2	0.05	2.45	56
#000000	0.2	0.21	0.05	2.45	56
#000000	0.21	0.22	0.05	2.45	56
#000000	0.22	0.23	0.05	2.45	56
#000000	0.23	0.24	0.05	2.45	56
#000000	0.24	0.25	0.05	2.45	56
#FF0000	0	0.01	2.55	4.95	56
#FF0000	0.01	0.02	2.55	4.95	56
#FF0000	0.02	0.03	2.55	4.95	56
#FF0000	0.03	0.04	2.55	4.95	56
#FF0000	0.04	0.05	2.55	4.95	56
#FF0000	0.05	0.06	2.55	4.95	56
#0000FF	0	0.01	5.05	7.45	56
#0000FF	0.01	0.02	5.05	7.45	56
#0000FF	0.02	0.03	5.05	7.45	56
#0000FF	0.03	0.04	5.05	7.45	56
#0000FF	0.04	0.05	5.05	7.45	56
#0000FF	0.05	0.06	5.05	7.45	56
#0000FF	0.06	0.07	5.05	7.45	56
#0000FF	0.07	0.08	5.05	7.45	56
#0000FF	0.08	0.09	5.05	7.45	56
#0000FF	0.09	0.1	5.05	7.45	56
#0000FF	0.1	0.11	5.05	7.45	56
#0000FF	0.11	0.12	5.05	7.45	56
#0000FF	0.12	0.13	5.05	7.45	56
#0000FF	0.13	0.14	5.05	7.45	56
#0000FF	0.14	0.15	5.05	7.45	56
#0000FF	0.15	0.16	5.05	7.45	56
#0000FF	0.16	0.17	5.05	7.45	56
#0000FF	0.17	0.18	5.05	7.45	56
#0000FF	0.18	0.19	5.05	7.45	56
#0000FF	0.19	0.2	5.05	7.45	56
#0000FF	0.2	0.21	5.05	7.45	56
#0000FF	0.21	0.22	5.05	7.45	56
#0000FF	0.22	0.23	5.05	7.45	56
#0000FF	0.23	0.24	5.05	7.45	56
#0000FF	0.24	0.25	5.05	7.45	56
#000000	0	0.01	0.05	2.45	57
#000000	0.01	0.02	0.05	2.45	57
#000000	0.02	0.03	0.05	2.45	57
#000000	0.03	0.04	0.05	2.45	57
#000000	0.04	0.05	0.05	2.45	57
#000000	0.05	0.06	0.05	2.45	57
#000000	0.06	0.07	0.05	2.45	57
#000000	0.07	0.08	0.05	2.45	57
#000000	0.08	0.09	0.05	2.45	57
#000000	0.09	0.1	0.05	2.45	57
#000000	0.1	0.11	0.05	2.45	57
#000000	0.11	0.12	0.05	2.45	57
#000000	0.12	0.13	0.05	2.45	57
#000000	0.13	0.14	0.05	2.45	57
#000000	0.14	0.15	0.05	2.45	57
#000000	0.15	0.16	0.05	2.45	57
#000000	0.16	0.17	0.05	2.45	57
#000000	0.17	0.18	0.05	2.45	57
#000000	0.18	0.19	0.05	2.45	57
#000000	0.19	0.2	0.05	2.45	57
#000000	0.2	0.21	0.05	2.45	57
#000000	0.21	0.22	0.05	2.45	57
#000000	0.22	0.23	0.05	2.45	57
#000000	0.23	0.24	0.05	2.45	57
#000000	0.24	0.25	0.05	2.45	57
#000000	0.25	0.26	0.05	2.45	57
#FF0000	0	0.01	2.55	4.95	57
#FF0000	0.01	0.02	2.55	4.95	57
#FF0000	0.02	0.03	2.55	4.95	57
#FF0000	0.03	0.04	2.55	4.95	57
#FF0000	0.04	0.05	2.55	4.95	57
#FF0000	0.05	0.06	2.55	4.95	57
#0000FF	0	0.01	5.05	7.45	57
#0000FF	0.01	0.02	5.05	7.45	57
#0000FF	0.02	0.03	5.05	7.45	57
#0000FF	0.03	0.04	5.05	7.45	57
#0000FF	0.04	0.05	5.05	7.45	57
#0000FF	0.05	0.06	5.05	7.45	57
#0000FF	0.06	0.07	5.05	7.45	57
#0000FF	0.07	0.08	5.05	7.45	57
#0000FF	0.08	0.09	5.05	7.45	57
#0000FF	0.09	0.1	5.05	7.45	57
#0000FF	0.1	0.11	5.05	7.45	57
#0000FF	0.11	0.12	5.05	7.45	57
#0000FF	0.12	0.13	5.05	7.45	57
#0000FF	0.13	0.14	5.05	7.45	57
#0000FF	0.14	0.15	5.05	7.45	57
#0000FF	0.15	0.16	5.05	7.45	57
#0000FF	0.16	0.17	5.05	7.45	57
#0000FF	0.17	0.18	5.05	7.45	57
#0000FF	0.18	0.19	5.05	7.45	57
#0000FF	0.19	0.2	5.05	7.45	57
#0000FF	0.2	0.21	5.05	7.45	57
#0000FF	0.21	0.22	5.05	7.45	57
#0000FF	0.22	0.23	5.05	7.45	57
#0000FF	0.23	0.24	5.05	7.45	57
#0000FF	0.24	0.25	5.05	7.45	57
#000000	0	0.01	0.05	2.45	58
#000000	0.01	0.02	0.05	2.45	58
#000000	0.02	0.03	0.05	2.45	58
#000000	0.03	0.04	0.05	2.45	58
#000000	0.04	0.05	0.05	2.45	58
#000000	0.05	0.06	0.05	2.45	58
#000000	0.06	0.07	0.05	2.45	58
#000000	0.07	0.08	0.05	2.45	58
#000000	0.08	0.09	0.05	2.45	58
#000000	0.09	0.1	0.05	2.45	58
#000000	0.1	0.11	0.05	2.45	58
#000000	0.11	0.12	0.05	2.45	58
#000000	0.12	0.13	0.05	2.45	58
#000000	0.13	0.14	0.05	2.45	58
#000000	0.14	0.15	0.05	2.45	58
#000000	0.15	0.16	0.05	2.45	58
#000000	0.16	0.17	0.05	2.45	58
#000000	0.17	0.18	0.05	2.45	58
#000000	0.18	0.19	0.05	2.45	58
#000000	0.19	0.2	0.05	2.45	58
#000000	0.2	0.21	0.05	2.45	58
#000000	0.21	0.22	0.05	2.45	58
#000000	0.22	0.23	0.05	2.45	58
#000000	0.23	0.24	0.05	2.45	58
#000000	0.24	0.25	0.05	2.45	58
#000000	0.25	0.26	0.05	2.45	58
#FF0000	0	0.01	2.55	4.95	58
#FF0000	0.01	0.02	2.55	4.95	58
#FF0000	0.02	0.03	2.55	4.95	58
#FF0000	0.03	0.04	2.55	4.95	58
#FF0000	0.04	0.05	2.55	4.95	58
#FF0000	0.05	0.06	2.55	4.95	58
#0000FF	0	0.01	5.05	7.45	58
#0000FF	0.01	0.02	5.05	7.45	58
#0000FF	0.02	0.03	5.05	7.45	58
#0000FF	0.03	0.04	5.05	7.45	58
#0000FF	0.04	0.05	5.05	7.45	58
#0000FF	0.05	0.06	5.05	7.45	58
#0000FF	0.06	0.07	5.05	7.45	58
#0000FF	0.07	0.08	5.05	7.45	58
#0000FF	0.08	0.09	5.05	7.45	58
#0000FF	0.09	0.1	5.05	7.45	58
#0000FF	0.1	0.11	5.05	7.45	58
#0000FF	0.11	0.12	5.05	7.45	58
#0000FF	0.12	0.13	5.05	7.45	58
#0000FF	0.13	0.14	5.05	7.45	58
#0000FF	0.14	0.15	5.05	7.45	58
#0000FF	0.15	0.16	5.05	7.45	58
#0000FF	0.16	0.17	5.05	7.45	58
#0000FF	0.17	0.18	5.05	7.45	58
#0000FF	0.18	0.19	5.05	7.45	58
#0000FF	0.19	0.2	5.05	7.45	58
#0000FF	0.2	0.21	5.05	7.45	58
#0000FF	0.21	0.22	5.05	7.45	58
#0000FF	0.22	0.23	5.05	7.45	58
#0000FF	0.23	0.24	5.05	7.45	58
#0000FF	0.24	0.25	5.05	7.45	58
#0000FF	0.25	0.26	5.05	7.45	58
#000000	0	0.01	0.05	2.45	59
#000000	0.01	0.02	0.05	2.45	59
#000000	0.02	0.03	0.05	2.45	59
#000000	0.03	0.04	0.05	2.45	59
#000000	0.04	0.05	0.05	2.45	59
#000000	0.05	0.06	0.05	2.45	59
#000000	0.06	0.07	0.05	2.45	59
#000000	0.07	0.08	0.05	2.45	59
#000000	0.08	0.09	0.05	2.45	59
#000000	0.09	0.1	0.05	2.45	59
#000000	0.1	0.11	0.05	2.45	59
#000000	0.11	0.12	0.05	2.45	59
#000000	0.12	0.13	0.05	2.45	59
#000000	0.13	0.14	0.05	2.45	59
#000000	0.14	0.15	0.05	2.45	59
#000000	0.15	0.16	0.05	2.45	59
#000000	0.16	0.17	0.05	2.45	59
#000000	0.17	0.18	0.05	2.45	59
#000000	0.18	0.19	0.05	2.45	59
#000000	0.19	0.2	0.05	2.45	59
#000000	0.2	0.21	0.05	2.45	59
#000000	0.21	0.22	0.05	2.45	59
#000000	0.22	0.23	0.05	2.45	59
#000000	0.23	0.24	0.05	2.45	59
#000000	0.24	0.25	0.05	2.45	59
#000000	0.25	0.26	0.05	2.45	59
#FF0000	0	0.01	2.55	4.95	59
#FF0000	0.01	0.02	2.55	4.95	59
#FF0000	0.02	0.03	2.55	4.95	59
#FF0000	0.03	0.04	2.55	4.95	59
#FF0000	0.04	0.05	2.55	4.95	59
#FF0000	0.05	0.06	2.55	4.95	59
#0000FF	0	0.01	5.05	7.45	59
#0000FF	0.01	0.02	5.05	7.45	59
#0000FF	0.02	0.03	5.05	7.45	59
#0000FF	0.03	0.04	5.05	7.45	59
#0000FF	0.04	0.05	5.05	7.45	59
#0000FF	0.05	0.06	5.05	7.45	59
#0000FF	0.06	0.07	5.05	7.45	59
#0000FF	0.07	0.08	5.05	7.45	59
#0000FF	0.08	0.09	5.05	7.45	59
#0000FF	0.09	0.1	5.05	7.45	59
#0000FF	0.1	0.11	5.05	7.45	59
#0000FF	0.11	0.12	5.05	7.45	59
#0000FF	0.12	0.13	5.05	7.45	59
#0000FF	0.13	0.14	5.05	7.45	59
#0000FF	0.14	0.15	5.05	7.45	59
#0000FF	0.15	0.16	5.05	7.45	59
#0000FF	0.16	0.17	5.05	7.45	59
#0000FF	0.17	0.18	5.05	7.45	59
#0000FF	0.18	0.19	5.05	7.45	59
#0000FF	0.19	0.2	5.05	7.45	59
#0000FF	0.2	0.21	5.05	7.45	59
#0000FF	0.21	0.22	5.05	7.45	59
#0000FF	0.22	0.23	5.05	7.45	59
#0000FF	0.23	0.24	5.05	7.45	59
#0000FF	0.24	0.25	5.05	7.45	59
#0000FF	0.25	0.26	5.05	7.45	59
#0000FF	0.26	0.27	5.05	7.45	59
#000000	0	0.01	0.05	2.45	60
#000000	0.01	0.02	0.05	2.45	60
#000000	0.02	0.03	0.05	2.45	60
#000000	0.03	0.04	0.05	2.45	60
#000000	0.04	0.05	0.05	2.45	60
#000000	0.05	0.06	0.05	2.45	60
#000000	0.06	0.07	0.05	2.45	60
#000000	0.07	0.08	0.05	2.45	60
#000000	0.08	0.09	0.05	2.45	60
#000000	0.09	0.1	0.05	2.45	60
#000000	0.1	0.11	0.05	2.45	60
#000000	0.11	0.12	0.05	2.45	60
#000000	0.12	0.13	0.05	2.45	60
#000000	0.13	0.14	0.05	2.45	60
#000000	0.14	0.15	0.05	2.45	60
#000000	0.15	0.16	0.05	2.45	60
#000000	0.16	0.17	0.05	2.45	60
#000000	0.17	0.18	0.05	2.45	60
#000000	0.18	0.19	0.05	2.45	60
#000000	0.19	0.2	0.05	2.45	60
#000000	0.2	0.21	0.05	2.45	60
#000000	0.21	0.22	0.05	2.45	60
#000000	0.22	0.23	0.05	2.45	60
#000000	0.23	0.24	0.05	2.45	60
#000000	0.24	0.25	0.05	2.45	60
#000000	0.25	0.26	0.05	2.45	60
#000000	0.26	0.27	0.05	2.45	60
#FF0000	0	0.01	2.55	4.95	60
#FF0000	0.01	0.02	2.55	4.95	60
#FF0000	0.02	0.03	2.55	4.95	60
#FF0000	0.03	0.04	2.55	4.95	60
#FF0000	0.04	0.05	2.55	4.95	60
#FF0000	0.05	0.06	2.55	4.95	60
#0000FF	0	0.01	5.05	7.45	60
#0000FF	0.01	0.02	5.05	7.45	60
#0000FF	0.02	0.03	5.05	7.45	60
#0000FF	0.03	0.04	5.05	7.45	60
#0000FF	0.04	0.05	5.05	7.45	60
#0000FF	0.05	0.06	5.05	7.45	60
#0000FF	0.06	0.07	5.05	7.45	60
#0000FF	0.07	0.08	5.05	7.45	60
#0000FF	0.08	0.09	5.05	7.45	60
#0000FF	0.09	0.1	5.05	7.45	60
#0000FF	0.1	0.11	5.05	7.45	60
#0000FF	0.11	0.12	5.05	7.45	60
#0000FF	0.12	0.13	5.05	7.45	60
#0000FF	0.13	0.14	5.05	7.45	60
#0000FF	0.14	0.15	5.05	7.45	60
#0000FF	0.15	0.16	5.05	7.45	60
#0000FF	0.16	0.17	5.05	7.45	60
#0000FF	0.17	0.18	5.05	7.45	60
#0000FF	0.18	0.19	5.05	7.45	60
#0000FF	0.19	0.2	5.05	7.45	60
#0000FF	0.2	0.21	5.05	7.45	60
#0000FF	0.21	0.22	5.05	7.45	60
#0000FF	0.22	0.23	5.05	7.45	60
#0000FF	0.23	0.24	5.05	7.45	60
#0000FF	0.24	0.25	5.05	7.45	60
#0000FF	0.25	0.26	5.05	7.45	60
#0000FF	0.26	0.27	5.05	7.45	60
#000000	0	0.01	0.05	2.45	61
#000000	0.01	0.02	0.05	2.45	61
#000000	0.02	0.03	0.05	2.45	61
#000000	0.03	0.04	0.05	2.45	61
#000000	0.04	0.05	0.05	2.45	61
#000000	0.05	0.06	0.05	2.45	61
#000000	0.06	0.07	0.05	2.45	61
#000000	0.07	0.08	0.05	2.45	61
#000000	0.08	0.09	0.05	2.45	61
#000000	0.09	0.1	0.05	2.45	61
#000000	0.1	0.11	0.05	2.45	61
#000000	0.11	0.12	0.05	2.45	61
#000000	0.12	0.13	0.05	2.45	61
#000000	0.13	0.14	0.05	2.45	61
#000000	0.14	0.15	0.05	2.45	61
#000000	0.15	0.16	0.05	2.45	61
#000000	0.16	0.17	0.05	2.45	61
#000000	0.17	0.18	0.05	2.45	61
#000000	0.18	0.19	0.05	2.45	61
#000000	0.19	0.2	0.05	2.45	61
#000000	0.2	0.21	0.05	2.45	61
#000000	0.21	0.22	0.05	2.45	61
#000000	0.22	0.23	0.05	2.45	61
#000000	0.23	0.24	0.05	2.45	61
#000000	0.24	0.25	0.05	2.45	61
#000000	0.25	0.26	0.05	2.45	61
#000000	0.26	0.27	0.05	2.45	61
#FF0000	0	0.01	2.55	4.95	61
#FF0000	0.01	0.02	2.55	4.95	61
#FF0000	0.02	0.03	2.55	4.95	61
#FF0000	0.03	0.04	2.55	4.95	61
#FF0000	0.04	0.05	2.55	4.95	61
#FF0000	0.05	0.06	2.55	4.95	61
#0000FF	0	0.01	5.05	7.45	61
#0000FF	0.01	0.02	5.05	7.45	61
#0000FF	0.02	0.03	5.05	7.45	61
#0000FF	0.03	0.04	5.05	7.45	61
#0000FF	0.04	0.05	5.05	7.45	61
#0000FF	0.05	0.06	5.05	7.45	61
#0000FF	0.06	0.07	5.05	7.45	61
#0000FF	0.07	0.08	5.05	7.45	61
#0000FF	0.08	0.09	5.05	7.45	61
#0000FF	0.09	0.1	5.05	7.45	61
#0000FF	0.1	0.11	5.05	7.45	61
#0000FF	0.11	0.12	5.05	7.45	61
#0000FF	0.12	0.13	5.05	7.45	61
#0000FF	0.13	0.14	5.05	7.45	61
#0000FF	0.14	0.15	5.05	7.45	61
#0000FF	0.15	0.16	5.05	7.45	61
#0000FF	0.16	0.17	5.05	7.45	61
#0000FF	0.17	0.18	5.05	7.45	61
#0000FF	0.18	0.19	5.05	7.45	61
#0000FF	0.19	0.2	5.05	7.45	61
#0000FF	0.2	0.21	5.05	7.45	61
#0000FF	0.21	0.22	5.05	7.45	61
#0000FF	0.22	0.23	5.05	7.45	61
#0000FF	0.23	0.24	5.05	7.45	61
#0000FF	0.24	0.25	5.05	7.45	61
#0000FF	0.25	0.26	5.05	7.45	61
#0000FF	0.26	0.27	5.05	7.45	61
#0000FF	0.27	0.28	5.05	7.45	61
#000000	0	0.01	0.05	2.45	62
#000000	0.01	0.02	0.05	2.45	62
#000000	0.02	0.03	0.05	2.45	62
#000000	0.03	0.04	0.05	2.45	62
#000000	0.04	0.05	0.05	2.45	62
#000000	0.05	0.06	0.05	2.45	62
#000000	0.06	0.07	0.05	2.45	62
#000000	0.07	0.08	0.05	2.45	62
#000000	0.08	0.09	0.05	2.45	62
#000000	0.09	0.1	0.05	2.45	62
#000000	0.1	0.11	0.05	2.45	62
#000000	0.11	0.12	0.05	2.45	62
#000000	0.12	0.13	0.05	2.45	62
#000000	0.13	0.14	0.05	2.45	62
#000000	0.14	0.15	0.05	2.45	62
#000000	0.15	0.16	0.05	2.45	62
#000000	0.16	0.17	0.05	2.45	62
#000000	0.17	0.18	0.05	2.45	62
#000000	0.18	0.19	0.05	2.45	62
#000000	0.19	0.2	0.05	2.45	62
#000000	0.2	0.21	0.05	2.45	62
#000000	0.21	0.22	0.05	2.45	62
#000000	0.22	0.23	0.05	2.45	62
#000000	0.23	0.24	0.05	2.45	62
#000000	0.24	0.25	0.05	2.45	62
#000000	0.25	0.26	0.05	2.45	62
#000000	0.26	0.27	0.05	2.45	62
#000000	0.27	0.28	0.05	2.45	62
#FF0000	0	0.01	2.55	4.95	62
#FF0000	0.01	0.02	2.55	4.95	62
#FF0000	0.02	0.03	2.55	4.95	62
#FF0000	0.03	0.04	2.55	4.95	62
#FF0000	0.04	0.05	2.55	4.95	62
#FF0000	0.05	0.06	2.55	4.95	62
#0000FF	0	0.01	5.05	7.45	62
#0000FF	0.01	0.02	5.05	7.45	62
#0000FF	0.02	0.03	5.05	7.45	62
#0000FF	0.03	0.04	5.05	7.45	62
#0000FF	0.04	0.05	5.05	7.45	62
#0000FF	0.05	0.06	5.05	7.45	62
#0000FF	0.06	0.07	5.05	7.45	62
#0000FF	0.07	0.08	5.05	7.45	62
#0000FF	0.08	0.09	5.05	7.45	62
#0000FF	0.09	0.1	5.05	7.45	62
#0000FF	0.1	0.11	5.05	7.45	62
#0000FF	0.11	0.12	5.05	7.45	62
#0000FF	0.12	0.13	5.05	7.45	62
#0000FF	0.13	0.14	5.05	7.45	62
#0000FF	0.14	0.15	5.05	7.45	62
#0000FF	0.15	0.16	5.05	7.45	62
#0000FF	0.16	0.17	5.05	7.45	62
#0000FF	0.17	0.18	5.05	7.45	62
#0000FF	0.18	0.19	5.05	7.45	62
#0000FF	0.19	0.2	5.05	7.45	62
#0000FF	0.2	0.21	5.05	7.45	62
#0000FF	0.21	0.22	5.05	7.45	62
#0000FF	0.22	0.23	5.05	7.45	62
#0000FF	0.23	0.24	5.05	7.45	62
#0000FF	0.24	0.25	5.05	7.45	62
#0000FF	0.25	0.26	5.05	7.45	62
#0000FF	0.26	0.27	5.05	7.45	62
#0000FF	0.27	0.28	5.05	7.45	62
#000000	0	0.01	0.05	2.45	63
#000000	0.01	0.02	0.05	2.45	63
#000000	0.02	0.03	0.05	2.45	63
#000000	0.03	0.04	0.05	2.45	63
#000000	0.04	0.05	0.05	2.45	63
#000000	0.05	0.06	0.05	2.45	63
#000000	0.06	0.07	0.05	2.45	63
#000000	0.07	0.08	0.05	2.45	63
#000000	0.08	0.09	0.05	2.45	63
#000000	0.09	0.1	0.05	2.45	63
#000000	0.1	0.11	0.05	2.45	63
#000000	0.11	0.12	0.05	2.45	63
#000000	0.12	0.13	0.05	2.45	63
#000000	0.13	0.14	0.05	2.45	63
#000000	0.14	0.15	0.05	2.45	63
#000000	0.15	0.16	0.05	2.45	63
#000000	0.16	0.17	0.05	2.45	63
#000000	0.17	0.18	0.05	2.45	63
#000000	0.18	0.19	0.05	2.45	63
#000000	0.19	0.2	0.05	2.45	63
#000000	0.2	0.21	0.05	2.45	63
#000000	0.21	0.22	0.05	2.45	63
#000000	0.22	0.23	0.05	2.45	63
#000000	0.23	0.24	0.05	2.45	63
#000000	0.24	0.25	0.05	2.45	63
#000000	0.25	0.26	0.05	2.45	63
#000000	0.26	0.27	0.05	2.45	63
#000000	0.27	0.28	0.05	2.45	63
#000000	0.28	0.29	0.05	2.45	63
#FF0000	0	0.01	2.55	4.95	63
#FF0000	0.01	0.02	2.55	4.95	63
#FF0000	0.02	0.03	2.55	4.95	63
#FF0000	0.03	0.04	2.55	4.95	63
#FF0000	0.04	0.05	2.55	4.95	63
#FF0000	0.05	0.06	2.55	4.95	63
#0000FF	0	0.01	5.05	7.45	63
#0000FF	0.01	0.02	5.05	7.45	63
#0000FF	0.02	0.03	5.05	7.45	63
#0000FF	0.03	0.04	5.05	7.45	63
#0000FF	0.04	0.05	5.05	7.45	63
#0000FF	0.05	0.06	5.05	7.45	63
#0000FF	0.06	0.07	5.05	7.45	63
#0000FF	0.07	0.08	5.05	7.45	63
#0000FF	0.08	0.09	5.05	7.45	63
#0000FF	0.09	0.1	5.05	7.45	63
#0000FF	0.1	0.11	5.05	7.45	63
#0000FF	0.11	0.12	5.05	7.45	63
#0000FF	0.12	0.13	5.05	7.45	63
#0000FF	0.13	0.14	5.05	7.45	63
#0000FF	0.14	0.15	5.05	7.45	63
#0000FF	0.15	0.16	5.05	7.45	63
#0000FF	0.16	0.17	5.05	7.45	63
#0000FF	0.17	0.18	5.05	7.45	63
#0000FF	0.18	0.19	5.05	7.45	63
#0000FF	0.19	0.2	5.05	7.45	63
#0000FF	0.2	0.21	5.05	7.45	63
#0000FF	0.21	0.22	5.05	7.45	63
#0000FF	0.22	0.23	5.05	7.45	63
#0000FF	0.23	0.24	5.05	7.45	63
#0000FF	0.24	0.25	5.05	7.45	63
#0000FF	0.25	0.26	5.05	7.45	63
#0000FF	0.26	0.27	5.05	7.45	63
#0000FF	0.27	0.28	5.05	7.45	63
#000000	0	0.01	0.05	2.45	64
#000000	0.01	0.02	0.05	2.45	64
#000000	0.02	0.03	0.05	2.45	64
#000000	0.03	0.04	0.05	2.45	64
#000000	0.04	0.05	0.05	2.45	64
#000000	0.05	0.06	0.05	2.45	64
#000000	0.06	0.07	0.05	2.45	64
#000000	0.07	0.08	0.05	2.45	64
#000000	0.08	0.09	0.05	2.45	64
#000000	0.09	0.1	0.05	2.45	64
#000000	0.1	0.11	0.05	2.45	64
#000000	0.11	0.12	0.05	2.45	64
#000000	0.12	0.13	0.05	2.45	64
#000000	0.13	0.14	0.05	2.45	64
#000000	0.14	0.15	0.05	2.45	64
#000000	0.15	0.16	0.05	2.45	64
#000000	0.16	0.17	0.05	2.45	64
#000000	0.17	0.18	0.05	2.45	64
#000000	0.18	0.19	0.05	2.45	64
#000000	0.19	0.2	0.05	2.45	64
#000000	0.2	0.21	0.05	2.45	64
#000000	0.21	0.22	0.05	2.45	64
#000000	0.22	0.23	0.05	2.45	64
#000000	0.23	0.24	0.05	2.45	64
#000000	0.24	0.25	0.05	2.45	64
#000000	0.25	0.26	0.05	2.45	64
#000000	0.26	0.27	0.05	2.45	64
#000000	0.27	0.28	0.05	2.45	64
#000000	0.28	0.29	0.05	2.45	64
#000000	0.29	0.3	0.05	2.45	64
#FF0000	0	0.01	2.55	4.95	64
#FF0000	0.01	0.02	2.55	4.95	64
#FF0000	0.02	0.03	2.55	4.95	64
#FF0000	0.03	0.04	2.55	4.95	64
#FF0000	0.04	0.05	2.55	4.95	64
#FF0000	0.05	0.06	2.55	4.95	64
#0000FF	0	0.01	5.05	7.45	64
#0000FF	0.01	0.02	5.05	7.45	64
#0000FF	0.02	0.03	5.05	7.45	64
#0000FF	0.03	0.04	5.05	7.45	64
#0000FF	0.04	0.05	5.05	7.45	64
#0000FF	0.05	0.06	5.05	7.45	64
#0000FF	0.06	0.07	5.05	7.45	64
#0000FF	0.07	0.08	5.05	7.45	64
#0000FF	0.08	0.09	5.05	7.45	64
#0000FF	0.09	0.1	5.05	7.45	64
#0000FF	0.1	0.11	5.05	7.45	64
#0000FF	0.11	0.12	5.05	7.45	64
#0000FF	0.12	0.13	5.05	7.45	64
#0000FF	0.13	0.14	5.05	7.45	64
#0000FF	0.14	0.15	5.05	7.45	64
#0000FF	0.15	0.16	5.05	7.45	64
#0000FF	0.16	0.17	5.05	7.45	64
#0000FF	0.17	0.18	5.05	7.45	64
#0000FF	0.18	0.19	5.05	7.45	64
#0000FF	0.19	0.2	5.05	7.45	64
#0000FF	0.2	0.21	5.05	7.45	64
#0000FF	0.21	0.22	5.05	7.45	64
#0000FF	0.22	0.23	5.05	7.45	64
#0000FF	0.23	0.24	5.05	7.45	64
#0000FF	0.24	0.25	5.05	7.45	64
#0000FF	0.25	0.26	5.05	7.45	64
#0000FF	0.26	0.27	5.05	7.45	64
#0000FF	0.27	0.28	5.05	7.45	64
#000000	0	0.01	0.05	2.45	65
#000000	0.01	0.02	0.05	2.45	65
#000000	0.02	0.03	0.05	2.45	65
#000000	0.03	0.04	0.05	2.45	65
#000000	0.04	0.05	0.05	2.45	65
#000000	0.05	0.06	0.05	2.45	65
#000000	0.06	0.07	0.05	2.45	65
#000000	0.07	0.08	0.05	2.45	65
#000000	0.08	0.09	0.05	2.45	65
#000000	0.09	0.1	0.05	2.45	65
#000000	0.1	0.11	0.05	2.45	65
#000000	0.11	0.12	0.05	2.45	65
#000000	0.12	0.13	0.05	2.45	65
#000000	0.13	0.14	0.05	2.45	65
#000000	0.14	0.15	0.05	2.45	65
#000000	0.15	0.16	0.05	2.45	65
#000000	0.16	0.17	0.05	2.45	65
#000000	0.17	0.18	0.05	2.45	65
#000000	0.18	0.19	0.05	2.45	65
#000000	0.19	0.2	0.05	2.45	65
#000000	0.2	0.21	0.05	2.45	65
#000000	0.21	0.22	0.05	2.45	65
#000000	0.22	0.23	0.05	2.45	65
#000000	0.23	0.24	0.05	2.45	65
#000000	0.24	0.25	0.05	2.45	65
#000000	0.25	0.26	0.05	2.45	65
#000000	0.26	0.27	0.05	2.45	65
#000000	0.27	0.28	0.05	2.45	65
#000000	0.28	0.29	0.05	2.45	65
#000000	0.29	0.3	0.05	2.45	65
#FF0000	0	0.01	2.55	4.95	65
#FF0000	0.01	0.02	2.55	4.95	65
#FF0000	0.02	0.03	2.55	4.95	65
#FF0000	0.03	0.04	2.55	4.95	65
#FF0000	0.04	0.05	2.55	4.95	65
#FF0000	0.05	0.06	2.55	4.95	65
#0000FF	0	0.01	5.05	7.45	65
#0000FF	0.01	0.02	5.05	7.45	65
#0000FF	0.02	0.03	5.05	7.45	65
#0000FF	0.03	0.04	5.05	7.45	65
#0000FF	0.04	0.05	5.05	7.45	65
#0000FF	0.05	0.06	5.05	7.45	65
#0000FF	0.06	0.07	5.05	7.45	65
#0000FF	0.07	0.08	5.05	7.45	65
#0000FF	0.08	0.09	5.05	7.45	65
#0000FF	0.09	0.1	5.05	7.45	65
#0000FF	0.1	0.11	5.05	7.45	65
#0000FF	0.11	0.12	5.05	7.45	65
#0000FF	0.12	0.13	5.05	7.45	65
#0000FF	0.13	0.14	5.05	7.45	65
#0000FF	0.14	0.15	5.05	7.45	65
#0000FF	0.15	0.16	5.05	7.45	65
#0000FF	0.16	0.17	5.05	7.45	65
#0000FF	0.17	0.18	5.05	7.45	65
#0000FF	0.18	0.19	5.05	7.45	65
#0000FF	0.19	0.2	5.05	7.45	65
#0000FF	0.2	0.21	5.05	7.45	65
#0000FF	0.21	0.22	5.05	7.45	65
#0000FF	0.22	0.23	5.05	7.45	65
#0000FF	0.23	0.24	5.05	7.45	65
#0000FF	0.24	0.25	5.05	7.45	65
#0000FF	0.25	0.26	5.05	7.45	65
#0000FF	0.26	0.27	5.05	7.45	65
#0000FF	0.27	0.28	5.05	7.45	65
#0000FF	0.28	0.29	5.05	7.45	65
#000000	0	0.01	0.05	2.45	66
#000000	0.01	0.02	0.05	2.45	66
#000000	0.02	0.03	0.05	2.45	66
#000000	0.03	0.04	0.05	2.45	66
#000000	0.04	0.05	0.05	2.45	66
#000000	0.05	0.06	0.05	2.45	66
#000000	0.06	0.07	0.05	2.45	66
#000000	0.07	0.08	0.05	2.45	66
#000000	0.08	0.09	0.05	2.45	66
#000000	0.09	0.1	0.05	2.45	66
#000000	0.1	0.11	0.05	2.45	66
#000000	0.11	0.12	0.05	2.45	66
#000000	0.12	0.13	0.05	2.45	66
#000000	0.13	0.14	0.05	2.45	66
#000000	0.14	0.15	0.05	2.45	66
#000000	0.15	0.16	0.05	2.45	66
#000000	0.16	0.17	0.05	2.45	66
#000000	0.17	0.18	0.05	2.45	66
#000000	0.18	0.19	0.05	2.45	66
#000000	0.19	0.2	0.05	2.45	66
#000000	0.2	0.21	0.05	2.45	66
#000000	0.21	0.22	0.05	2.45	66
#000000	0.22	0.23	0.05	2.45	66
#000000	0.23	0.24	0.05	2.45	66
#000000	0.24	0.25	0.05	2.45	66
#000000	0.25	0.26	0.05	2.45	66
#000000	0.26	0.27	0.05	2.45	66
#000000	0.27	0.28	0.05	2.45	66
#000000	0.28	0.29	0.05	2.45	66
#000000	0.29	0.3	0.05	2.45	66
#000000	0.3	0.31	0.05	2.45	66
#FF0000	0	0.01	2.55	4.95	66
#FF0000	0.01	0.02	2.55	4.95	66
#FF0000	0.02	0.03	2.55	4.95	66
#FF0000	0.03	0.04	2.55	4.95	66
#FF0000	0.04	0.05	2.55	4.95	66
#FF0000	0.05	0.06	2.55	4.95	66
#0000FF	0	0.01	5.05	7.45	66
#0000FF	0.01	0.02	5.05	7.45	66
#0000FF	0.02	0.03	5.05	7.45	66
#0000FF	0.03	0.04	5.05	7.45	66
#0000FF	0.04	0.05	5.05	7.45	66
#0000FF	0.05	0.06	5.05	7.45	66
#0000FF	0.06	0.07	5.05	7.45	66
#0000FF	0.07	0.08	5.05	7.45	66
#0000FF	0.08	0.09	5.05	7.45	66
#0000FF	0.09	0.1	5.05	7.45	66
#0000FF	0.1	0.11	5.05	7.45	66
#0000FF	0.11	0.12	5.05	7.45	66
#0000FF	0.12	0.13	5.05	7.45	66
#0000FF	0.13	0.14	5.05	7.45	66
#0000FF	0.14	0.15	5.05	7.45	66
#0000FF	0.15	0.16	5.05	7.45	66
#0000FF	0.16	0.17	5.05	7.45	66
#0000FF	0.17	0.18	5.05	7.45	66
#0000FF	0.18	0.19	5.05	7.45	66
#0000FF	0.19	0.2	5.05	7.45	66
#0000FF	0.2	0.21	5.05	7.45	66
#0000FF	0.21	0.22	5.05	7.45	66
#0000FF	0.22	0.23	5.05	7.45	66
#0000FF	0.23	0.24	5.05	7.45	66
#0000FF	0.24	0.25	5.05	7.45	66
#0000FF	0.25	0.26	5.05	7.45	66
#0000FF	0.26	0.27	5.05	7.45	66
#0000FF	0.27	0.28	5.05	7.45	66
#0000FF	0.28	0.29	5.05	7.45	66
#000000	0	0.01	0.05	2.45	67
#000000	0.01	0.02	0.05	2.45	67
#000000	0.02	0.03	0.05	2.45	67
#000000	0.03	0.04	0.05	2.45	67
#000000	0.04	0.05	0.05	2.45	67
#000000	0.05	0.06	0.05	2.45	67
#000000	0.06	0.07	0.05	2.45	67
#000000	0.07	0.08	0.05	2.45	67
#000000	0.08	0.09	0.05	2.45	67
#000000	0.09	0.1	0.05	2.45	67
#000000	0.1	0.11	0.05	2.45	67
#000000	0.11	0.12	0.05	2.45	67
#000000	0.12	0.13	0.05	2.45	67
#000000	0.13	0.14	0.05	2.45	67
#000000	0.14	0.15	0.05	2.45	67
#000000	0.15	0.16	0.05	2.45	67
#000000	0.16	0.17	0.05	2.45	67
#000000	0.17	0.18	0.05	2.45	67
#000000	0.18	0.19	0.05	2.45	67
#000000	0.19	0.2	0.05	2.45	67
#000000	0.2	0.21	0.05	2.45	67
#000000	0.21	0.22	0.05	2.45	67
#000000	0.22	0.23	0.05	2.45	67
#000000	0.23	0.24	0.05	2.45	67
#000000	0.24	0.25	0.05	2.45	67
#000000	0.25	0.26	0.05	2.45	67
#000000	0.26	0.27	0.05	2.45	67
#000000	0.27	0.28	0.05	2.45	67
#000000	0.28	0.29	0.05	2.45	67
#000000	0.29	0.3	0.05	2.45	67
#000000	0.3	0.31	0.05	2.45	67
#FF0000	0	0.01	2.55	4.95	67
#FF0000	0.01	0.02	2.55	4.95	67
#FF0000	0.02	0.03	2.55	4.95	67
#FF0000	0.03	0.04	2.55	4.95	67
#FF0000	0.04	0.05	2.55	4.95	67
#FF0000	0.05	0.06	2.55	4.95	67
#0000FF	0	0.01	5.05	7.45	67
#0000FF	0.01	0.02	5.05	7.45	67
#0000FF	0.02	0.03	5.05	7.45	67
#0000FF	0.03	0.04	5.05	7.45	67
#0000FF	0.04	0.05	5.05	7.45	67
#0000FF	0.05	0.06	5.05	7.45	67
#0000FF	0.06	0.07	5.05	7.45	67
#0000FF	0.07	0.08	5.05	7.45	67
#0000FF	0.08	0.09	5.05	7.45	67
#0000FF	0.09	0.1	5.05	7.45	67
#0000FF	0.1	0.11	5.05	7.45	67
#0000FF	0.11	0.12	5.05	7.45	67
#0000FF	0.12	0.13	5.05	7.45	67
#0000FF	0.13	0.14	5.05	7.45	67
#0000FF	0.14	0.15	5.05	7.45	67
#0000FF	0.15	0.16	5.05	7.45	67
#0000FF	0.16	0.17	5.05	7.45	67
#0000FF	0.17	0.18	5.05	7.45	67
#0000FF	0.18	0.19	5.05	7.45	67
#0000FF	0.19	0.2	5.05	7.45	67
#0000FF	0.2	0.21	5.05	7.45	67
#0000FF	0.21	0.22	5.05	7.45	67
#0000FF	0.22	0.23	5.05	7.45	67
#0000FF	0.23	0.24	5.05	7.45	67
#0000FF	0.24	0.25	5.05	7.45	67
#0000FF	0.25	0.26	5.05	7.45	67
#0000FF	0.26	0.27	5.05	7.45	67
#0000FF	0.27	0.28	5.05	7.45	67
#0000FF	0.28	0.29	5.05	7.45	67
#0000FF	0.29	0.3	5.05	7.45	67
#000000	0	0.01	0.05	2.45	68
#000000	0.01	0.02	0.05	2.45	68
#000000	0.02	0.03	0.05	2.45	68
#000000	0.03	0.04	0.05	2.45	68
#000000	0.04	0.05	0.05	2.45	68
#000000	0.05	0.06	0.05	2.45	68
#000000	0.06	0.07	0.05	2.45	68
#000000	0.07	0.08	0.05	2.45	68
#000000	0.08	0.09	0.05	2.45	68
#000000	0.09	0.1	0.05	2.45	68
#000000	0.1	0.11	0.05	2.45	68
#000000	0.11	0.12	0.05	2.45	68
#000000	0.12	0.13	0.05	2.45	68
#000000	0.13	0.14	0.05	2.45	68
#000000	0.14	0.15	0.05	2.45	68
#000000	0.15	0.16	0.05	2.45	68
#000000	0.16	0.17	0.05	2.45	68
#000000	0.17	0.18	0.05	2.45	68
#000000	0.18	0.19	0.05	2.45	68
#000000	0.19	0.2	0.05	2.45	68
#000000	0.2	0.21	0.05	2.45	68
#000000	0.21	0.22	0.05	2.45	68
#000000	0.22	0.23	0.05	2.45	68
#000000	0.23	0.24	0.05	2.45	68
#000000	0.24	0.25	0.05	2.45	68
#000000	0.25	0.26	0.05	2.45	68
#000000	0.26	0.27	0.05	2.45	68
#000000	0.27	0.28	0.05	2.45	68
#000000	0.28	0.29	0.05	2.45	68
#000000	0.29	0.3	0.05	2.45	68
#000000	0.3	0.31	0.05	2.45	68
#FF0000	0	0.01	2.55	4.95	68
#FF0000	0.01	0.02	2.55	4.95	68
#FF0000	0.02	0.03	2.55	4.95	68
#FF0000	0.03	0.04	2.55	4.95	68
#FF0000	0.04	0.05	2.55	4.95	68
#FF0000	0.05	0.06	2.55	4.95	68
#0000FF	0	0.01	5.05	7.45	68
#0000FF	0.01	0.02	5.05	7.45	68
#0000FF	0.02	0.03	5.05	7.45	68
#0000FF	0.03	0.04	5.05	7.45	68
#0000FF	0.04	0.05	5.05	7.45	68
#0000FF	0.05	0.06	5.05	7.45	68
#0000FF	0.06	0.07	5.05	7.45	68
#0000FF	0.07	0.08	5.05	7.45	68
#0000FF	0.08	0.09	5.05	7.45	68
#0000FF	0.09	0.1	5.05	7.45	68
#0000FF	0.1	0.11	5.05	7.45	68
#0000FF	0.11	0.12	5.05	7.45	68
#0000FF	0.12	0.13	5.05	7.45	68
#0000FF	0.13	0.14	5.05	7.45	68
#0000FF	0.14	0.15	5.05	7.45	68
#0000FF	0.15	0.16	5.05	7.45	68
#0000FF	0.16	0.17	5.05	7.45	68
#0000FF	0.17	0.18	5.05	7.45	68
#0000FF	0.18	0.19	5.05	7.45	68
#0000FF	0.19	0.2	5.05	7.45	68
#0000FF	0.2	0.21	5.05	7.45	68
#0000FF	0.21	0.22	5.05	7.45	68
#0000FF	0.22	0.23	5.05	7.45	68
#0000FF	0.23	0.24	5.05	7.45	68
#0000FF	0.24	0.25	5.05	7.45	68
#0000FF	0.25	0.26	5.05	7.45	68
#0000FF	0.26	0.27	5.05	7.45	68
#0000FF	0.27	0.28	5.05	7.45	68
#0000FF	0.28	0.29	5.05	7.45	68
#0000FF	0.29	0.3	5.05	7.45	68
#0000FF	0.3	0.31	5.05	7.45	68
#000000	0	0.01	0.05	2.45	69
#000000	0.01	0.02	0.05	2.45	69
#000000	0.02	0.03	0.05	2.45	69
#000000	0.03	0.04	0.05	2.45	69
#000000	0.04	0.05	0.05	2.45	69
#000000	0.05	0.06	0.05	2.45	69
#000000	0.06	0.07	0.05	2.45	69
#000000	0.07	0.08	0.05	2.45	69
#000000	0.08	0.09	0.05	2.45	69
#000000	0.09	0.1	0.05	2.45	69
#000000	0.1	0.11	0.05	2.45	69
#000000	0.11	0.12	0.05	2.45	69
#000000	0.12	0.13	0.05	2.45	69
#000000	0.13	0.14	0.05	2.45	69
#000000	0.14	0.15	0.05	2.45	69
#000000	0.15	0.16	0.05	2.45	69
#000000	0.16	0.17	0.05	2.45	69
#000000	0.17	0.18	0.05	2.45	69
#000000	0.18	0.19	0.05	2.45	69
#000000	0.19	0.2	0.05	2.45	69
#000000	0.2	0.21	0.05	2.45	69
#000000	0.21	0.22	0.05	2.45	69
#000000	0.22	0.23	0.05	2.45	69
#000000	0.23	0.24	0.05	2.45	69
#000000	0.24	0.25	0.05	2.45	69
#000000	0.25	0.26	0.05	2.45	69
#000000	0.26	0.27	0.05	2.45	69
#000000	0.27	0.28	0.05	2.45	69
#000000	0.28	0.29	0.05	2.45	69
#000000	0.29	0.3	0.05	2.45	69
#000000	0.3	0.31	0.05	2.45	69
#FF0000	0	0.01	2.55	4.95	69
#FF0000	0.01	0.02	2.55	4.95	69
#FF0000	0.02	0.03	2.55	4.95	69
#FF0000	0.03	0.04	2.55	4.95	69
#FF0000	0.04	0.05	2.55	4.95	69
#FF0000	0.05	0.06	2.55	4.95	69
#0000FF	0	0.01	5.05	7.45	69
#0000FF	0.01	0.02	5.05	7.45	69
#0000FF	0.02	0.03	5.05	7.45	69
#0000FF	0.03	0.04	5.05	7.45	69
#0000FF	0.04	0.05	5.05	7.45	69
#0000FF	0.05	0.06	5.05	7.45	69
#0000FF	0.06	0.07	5.05	7.45	69
#0000FF	0.07	0.08	5.05	7.45	69
#0000FF	0.08	0.09	5.05	7.45	69
#0000FF	0.09	0.1	5.05	7.45	69
#0000FF	0.1	0.11	5.05	7.45	69
#0000FF	0.11	0.12	5.05	7.45	69
#0000FF	0.12	0.13	5.05	7.45	69
#0000FF	0.13	0.14	5.05	7.45	69
#0000FF	0.14	0.15	5.05	7.45	69
#0000FF	0.15	0.16	5.05	7.45	69
#0000FF	0.16	0.17	5.05	7.45	69
#0000FF	0.17	0.18	5.05	7.45	69
#0000FF	0.18	0.19	5.05	7.45	69
#0000FF	0.19	0.2	5.05	7.45	69
#0000FF	0.2	0.21	5.05	7.45	69
#0000FF	0.21	0.22	5.05	7.45	69
#0000FF	0.22	0.23	5.05	7.45	69
#0000FF	0.23	0.24	5.05	7.45	69
#0000FF	0.24	0.25	5.05	7.45	69
#0000FF	0.25	0.26	5.05	7.45	69
#0000FF	0.26	0.27	5.05	7.45	69
#0000FF	0.27	0.28	5.05	7.45	69
#0000FF	0.28	0.29	5.05	7.45	69
#0000FF	0.29	0.3	5.05	7.45	69
#0000FF	0.3	0.31	5.05	7.45	69
#0000FF	0.31	0.32	5.05	7.45	69
#000000	0	0.01	0.05	2.45	70
#000000	0.01	0.02	0.05	2.45	70
#000000	0.02	0.03	0.05	2.45	70
#000000	0.03	0.04	0.05	2.45	70
#000000	0.04	0.05	0.05	2.45	70
#000000	0.05	0.06	0.05	2.45	70
#000000	0.06	0.07	0.05	2.45	70
#000000	0.07	0.08	0.05	2.45	70
#000000	0.08	0.09	0.05	2.45	70
#000000	0.09	0.1	0.05	2.45	70
#000000	0.1	0.11	0.05	2.45	70
#000000	0.11	0.12	0.05	2.45	70
#000000	0.12	0.13	0.05	2.45	70
#000000	0.13	0.14	0.05	2.45	70
#000000	0.14	0.15	0.05	2.45	70
#000000	0.15	0.16	0.05	2.45	70
#000000	0.16	0.17	0.05	2.45	70
#000000	0.17	0.18	0.05	2.45	70
#000000	0.18	0.19	0.05	2.45	70
#000000	0.19	0.2	0.05	2.45	70
#000000	0.2	0.21	0.05	2.45	70
#000000	0.21	0.22	0.05	2.45	70
#000000	0.22	0.23	0.05	2.45	70
#000000	0.23	0.24	0.05	2.45	70
#000000	0.24	0.25	0.05	2.45	70
#000000	0.25	0.26	0.05	2.45	70
#000000	0.26	0.27	0.05	2.45	70
#000000	0.27	0.28	0.05	2.45	70
#000000	0.28	0.29	0.05	2.45	70
#000000	0.29	0.3	0.05	2.45	70
#000000	0.3	0.31	0.05	2.45	70
#000000	0.31	0.32	0.05	2.45	70
#FF0000	0	0.01	2.55	4.95	70
#FF0000	0.01	0.02	2.55	4.95	70
#FF0000	0.02	0.03	2.55	4.95	70
#FF0000	0.03	0.04	2.55	4.95	70
#FF0000	0.04	0.05	2.55	4.95	70
#FF0000	0.05	0.06	2.55	4.95	70
#0000FF	0	0.01	5.05	7.45	70
#0000FF	0.01	0.02	5.05	7.45	70
#0000FF	0.02	0.03	5.05	7.45	70
#0000FF	0.03	0.04	5.05	7.45	70
#0000FF	0.04	0.05	5.05	7.45	70
#0000FF	0.05	0.06	5.05	7.45	70
#0000FF	0.06	0.07	5.05	7.45	70
#0000FF	0.07	0.08	5.05	7.45	70
#0000FF	0.08	0.09	5.05	7.45	70
#0000FF	0.09	0.1	5.05	7.45	70
#0000FF	0.1	0.11	5.05	7.45	70
#0000FF	0.11	0.12	5.05	7.45	70
#0000FF	0.12	0.13	5.05	7.45	70
#0000FF	0.13	0.14	5.05	7.45	70
#0000FF	0.14	0.15	5.05	7.45	70
#0000FF	0.15	0.16	5.05	7.45	70
#0000FF	0.16	0.17	5.05	7.45	70
#0000FF	0.17	0.18	5.05	7.45	70
#0000FF	0.18	0.19	5.05	7.45	70
#0000FF	0.19	0.2	5.05	7.45	70
#0000FF	0.2	0.21	5.05	7.45	70
#0000FF	0.21	0.22	5.05	7.45	70
#0000FF	0.22	0.23	5.05	7.45	70
#0000FF	0.23	0.24	5.05	7.45	70
#0000FF	0.24	0.25	5.05	7.45	70
#0000FF	0.25	0.26	5.05	7.45	70
#0000FF	0.26	0.27	5.05	7.45	70
#0000FF	0.27	0.28	5.05	7.45	70
#0000FF	0.28	0.29	5.05	7.45	70
#0000FF	0.29	0.3	5.05	7.45	70
#0000FF	0.3	0.31	5.05	7.45	70
#0000FF	0.31	0.32	5.05	7.45	70
#000000	0	0.01	0.05	2.45	71
#000000	0.01	0.02	0.05	2.45	71
#000000	0.02	0.03	0.05	2.45	71
#000000	0.03	0.04	0.05	2.45	71
#000000	0.04	0.05	0.05	2.45	71
#000000	0.05	0.06	0.05	2.45	71
#000000	0.06	0.07	0.05	2.45	71
#000000	0.07	0.08	0.05	2.45	71
#000000	0.08	0.09	0.05	2.45	71
#000000	0.09	0.1	0.05	2.45	71
#000000	0.1	0.11	0.05	2.45	71
#000000	0.11	0.12	0.05	2.45	71
#000000	0.12	0.13	0.05	2.45	71
#000000	0.13	0.14	0.05	2.45	71
#000000	0.14	0.15	0.05	2.45	71
#000000	0.15	0.16	0.05	2.45	71
#000000	0.16	0.17	0.05	2.45	71
#000000	0.17	0.18	0.05	2.45	71
#000000	0.18	0.19	0.05	2.45	71
#000000	0.19	0.2	0.05	2.45	71
#000000	0.2	0.21	0.05	2.45	71
#000000	0.21	0.22	0.05	2.45	71
#000000	0.22	0.23	0.05	2.45	71
#000000	0.23	0.24	0.05	2.45	71
#000000	0.24	0.25	0.05	2.45	71
#000000	0.25	0.26	0.05	2.45	71
#000000	0.26	0.27	0.05	2.45	71
#000000	0.27	0.28	0.05	2.45	71
#000000	0.28	0.29	0.05	2.45	71
#000000	0.29	0.3	0.05	2.45	71
#000000	0.3	0.31	0.05	2.45	71
#000000	0.31	0.32	0.05	2.45	71
#FF0000	0	0.01	2.55	4.95	71
#FF0000	0.01	0.02	2.55	4.95	71
#FF0000	0.02	0.03	2.55	4.95	71
#FF0000	0.03	0.04	2.55	4.95	71
#FF0000	0.04	0.05	2.55	4.95	71
#FF0000	0.05	0.06	2.55	4.95	71
#0000FF	0	0.01	5.05	7.45	71
#0000FF	0.01	0.02	5.05	7.45	71
#0000FF	0.02	0.03	5.05	7.45	71
#0000FF	0.03	0.04	5.05	7.45	71
#0000FF	0.04	0.05	5.05	7.45	71
#0000FF	0.05	0.06	5.05	7.45	71
#0000FF	0.06	0.07	5.05	7.45	71
#0000FF	0.07	0.08	5.05	7.45	71
#0000FF	0.08	0.09	5.05	7.45	71
#0000FF	0.09	0.1	5.05	7.45	71
#0000FF	0.1	0.11	5.05	7.45	71
#0000FF	0.11	0.12	5.05	7.45	71
#0000FF	0.12	0.13	5.05	7.45	71
#0000FF	0.13	0.14	5.05	7.45	71
#0000FF	0.14	0.15	5.05	7.45	71
#0000FF	0.15	0.16	5.05	7.45	71
#0000FF	0.16	0.17	5.05	7.45	71
#0000FF	0.17	0.18	5.05	7.45	71
#0000FF	0.18	0.19	5.05	7.45	71
#0000FF	0.19	0.2	5.05	7.45	71
#0000FF	0.2	0.21	5.05	7.45	71
#0000FF	0.21	0.22	5.05	7.45	71
#0000FF	0.22	0.23	5.05	7.45	71
#0000FF	0.23	0.24	5.05	7.45	71
#0000FF	0.24	0.25	5.05	7.45	71
#0000FF	0.25	0.26	5.05	7.45	71
#0000FF	0.26	0.27	5.05	7.45	71
#0000FF	0.27	0.28	5.05	7.45	71
#0000FF	0.28	0.29	5.05	7.45	71
#0000FF	0.29	0.3	5.05	7.45	71
#0000FF	0.3	0.31	5.05	7.45	71
#0000FF	0.31	0.32	5.05	7.45	71
#0000FF	0.32	0.33	5.05	7.45	71
#000000	0	0.01	0.05	2.45	72
#000000	0.01	0.02	0.05	2.45	72
#000000	0.02	0.03	0.05	2.45	72
#000000	0.03	0.04	0.05	2.45	72
#000000	0.04	0.05	0.05	2.45	72
#000000	0.05	0.06	0.05	2.45	72
#000000	0.06	0.07	0.05	2.45	72
#000000	0.07	0.08	0.05	2.45	72
#000000	0.08	0.09	0.05	2.45	72
#000000	0.09	0.1	0.05	2.45	72
#000000	0.1	0.11	0.05	2.45	72
#000000	0.11	0.12	0.05	2.45	72
#000000	0.12	0.13	0.05	2.45	72
#000000	0.13	0.14	0.05	2.45	72
#000000	0.14	0.15	0.05	2.45	72
#000000	0.15	0.16	0.05	2.45	72
#000000	0.16	0.17	0.05	2.45	72
#000000	0.17	0.18	0.05	2.45	72
#000000	0.18	0.19	0.05	2.45	72
#000000	0.19	0.2	0.05	2.45	72
#000000	0.2	0.21	0.05	2.45	72
#000000	0.21	0.22	0.05	2.45	72
#000000	0.22	0.23	0.05	2.45	72
#000000	0.23	0.24	0.05	2.45	72
#000000	0.24	0.25	0.05	2.45	72
#000000	0.25	0.26	0.05	2.45	72
#000000	0.26	0.27	0.05	2.45	72
#000000	0.27	0.28	0.05	2.45	72
#000000	0.28	0.29	0.05	2.45	72
#000000	0.29	0.3	0.05	2.45	72
#000000	0.3	0.31	0.05	2.45	72
#000000	0.31	0.32	0.05	2.45	72
#FF0000	0	0.01	2.55	4.95	72
#FF0000	0.01	0.02	2.55	4.95	72
#FF0000	0.02	0.03	2.55	4.95	72
#FF0000	0.03	0.04	2.55	4.95	72
#FF0000	0.04	0.05	2.55	4.95	72
#FF0000	0.05	0.06	2.55	4.95	72
#0000FF	0	0.01	5.05	7.45	72
#0000FF	0.01	0.02	5.05	7.45	72
#0000FF	0.02	0.03	5.05	7.45	72
#0000FF	0.03	0.04	5.05	7.45	72
#0000FF	0.04	0.05	5.05	7.45	72
#0000FF	0.05	0.06	5.05	7.45	72
#0000FF	0.06	0.07	5.05	7.45	72
#0000FF	0.07	0.08	5.05	7.45	72
#0000FF	0.08	0.09	5.05	7.45	72
#0000FF	0.09	0.1	5.05	7.45	72
#0000FF	0.1	0.11	5.05	7.45	72
#0000FF	0.11	0.12	5.05	7.45	72
#0000FF	0.12	0.13	5.05	7.45	72
#0000FF	0.13	0.14	5.05	7.45	72
#0000FF	0.14	0.15	5.05	7.45	72
#0000FF	0.15	0.16	5.05	7.45	72
#0000FF	0.16	0.17	5.05	7.45	72
#0000FF	0.17	0.18	5.05	7.45	72
#0000FF	0.18	0.19	5.05	7.45	72
#0000FF	0.19	0.2	5.05	7.45	72
#0000FF	0.2	0.21	5.05	7.45	72
#0000FF	0.21	0.22	5.05	7.45	72
#0000FF	0.22	0.23	5.05	7.45	72
#0000FF	0.23	0.24	5.05	7.45	72
#0000FF	0.24	0.25	5.05	7.45	72
#0000FF	0.25	0.26	5.05	7.45	72
#0000FF	0.26	0.27	5.05	7.45	72
#0000FF	0.27	0.28	5.05	7.45	72
#0000FF	0.28	0.29	5.05	7.45	72
#0000FF	0.29	0.3	5.05	7.45	72
#0000FF	0.3	0.31	5.05	7.45	72
#0000FF	0.31	0.32	5.05	7.45	72
#0000FF	0.32	0.33	5.05	7.45	72
#0000FF	0.33	0.34	5.05	7.45	72
#000000	0	0.01	0.05	2.45	73
#000000	0.01	0.02	0.05	2.45	73
#000000	0.02	0.03	0.05	2.45	73
#000000	0.03	0.04	0.05	2.45	73
#000000	0.04	0.05	0.05	2.45	73
#000000	0.05	0.06	0.05	2.45	73
#000000	0.06	0.07	0.05	2.45	73
#000000	0.07	0.08	0.05	2.45	73
#000000	0.08	0.09	0.05	2.45	73
#000000	0.09	0.1	0.05	2.45	73
#000000	0.1	0.11	0.05	2.45	73
#000000	0.11	0.12	0.05	2.45	73
#000000	0.12	0.13	0.05	2.45	73
#000000	0.13	0.14	0.05	2.45	73
#000000	0.14	0.15	0.05	2.45	73
#000000	0.15	0.16	0.05	2.45	73
#000000	0.16	0.17	0.05	2.45	73
#000000	0.17	0.18	0.05	2.45	73
#000000	0.18	0.19	0.05	2.45	73
#000000	0.19	0.2	0.05	2.45	73
#000000	0.2	0.21	0.05	2.45	73
#000000	0.21	0.22	0.05	2.45	73
#000000	0.22	0.23	0.05	2.45	73
#000000	0.23	0.24	0.05	2.45	73
#000000	0.24	0.25	0.05	2.45	73
#000000	0.25	0.26	0.05	2.45	73
#000000	0.26	0.27	0.05	2.45	73
#000000	0.27	0.28	0.05	2.45	73
#000000	0.28	0.29	0.05	2.45	73
#000000	0.29	0.3	0.05	2.45	73
#000000	0.3	0.31	0.05	2.45	73
#000000	0.31	0.32	0.05	2.45	73
#FF0000	0	0.01	2.55	4.95	73
#FF0000	0.01	0.02	2.55	4.95	73
#FF0000	0.02	0.03	2.55	4.95	73
#FF0000	0.03	0.04	2.55	4.95	73
#FF0000	0.04	0.05	2.55	4.95	73
#FF0000	0.05	0.06	2.55	4.95	73
#0000FF	0	0.01	5.05	7.45	73
#0000FF	0.01	0.02	5.05	7.45	73
#0000FF	0.02	0.03	5.05	7.45	73
#0000FF	0.03	0.04	5.05	7.45	73
#0000FF	0.04	0.05	5.05	7.45	73
#0000FF	0.05	0.06	5.05	7.45	73
#0000FF	0.06	0.07	5.05	7.45	73
#0000FF	0.07	0.08	5.05	7.45	73
#0000FF	0.08	0.09	5.05	7.45	73
#0000FF	0.09	0.1	5.05	7.45	73
#0000FF	0.1	0.11	5.05	7.45	73
#0000FF	0.11	0.12	5.05	7.45	73
#0000FF	0.12	0.13	5.05	7.45	73
#0000FF	0.13	0.14	5.05	7.45	73
#0000FF	0.14	0.15	5.05	7.45	73
#0000FF	0.15	0.16	5.05	7.45	73
#0000FF	0.16	0.17	5.05	7.45	73
#0000FF	0.17	0.18	5.05	7.45	73
#0000FF	0.18	0.19	5.05	7.45	73
#0000FF	0.19	0.2	5.05	7.45	73
#0000FF	0.2	0.21	5.05	7.45	73
#0000FF	0.21	0.22	5.05	7.45	73
#0000FF	0.22	0.23	5.05	7.45	73
#0000FF	0.23	0.24	5.05	7.45	73
#0000FF	0.24	0.25	5.05	7.45	73
#0000FF	0.25	0.26	5.05	7.45	73
#0000FF	0.26	0.27	5.05	7.45	73
#0000FF	0.27	0.28	5.05	7.45	73
#0000FF	0.28	0.29	5.05	7.45	73
#0000FF	0.29	0.3	5.05	7.45	73
#0000FF	0.3	0.31	5.05	7.45	73
#0000FF	0.31	0.32	5.05	7.45	73
#0000FF	0.32	0.33	5.05	7.45	73
#0000FF	0.33	0.34	5.05	7.45	73
#0000FF	0.34	0.35	5.05	7.45	73
#000000	0	0.01	0.05	2.45	74
#000000	0.01	0.02	0.05	2.45	74
#000000	0.02	0.03	0.05	2.45	74
#000000	0.03	0.04	0.05	2.45	74
#000000	0.04	0.05	0.05	2.45	74
#000000	0.05	0.06	0.05	2.45	74
#000000	0.06	0.07	0.05	2.45	74
#000000	0.07	0.08	0.05	2.45	74
#000000	0.08	0.09	0.05	2.45	74
#000000	0.09	0.1	0.05	2.45	74
#000000	0.1	0.11	0.05	2.45	74
#000000	0.11	0.12	0.05	2.45	74
#000000	0.12	0.13	0.05	2.45	74
#000000	0.13	0.14	0.05	2.45	74
#000000	0.14	0.15	0.05	2.45	74
#000000	0.15	0.16	0.05	2.45	74
#000000	0.16	0.17	0.05	2.45	74
#000000	0.17	0.18	0.05	2.45	74
#000000	0.18	0.19	0.05	2.45	74
#000000	0.19	0.2	0.05	2.45	74
#000000	0.2	0.21	0.05	2.45	74
#000000	0.21	0.22	0.05	2.45	74
#000000	0.22	0.23	0.05	2.45	74
#000000	0.23	0.24	0.05	2.45	74
#000000	0.24	0.25	0.05	2.45	74
#000000	0.25	0.26	0.05	2.45	74
#000000	0.26	0.27	0.05	2.45	74
#000000	0.27	0.28	0.05	2.45	74
#000000	0.28	0.29	0.05	2.45	74
#000000	0.29	0.3	0.05	2.45	74
#000000	0.3	0.31	0.05	2.45	74
#000000	0.31	0.32	0.05	2.45	74
#000000	0.32	0.33	0.05	2.45	74
#FF0000	0	0.01	2.55	4.95	74
#FF0000	0.01	0.02	2.55	4.95	74
#FF0000	0.02	0.03	2.55	4.95	74
#FF0000	0.03	0.04	2.55	4.95	74
#FF0000	0.04	0.05	2.55	4.95	74
#FF0000	0.05	0.06	2.55	4.95	74
#0000FF	0	0.01	5.05	7.45	74
#0000FF	0.01	0.02	5.05	7.45	74
#0000FF	0.02	0.03	5.05	7.45	74
#0000FF	0.03	0.04	5.05	7.45	74
#0000FF	0.04	0.05	5.05	7.45	74
#0000FF	0.05	0.06	5.05	7.45	74
#0000FF	0.06	0.07	5.05	7.45	74
#0000FF	0.07	0.08	5.05	7.45	74
#0000FF	0.08	0.09	5.05	7.45	74
#0000FF	0.09	0.1	5.05	7.45	74
#0000FF	0.1	0.11	5.05	7.45	74
#0000FF	0.11	0.12	5.05	7.45	74
#0000FF	0.12	0.13	5.05	7.45	74
#0000FF	0.13	0.14	5.05	7.45	74
#0000FF	0.14	0.15	5.05	7.45	74
#0000FF	0.15	0.16	5.05	7.45	74
#0000FF	0.16	0.17	5.05	7.45	74
#0000FF	0.17	0.18	5.05	7.45	74
#0000FF	0.18	0.19	5.05	7.45	74
#0000FF	0.19	0.2	5.05	7.45	74
#0000FF	0.2	0.21	5.05	7.45	74
#0000FF	0.21	0.22	5.05	7.45	74
#0000FF	0.22	0.23	5.05	7.45	74
#0000FF	0.23	0.24	5.05	7.45	74
#0000FF	0.24	0.25	5.05	7.45	74
#0000FF	0.25	0.26	5.05	7.45	74
#0000FF	0.26	0.27	5.05	7.45	74
#0000FF	0.27	0.28	5.05	7.45	74
#0000FF	0.28	0.29	5.05	7.45	74
#0000FF	0.29	0.3	5.05	7.45	74
#0000FF	0.3	0.31	5.05	7.45	74
#0000FF	0.31	0.32	5.05	7.45	74
#0000FF	0.32	0.33	5.05	7.45	74
#0000FF	0.33	0.34	5.05	7.45	74
#0000FF	0.34	0.35	5.05	7.45	74
#000000	0	0.01	0.05	2.45	75
#000000	0.01	0.02	0.05	2.45	75
#000000	0.02	0.03	0.05	2.45	75
#000000	0.03	0.04	0.05	2.45	75
#000000	0.04	0.05	0.05	2.45	75
#000000	0.05	0.06	0.05	2.45	75
#000000	0.06	0.07	0.05	2.45	75
#000000	0.07	0.08	0.05	2.45	75
#000000	0.08	0.09	0.05	2.45	75
#000000	0.09	0.1	0.05	2.45	75
#000000	0.1	0.11	0.05	2.45	75
#000000	0.11	0.12	0.05	2.45	75
#000000	0.12	0.13	0.05	2.45	75
#000000	0.13	0.14	0.05	2.45	75
#000000	0.14	0.15	0.05	2.45	75
#000000	0.15	0.16	0.05	2.45	75
#000000	0.16	0.17	0.05	2.45	75
#000000	0.17	0.18	0.05	2.45	75
#000000	0.18	0.19	0.05	2.45	75
#000000	0.19	0.2	0.05	2.45	75
#000000	0.2	0.21	0.05	2.45	75
#000000	0.21	0.22	0.05	2.45	75
#000000	0.22	0.23	0.05	2.45	75
#000000	0.23	0.24	0.05	2.45	75
#000000	0.24	0.25	0.05	2.45	75
#000000	0.25	0.26	0.05	2.45	75
#000000	0.26	0.27	0.05	2.45	75
#000000	0.27	0.28	0.05	2.45	75
#000000	0.28	0.29	0.05	2.45	75
#000000	0.29	0.3	0.05	2.45	75
#000000	0.3	0.31	0.05	2.45	75
#000000	0.31	0.32	0.05	2.45	75
#000000	0.32	0.33	0.05	2.45	75
#FF0000	0	0.01	2.55	4.95	75
#FF0000	0.01	0.02	2.55	4.95	75
#FF0000	0.02	0.03	2.55	4.95	75
#FF0000	0.03	0.04	2.55	4.95	75
#FF0000	0.04	0.05	2.55	4.95	75
#FF0000	0.05	0.06	2.55	4.95	75
#0000FF	0	0.01	5.05	7.45	75
#0000FF	0.01	0.02	5.05	7.45	75
#0000FF	0.02	0.03	5.05	7.45	75
#0000FF	0.03	0.04	5.05	7.45	75
#0000FF	0.04	0.05	5.05	7.45	75
#0000FF	0.05	0.06	5.05	7.45	75
#0000FF	0.06	0.07	5.05	7.45	75
#0000FF	0.07	0.08	5.05	7.45	75
#0000FF	0.08	0.09	5.05	7.45	75
#0000FF	0.09	0.1	5.05	7.45	75
#0000FF	0.1	0.11	5.05	7.45	75
#0000FF	0.11	0.12	5.05	7.45	75
#0000FF	0.12	0.13	5.05	7.45	75
#0000FF	0.13	0.14	5.05	7.45	75
#0000FF	0.14	0.15	5.05	7.45	75
#0000FF	0.15	0.16	5.05	7.45	75
#0000FF	0.16	0.17	5.05	7.45	75
#0000FF	0.17	0.18	5.05	7.45	75
#0000FF	0.18	0.19	5.05	7.45	75
#0000FF	0.19	0.2	5.05	7.45	75
#0000FF	0.2	0.21	5.05	7.45	75
#0000FF	0.21	0.22	5.05	7.45	75
#0000FF	0.22	0.23	5.05	7.45	75
#0000FF	0.23	0.24	5.05	7.45	75
#0000FF	0.24	0.25	5.05	7.45	75
#0000FF	0.25	0.26	5.05	7.45	75
#0000FF	0.26	0.27	5.05	7.45	75
#0000FF	0.27	0.28	5.05	7.45	75
#0000FF	0.28	0.29	5.05	7.45	75
#0000FF	0.29	0.3	5.05	7.45	75
#0000FF	0.3	0.31	5.05	7.45	75
#0000FF	0.31	0.32	5.05	7.45	75
#0000FF	0.32	0.33	5.05	7.45	75
#0000FF	0.33	0.34	5.05	7.45	75
#0000FF	0.34	0.35	5.05	7.45	75
#0000FF	0.35	0.36	5.05	7.45	75
#000000	0	0.01	0.05	2.45	76
#000000	0.01	0.02	0.05	2.45	76
#000000	0.02	0.03	0.05	2.45	76
#000000	0.03	0.04	0.05	2.45	76
#000000	0.04	0.05	0.05	2.45	76
#000000	0.05	0.06	0.05	2.45	76
#000000	0.06	0.07	0.05	2.45	76
#000000	0.07	0.08	0.05	2.45	76
#000000	0.08	0.09	0.05	2.45	76
#000000	0.09	0.1	0.05	2.45	76
#000000	0.1	0.11	0.05	2.45	76
#000000	0.11	0.12	0.05	2.45	76
#000000	0.12	0.13	0.05	2.45	76
#000000	0.13	0.14	0.05	2.45	76
#000000	0.14	0.15	0.05	2.45	76
#000000	0.15	0.16	0.05	2.45	76
#000000	0.16	0.17	0.05	2.45	76
#000000	0.17	0.18	0.05	2.45	76
#000000	0.18	0.19	0.05	2.45	76
#000000	0.19	0.2	0.05	2.45	76
#000000	0.2	0.21	0.05	2.45	76
#000000	0.21	0.22	0.05	2.45	76
#000000	0.22	0.23	0.05	2.45	76
#000000	0.23	0.24	0.05	2.45	76
#000000	0.24	0.25	0.05	2.45	76
#000000	0.25	0.26	0.05	2.45	76
#000000	0.26	0.27	0.05	2.45	76
#000000	0.27	0.28	0.05	2.45	76
#000000	0.28	0.29	0.05	2.45	76
#000000	0.29	0.3	0.05	2.45	76
#000000	0.3	0.31	0.05	2.45	76
#000000	0.31	0.32	0.05	2.45	76
#000000	0.32	0.33	0.05	2.45	76
#000000	0.33	0.34	0.05	2.45	76
#FF0000	0	0.01	2.55	4.95	76
#FF0000	0.01	0.02	2.55	4.95	76
#FF0000	0.02	0.03	2.55	4.95	76
#FF0000	0.03	0.04	2.55	4.95	76
#FF0000	0.04	0.05	2.55	4.95	76
#FF0000	0.05	0.06	2.55	4.95	76
#0000FF	0	0.01	5.05	7.45	76
#0000FF	0.01	0.02	5.05	7.45	76
#0000FF	0.02	0.03	5.05	7.45	76
#0000FF	0.03	0.04	5.05	7.45	76
#0000FF	0.04	0.05	5.05	7.45	76
#0000FF	0.05	0.06	5.05	7.45	76
#0000FF	0.06	0.07	5.05	7.45	76
#0000FF	0.07	0.08	5.05	7.45	76
#0000FF	0.08	0.09	5.05	7.45	76
#0000FF	0.09	0.1	5.05	7.45	76
#0000FF	0.1	0.11	5.05	7.45	76
#0000FF	0.11	0.12	5.05	7.45	76
#0000FF	0.12	0.13	5.05	7.45	76
#0000FF	0.13	0.14	5.05	7.45	76
#0000FF	0.14	0.15	5.05	7.45	76
#0000FF	0.15	0.16	5.05	7.45	76
#0000FF	0.16	0.17	5.05	7.45	76
#0000FF	0.17	0.18	5.05	7.45	76
#0000FF	0.18	0.19	5.05	7.45	76
#0000FF	0.19	0.2	5.05	7.45	76
#0000FF	0.2	0.21	5.05	7.45	76
#0000FF	0.21	0.22	5.05	7.45	76
#0000FF	0.22	0.23	5.05	7.45	76
#0000FF	0.23	0.24	5.05	7.45	76
#0000FF	0.24	0.25	5.05	7.45	76
#0000FF	0.25	0.26	5.05	7.45	76
#0000FF	0.26	0.27	5.05	7.45	76
#0000FF	0.27	0.28	5.05	7.45	76
#0000FF	0.28	0.29	5.05	7.45	76
#0000FF	0.29	0.3	5.05	7.45	76
#0000FF	0.3	0.31	5.05	7.45	76
#0000FF	0.31	0.32	5.05	7.45	76
#0000FF	0.32	0.33	5.05	7.45	76
#0000FF	0.33	0.34	5.05	7.45	76
#0000FF	0.34	0.35	5.05	7.45	76
#0000FF	0.35	0.36	5.05	7.45	76
#000000	0	0.01	0.05	2.45	77
#000000	0.01	0.02	0.05	2.45	77
#000000	0.02	0.03	0.05	2.45	77
#000000	0.03	0.04	0.05	2.45	77
#000000	0.04	0.05	0.05	2.45	77
#000000	0.05	0.06	0.05	2.45	77
#000000	0.06	0.07	0.05	2.45	77
#000000	0.07	0.08	0.05	2.45	77
#000000	0.08	0.09	0.05	2.45	77
#000000	0.09	0.1	0.05	2.45	77
#000000	0.1	0.11	0.05	2.45	77
#000000	0.11	0.12	0.05	2.45	77
#000000	0.12	0.13	0.05	2.45	77
#000000	0.13	0.14	0.05	2.45	77
#000000	0.14	0.15	0.05	2.45	77
#000000	0.15	0.16	0.05	2.45	77
#000000	0.16	0.17	0.05	2.45	77
#000000	0.17	0.18	0.05	2.45	77
#000000	0.18	0.19	0.05	2.45	77
#000000	0.19	0.2	0.05	2.45	77
#000000	0.2	0.21	0.05	2.45	77
#000000	0.21	0.22	0.05	2.45	77
#000000	0.22	0.23	0.05	2.45	77
#000000	0.23	0.24	0.05	2.45	77
#000000	0.24	0.25	0.05	2.45	77
#000000	0.25	0.26	0.05	2.45	77
#000000	0.26	0.27	0.05	2.45	77
#000000	0.27	0.28	0.05	2.45	77
#000000	0.28	0.29	0.05	2.45	77
#000000	0.29	0.3	0.05	2.45	77
#000000	0.3	0.31	0.05	2.45	77
#000000	0.31	0.32	0.05	2.45	77
#000000	0.32	0.33	0.05	2.45	77
#000000	0.33	0.34	0.05	2.45	77
#000000	0.34	0.35	0.05	2.45	77
#FF0000	0	0.01	2.55	4.95	77
#FF0000	0.01	0.02	2.55	4.95	77
#FF0000	0.02	0.03	2.55	4.95	77
#FF0000	0.03	0.04	2.55	4.95	77
#FF0000	0.04	0.05	2.55	4.95	77
#FF0000	0.05	0.06	2.55	4.95	77
#0000FF	0	0.01	5.05	7.45	77
#0000FF	0.01	0.02	5.05	7.45	77
#0000FF	0.02	0.03	5.05	7.45	77
#0000FF	0.03	0.04	5.05	7.45	77
#0000FF	0.04	0.05	5.05	7.45	77
#0000FF	0.05	0.06	5.05	7.45	77
#0000FF	0.06	0.07	5.05	7.45	77
#0000FF	0.07	0.08	5.05	7.45	77
#0000FF	0.08	0.09	5.05	7.45	77
#0000FF	0.09	0.1	5.05	7.45	77
#0000FF	0.1	0.11	5.05	7.45	77
#0000FF	0.11	0.12	5.05	7.45	77
#0000FF	0.12	0.13	5.05	7.45	77
#0000FF	0.13	0.14	5.05	7.45	77
#0000FF	0.14	0.15	5.05	7.45	77
#0000FF	0.15	0.16	5.05	7.45	77
#0000FF	0.16	0.17	5.05	7.45	77
#0000FF	0.17	0.18	5.05	7.45	77
#0000FF	0.18	0.19	5.05	7.45	77
#0000FF	0.19	0.2	5.05	7.45	77
#0000FF	0.2	0.21	5.05	7.45	77
#0000FF	0.21	0.22	5.05	7.45	77
#0000FF	0.22	0.23	5.05	7.45	77
#0000FF	0.23	0.24	5.05	7.45	77
#0000FF	0.24	0.25	5.05	7.45	77
#0000FF	0.25	0.26	5.05	7.45	77
#0000FF	0.26	0.27	5.05	7.45	77
#0000FF	0.27	0.28	5.05	7.45	77
#0000FF	0.28	0.29	5.05	7.45	77
#0000FF	0.29	0.3	5.05	7.45	77
#0000FF	0.3	0.31	5.05	7.45	77
#0000FF	0.31	0.32	5.05	7.45	77
#0000FF	0.32	0.33	5.05	7.45	77
#0000FF	0.33	0.34	5.05	7.45	77
#0000FF	0.34	0.35	5.05	7.45	77
#0000FF	0.35	0.36	5.05	7.45	77
#000000	0	0.01	0.05	2.45	78
#000000	0.01	0.02	0.05	2.45	78
#000000	0.02	0.03	0.05	2.45	78
#000000	0.03	0.04	0.05	2.45	78
#000000	0.04	0.05	0.05	2.45	78
#000000	0.05	0.06	0.05	2.45	78
#000000	0.06	0.07	0.05	2.45	78
#000000	0.07	0.08	0.05	2.45	78
#000000	0.08	0.09	0.05	2.45	78
#000000	0.09	0.1	0.05	2.45	78
#000000	0.1	0.11	0.05	2.45	78
#000000	0.11	0.12	0.05	2.45	78
#000000	0.12	0.13	0.05	2.45	78
#000000	0.13	0.14	0.05	2.45	78
#000000	0.14	0.15	0.05	2.45	78
#000000	0.15	0.16	0.05	2.45	78
#000000	0.16	0.17	0.05	2.45	78
#000000	0.17	0.18	0.05	2.45	78
#000000	0.18	0.19	0.05	2.45	78
#000000	0.19	0.2	0.05	2.45	78
#000000	0.2	0.21	0.05	2.45	78
#000000	0.21	0.22	0.05	2.45	78
#000000	0.22	0.23	0.05	2.45	78
#000000	0.23	0.24	0.05	2.45	78
#000000	0.24	0.25	0.05	2.45	78
#000000	0.25	0.26	0.05	2.45	78
#000000	0.26	0.27	0.05	2.45	78
#000000	0.27	0.28	0.05	2.45	78
#000000	0.28	0.29	0.05	2.45	78
#000000	0.29	0.3	0.05	2.45	78
#000000	0.3	0.31	0.05	2.45	78
#000000	0.31	0.32	0.05	2.45	78
#000000	0.32	0.33	0.05	2.45	78
#000000	0.33	0.34	0.05	2.45	78
#000000	0.34	0.35	0.05	2.45	78
#FF0000	0	0.01	2.55	4.95	78
#FF0000	0.01	0.02	2.55	4.95	78
#FF0000	0.02	0.03	2.55	4.95	78
#FF0000	0.03	0.04	2.55	4.95	78
#FF0000	0.04	0.05	2.55	4.95	78
#FF0000	0.05	0.06	2.55	4.95	78
#0000FF	0	0.01	5.05	7.45	78
#0000FF	0.01	0.02	5.05	7.45	78
#0000FF	0.02	0.03	5.05	7.45	78
#0000FF	0.03	0.04	5.05	7.45	78
#0000FF	0.04	0.05	5.05	7.45	78
#0000FF	0.05	0.06	5.05	7.45	78
#0000FF	0.06	0.07	5.05	7.45	78
#0000FF	0.07	0.08	5.05	7.45	78
#0000FF	0.08	0.09	5.05	7.45	78
#0000FF	0.09	0.1	5.05	7.45	78
#0000FF	0.1	0.11	5.05	7.45	78
#0000FF	0.11	0.12	5.05	7.45	78
#0000FF	0.12	0.13	5.05	7.45	78
#0000FF	0.13	0.14	5.05	7.45	78
#0000FF	0.14	0.15	5.05	7.45	78
#0000FF	0.15	0.16	5.05	7.45	78
#0000FF	0.16	0.17	5.05	7.45	78
#0000FF	0.17	0.18	5.05	7.45	78
#0000FF	0.18	0.19	5.05	7.45	78
#0000FF	0.19	0.2	5.05	7.45	78
#0000FF	0.2	0.21	5.05	7.45	78
#0000FF	0.21	0.22	5.05	7.45	78
#0000FF	0.22	0.23	5.05	7.45	78
#0000FF	0.23	0.24	5.05	7.45	78
#0000FF	0.24	0.25	5.05	7.45	78
#0000FF	0.25	0.26	5.05	7.45	78
#0000FF	0.26	0.27	5.05	7.45	78
#0000FF	0.27	0.28	5.05	7.45	78
#0000FF	0.28	0.29	5.05	7.45	78
#0000FF	0.29	0.3	5.05	7.45	78
#0000FF	0.3	0.31	5.05	7.45	78
#0000FF	0.31	0.32	5.05	7.45	78
#0000FF	0.32	0.33	5.05	7.45	78
#0000FF	0.33	0.34	5.05	7.45	78
#0000FF	0.34	0.35	5.05	7.45	78
#0000FF	0.35	0.36	5.05	7.45	78
#0000FF	0.36	0.37	5.05	7.45	78
#000000	0	0.01	0.05	2.45	79
#000000	0.01	0.02	0.05	2.45	79
#000000	0.02	0.03	0.05	2.45	79
#000000	0.03	0.04	0.05	2.45	79
#000000	0.04	0.05	0.05	2.45	79
#000000	0.05	0.06	0.05	2.45	79
#000000	0.06	0.07	0.05	2.45	79
#000000	0.07	0.08	0.05	2.45	79
#000000	0.08	0.09	0.05	2.45	79
#000000	0.09	0.1	0.05	2.45	79
#000000	0.1	0.11	0.05	2.45	79
#000000	0.11	0.12	0.05	2.45	79
#000000	0.12	0.13	0.05	2.45	79
#000000	0.13	0.14	0.05	2.45	79
#000000	0.14	0.15	0.05	2.45	79
#000000	0.15	0.16	0.05	2.45	79
#000000	0.16	0.17	0.05	2.45	79
#000000	0.17	0.18	0.05	2.45	79
#000000	0.18	0.19	0.05	2.45	79
#000000	0.19	0.2	0.05	2.45	79
#000000	0.2	0.21	0.05	2.45	79
#000000	0.21	0.22	0.05	2.45	79
#000000	0.22	0.23	0.05	2.45	79
#000000	0.23	0.24	0.05	2.45	79
#000000	0.24	0.25	0.05	2.45	79
#000000	0.25	0.26	0.05	2.45	79
#000000	0.26	0.27	0.05	2.45	79
#000000	0.27	0.28	0.05	2.45	79
#000000	0.28	0.29	0.05	2.45	79
#000000	0.29	0.3	0.05	2.45	79
#000000	0.3	0.31	0.05	2.45	79
#000000	0.31	0.32	0.05	2.45	79
#000000	0.32	0.33	0.05	2.45	79
#000000	0.33	0.34	0.05	2.45	79
#000000	0.34	0.35	0.05	2.45	79
#000000	0.35	0.36	0.05	2.45	79
#FF0000	0	0.01	2.55	4.95	79
#FF0000	0.01	0.02	2.55	4.95	79
#FF0000	0.02	0.03	2.55	4.95	79
#FF0000	0.03	0.04	2.55	4.95	79
#FF0000	0.04	0.05	2.55	4.95	79
#FF0000	0.05	0.06	2.55	4.95	79
#0000FF	0	0.01	5.05	7.45	79
#0000FF	0.01	0.02	5.05	7.45	79
#0000FF	0.02	0.03	5.05	7.45	79
#0000FF	0.03	0.04	5.05	7.45	79
#0000FF	0.04	0.05	5.05	7.45	79
#0000FF	0.05	0.06	5.05	7.45	79
#0000FF	0.06	0.07	5.05	7.45	79
#0000FF	0.07	0.08	5.05	7.45	79
#0000FF	0.08	0.09	5.05	7.45	79
#0000FF	0.09	0.1	5.05	7.45	79
#0000FF	0.1	0.11	5.05	7.45	79
#0000FF	0.11	0.12	5.05	7.45	79
#0000FF	0.12	0.13	5.05	7.45	79
#0000FF	0.13	0.14	5.05	7.45	79
#0000FF	0.14	0.15	5.05	7.45	79
#0000FF	0.15	0.16	5.05	7.45	79
#0000FF	0.16	0.17	5.05	7.45	79
#0000FF	0.17	0.18	5.05	7.45	79
#0000FF	0.18	0.19	5.05	7.45	79
#0000FF	0.19	0.2	5.05	7.45	79
#0000FF	0.2	0.21	5.05	7.45	79
#0000FF	0.21	0.22	5.05	7.45	79
#0000FF	0.22	0.23	5.05	7.45	79
#0000FF	0.23	0.24	5.05	7.45	79
#0000FF	0.24	0.25	5.05	7.45	79
#0000FF	0.25	0.26	5.05	7.45	79
#0000FF	0.26	0.27	5.05	7.45	79
#0000FF	0.27	0.28	5.05	7.45	79
#0000FF	0.28	0.29	5.05	7.45	79
#0000FF	0.29	0.3	5.05	7.45	79
#0000FF	0.3	0.31	5.05	7.45	79
#0000FF	0.31	0.32	5.05	7.45	79
#0000FF	0.32	0.33	5.05	7.45	79
#0000FF	0.33	0.34	5.05	7.45	79
#0000FF	0.34	0.35	5.05	7.45	79
#0000FF	0.35	0.36	5.05	7.45	79
#0000FF	0.36	0.37	5.05	7.45	79
#000000	0	0.01	0.05	2.45	80
#000000	0.01	0.02	0.05	2.45	80
#000000	0.02	0.03	0.05	2.45	80
#000000	0.03	0.04	0.05	2.45	80
#000000	0.04	0.05	0.05	2.45	80
#000000	0.05	0.06	0.05	2.45	80
#000000	0.06	0.07	0.05	2.45	80
#000000	0.07	0.08	0.05	2.45	80
#000000	0.08	0.09	0.05	2.45	80
#000000	0.09	0.1	0.05	2.45	80
#000000	0.1	0.11	0.05	2.45	80
#000000	0.11	0.12	0.05	2.45	80
#000000	0.12	0.13	0.05	2.45	80
#000000	0.13	0.14	0.05	2.45	80
#000000	0.14	0.15	0.05	2.45	80
#000000	0.15	0.16	0.05	2.45	80
#000000	0.16	0.17	0.05	2.45	80
#000000	0.17	0.18	0.05	2.45	80
#000000	0.18	0.19	0.05	2.45	80
#000000	0.19	0.2	0.05	2.45	80
#000000	0.2	0.21	0.05	2.45	80
#000000	0.21	0.22	0.05	2.45	80
#000000	0.22	0.23	0.05	2.45	80
#000000	0.23	0.24	0.05	2.45	80
#000000	0.24	0.25	0.05	2.45	80
#000000	0.25	0.26	0.05	2.45	80
#000000	0.26	0.27	0.05	2.45	80
#000000	0.27	0.28	0.05	2.45	80
#000000	0.28	0.29	0.05	2.45	80
#000000	0.29	0.3	0.05	2.45	80
#000000	0.3	0.31	0.05	2.45	80
#000000	0.31	0.32	0.05	2.45	80
#000000	0.32	0.33	0.05	2.45	80
#000000	0.33	0.34	0.05	2.45	80
#000000	0.34	0.35	0.05	2.45	80
#000000	0.35	0.36	0.05	2.45	80
#000000	0.36	0.37	0.05	2.45	80
#FF0000	0	0.01	2.55	4.95	80
#FF0000	0.01	0.02	2.55	4.95	80
#FF0000	0.02	0.03	2.55	4.95	80
#FF0000	0.03	0.04	2.55	4.95	80
#FF0000	0.04	0.05	2.55	4.95	80
#FF0000	0.05	0.06	2.55	4.95	80
#0000FF	0	0.01	5.05	7.45	80
#0000FF	0.01	0.02	5.05	7.45	80
#0000FF	0.02	0.03	5.05	7.45	80
#0000FF	0.03	0.04	5.05	7.45	80
#0000FF	0.04	0.05	5.05	7.45	80
#0000FF	0.05	0.06	5.05	7.45	80
#0000FF	0.06	0.07	5.05	7.45	80
#0000FF	0.07	0.08	5.05	7.45	80
#0000FF	0.08	0.09	5.05	7.45	80
#0000FF	0.09	0.1	5.05	7.45	80
#0000FF	0.1	0.11	5.05	7.45	80
#0000FF	0.11	0.12	5.05	7.45	80
#0000FF	0.12	0.13	5.05	7.45	80
#0000FF	0.13	0.14	5.05	7.45	80
#0000FF	0.14	0.15	5.05	7.45	80
#0000FF	0.15	0.16	5.05	7.45	80
#0000FF	0.16	0.17	5.05	7.45	80
#0000FF	0.17	0.18	5.05	7.45	80
#0000FF	0.18	0.19	5.05	7.45	80
#0000FF	0.19	0.2	5.05	7.45	80
#0000FF	0.2	0.21	5.05	7.45	80
#0000FF	0.21	0.22	5.05	7.45	80
#0000FF	0.22	0.23	5.05	7.45	80
#0000FF	0.23	0.24	5.05	7.45	80
#0000FF	0.24	0.25	5.05	7.45	80
#0000FF	0.25	0.26	5.05	7.45	80
#0000FF	0.26	0.27	5.05	7.45	80
#0000FF	0.27	0.28	5.05	7.45	80
#0000FF	0.28	0.29	5.05	7.45	80
#0000FF	0.29	0.3	5.05	7.45	80
#0000FF	0.3	0.31	5.05	7.45	80
#0000FF	0.31	0.32	5.05	7.45	80
#0000FF	0.32	0.33	5.05	7.45	80
#0000FF	0.33	0.34	5.05	7.45	80
#0000FF	0.34	0.35	5.05	7.45	80
#0000FF	0.35	0.36	5.05	7.45	80
#0000FF	0.36	0.37	5.05	7.45	80
#000000	0	0.01	0.05	2.45	81
#000000	0.01	0.02	0.05	2.45	81
#000000	0.02	0.03	0.05	2.45	81
#000000	0.03	0.04	0.05	2.45	81
#000000	0.04	0.05	0.05	2.45	81
#000000	0.05	0.06	0.05	2.45	81
#000000	0.06	0.07	0.05	2.45	81
#000000	0.07	0.08	0.05	2.45	81
#000000	0.08	0.09	0.05	2.45	81
#000000	0.09	0.1	0.05	2.45	81
#000000	0.1	0.11	0.05	2.45	81
#000000	0.11	0.12	0.05	2.45	81
#000000	0.12	0.13	0.05	2.45	81
#000000	0.13	0.14	0.05	2.45	81
#000000	0.14	0.15	0.05	2.45	81
#000000	0.15	0.16	0.05	2.45	81
#000000	0.16	0.17	0.05	2.45	81
#000000	0.17	0.18	0.05	2.45	81
#000000	0.18	0.19	0.05	2.45	81
#000000	0.19	0.2	0.05	2.45	81
#000000	0.2	0.21	0.05	2.45	81
#000000	0.21	0.22	0.05	2.45	81
#000000	0.22	0.23	0.05	2.45	81
#000000	0.23	0.24	0.05	2.45	81
#000000	0.24	0.25	0.05	2.45	81
#000000	0.25	0.26	0.05	2.45	81
#000000	0.26	0.27	0.05	2.45	81
#000000	0.27	0.28	0.05	2.45	81
#000000	0.28	0.29	0.05	2.45	81
#000000	0.29	0.3	0.05	2.45	81
#000000	0.3	0.31	0.05	2.45	81
#000000	0.31	0.32	0.05	2.45	81
#000000	0.32	0.33	0.05	2.45	81
#000000	0.33	0.34	0.05	2.45	81
#000000	0.34	0.35	0.05	2.45	81
#000000	0.35	0.36	0.05	2.45	81
#000000	0.36	0.37	0.05	2.45	81
#000000	0.37	0.38	0.05	2.45	81
#FF0000	0	0.01	2.55	4.95	81
#FF0000	0.01	0.02	2.55	4.95	81
#FF0000	0.02	0.03	2.55	4.95	81
#FF0000	0.03	0.04	2.55	4.95	81
#FF0000	0.04	0.05	2.55	4.95	81
#FF0000	0.05	0.06	2.55	4.95	81
#0000FF	0	0.01	5.05	7.45	81
#0000FF	0.01	0.02	5.05	7.45	81
#0000FF	0.02	0.03	5.05	7.45	81
#0000FF	0.03	0.04	5.05	7.45	81
#0000FF	0.04	0.05	5.05	7.45	81
#0000FF	0.05	0.06	5.05	7.45	81
#0000FF	0.06	0.07	5.05	7.45	81
#0000FF	0.07	0.08	5.05	7.45	81
#0000FF	0.08	0.09	5.05	7.45	81
#0000FF	0.09	0.1	5.05	7.45	81
#0000FF	0.1	0.11	5.05	7.45	81
#0000FF	0.11	0.12	5.05	7.45	81
#0000FF	0.12	0.13	5.05	7.45	81
#0000FF	0.13	0.14	5.05	7.45	81
#0000FF	0.14	0.15	5.05	7.45	81
#0000FF	0.15	0.16	5.05	7.45	81
#0000FF	0.16	0.17	5.05	7.45	81
#0000FF	0.17	0.18	5.05	7.45	81
#0000FF	0.18	0.19	5.05	7.45	81
#0000FF	0.19	0.2	5.05	7.45	81
#0000FF	0.2	0.21	5.05	7.45	81
#0000FF	0.21	0.22	5.05	7.45	81
#0000FF	0.22	0.23	5.05	7.45	81
#0000FF	0.23	0.24	5.05	7.45	81
#0000FF	0.24	0.25	5.05	7.45	81
#0000FF	0.25	0.26	5.05	7.45	81
#0000FF	0.26	0.27	5.05	7.45	81
#0000FF	0.27	0.28	5.05	7.45	81
#0000FF	0.28	0.29	5.05	7.45	81
#0000FF	0.29	0.3	5.05	7.45	81
#0000FF	0.3	0.31	5.05	7.45	81
#0000FF	0.31	0.32	5.05	7.45	81
#0000FF	0.32	0.33	5.05	7.45	81
#0000FF	0.33	0.34	5.05	7.45	81
#0000FF	0.34	0.35	5.05	7.45	81
#0000FF	0.35	0.36	5.05	7.45	81
#0000FF	0.36	0.37	5.05	7.45	81
#000000	0	0.01	0.05	2.45	82
#000000	0.01	0.02	0.05	2.45	82
#000000	0.02	0.03	0.05	2.45	82
#000000	0.03	0.04	0.05	2.45	82
#000000	0.04	0.05	0.05	2.45	82
#000000	0.05	0.06	0.05	2.45	82
#000000	0.06	0.07	0.05	2.45	82
#000000	0.07	0.08	0.05	2.45	82
#000000	0.08	0.09	0.05	2.45	82
#000000	0.09	0.1	0.05	2.45	82
#000000	0.1	0.11	0.05	2.45	82
#000000	0.11	0.12	0.05	2.45	82
#000000	0.12	0.13	0.05	2.45	82
#000000	0.13	0.14	0.05	2.45	82
#000000	0.14	0.15	0.05	2.45	82
#000000	0.15	0.16	0.05	2.45	82
#000000	0.16	0.17	0.05	2.45	82
#000000	0.17	0.18	0.05	2.45	82
#000000	0.18	0.19	0.05	2.45	82
#000000	0.19	0.2	0.05	2.45	82
#000000	0.2	0.21	0.05	2.45	82
#000000	0.21	0.22	0.05	2.45	82
#000000	0.22	0.23	0.05	2.45	82
#000000	0.23	0.24	0.05	2.45	82
#000000	0.24	0.25	0.05	2.45	82
#000000	0.25	0.26	0.05	2.45	82
#000000	0.26	0.27	0.05	2.45	82
#000000	0.27	0.28	0.05	2.45	82
#000000	0.28	0.29	0.05	2.45	82
#000000	0.29	0.3	0.05	2.45	82
#000000	0.3	0.31	0.05	2.45	82
#000000	0.31	0.32	0.05	2.45	82
#000000	0.32	0.33	0.05	2.45	82
#000000	0.33	0.34	0.05	2.45	82
#000000	0.34	0.35	0.05	2.45	82
#000000	0.35	0.36	0.05	2.45	82
#000000	0.36	0.37	0.05	2.45	82
#000000	0.37	0.38	0.05	2.45	82
#FF0000	0	0.01	2.55	4.95	82
#FF0000	0.01	0.02	2.55	4.95	82
#FF0000	0.02	0.03	2.55	4.95	82
#FF0000	0.03	0.04	2.55	4.95	82
#FF0000	0.04	0.05	2.55	4.95	82
#FF0000	0.05	0.06	2.55	4.95	82
#0000FF	0	0.01	5.05	7.45	82
#0000FF	0.01	0.02	5.05	7.45	82
#0000FF	0.02	0.03	5.05	7.45	82
#0000FF	0.03	0.04	5.05	7.45	82
#0000FF	0.04	0.05	5.05	7.45	82
#0000FF	0.05	0.06	5.05	7.45	82
#0000FF	0.06	0.07	5.05	7.45	82
#0000FF	0.07	0.08	5.05	7.45	82
#0000FF	0.08	0.09	5.05	7.45	82
#0000FF	0.09	0.1	5.05	7.45	82
#0000FF	0.1	0.11	5.05	7.45	82
#0000FF	0.11	0.12	5.05	7.45	82
#0000FF	0.12	0.13	5.05	7.45	82
#0000FF	0.13	0.14	5.05	7.45	82
#0000FF	0.14	0.15	5.05	7.45	82
#0000FF	0.15	0.16	5.05	7.45	82
#0000FF	0.16	0.17	5.05	7.45	82
#0000FF	0.17	0.18	5.05	7.45	82
#0000FF	0.18	0.19	5.05	7.45	82
#0000FF	0.19	0.2	5.05	7.45	82
#0000FF	0.2	0.21	5.05	7.45	82
#0000FF	0.21	0.22	5.05	7.45	82
#0000FF	0.22	0.23	5.05	7.45	82
#0000FF	0.23	0.24	5.05	7.45	82
#0000FF	0.24	0.25	5.05	7.45	82
#0000FF	0.25	0.26	5.05	7.45	82
#0000FF	0.26	0.27	5.05	7.45	82
#0000FF	0.27	0.28	5.05	7.45	82
#0000FF	0.28	0.29	5.05	7.45	82
#0000FF	0.29	0.3	5.05	7.45	82
#0000FF	0.3	0.31	5.05	7.45	82
#0000FF	0.31	0.32	5.05	7.45	82
#0000FF	0.32	0.33	5.05	7.45	82
#0000FF	0.33	0.34	5.05	7.45	82
#0000FF	0.34	0.35	5.05	7.45	82
#0000FF	0.35	0.36	5.05	7.45	82
#0000FF	0.36	0.37	5.05	7.45	82
#0000FF	0.37	0.38	5.05	7.45	82
#000000	0	0.01	0.05	2.45	83
#000000	0.01	0.02	0.05	2.45	83
#000000	0.02	0.03	0.05	2.45	83
#000000	0.03	0.04	0.05	2.45	83
#000000	0.04	0.05	0.05	2.45	83
#000000	0.05	0.06	0.05	2.45	83
#000000	0.06	0.07	0.05	2.45	83
#000000	0.07	0.08	0.05	2.45	83
#000000	0.08	0.09	0.05	2.45	83
#000000	0.09	0.1	0.05	2.45	83
#000000	0.1	0.11	0.05	2.45	83
#000000	0.11	0.12	0.05	2.45	83
#000000	0.12	0.13	0.05	2.45	83
#000000	0.13	0.14	0.05	2.45	83
#000000	0.14	0.15	0.05	2.45	83
#000000	0.15	0.16	0.05	2.45	83
#000000	0.16	0.17	0.05	2.45	83
#000000	0.17	0.18	0.05	2.45	83
#000000	0.18	0.19	0.05	2.45	83
#000000	0.19	0.2	0.05	2.45	83
#000000	0.2	0.21	0.05	2.45	83
#000000	0.21	0.22	0.05	2.45	83
#000000	0.22	0.23	0.05	2.45	83
#000000	0.23	0.24	0.05	2.45	83
#000000	0.24	0.25	0.05	2.45	83
#000000	0.25	0.26	0.05	2.45	83
#000000	0.26	0.27	0.05	2.45	83
#000000	0.27	0.28	0.05	2.45	83
#000000	0.28	0.29	0.05	2.45	83
#000000	0.29	0.3	0.05	2.45	83
#000000	0.3	0.31	0.05	2.45	83
#000000	0.31	0.32	0.05	2.45	83
#000000	0.32	0.33	0.05	2.45	83
#000000	0.33	0.34	0.05	2.45	83
#000000	0.34	0.35	0.05	2.45	83
#000000	0.35	0.36	0.05	2.45	83
#000000	0.36	0.37	0.05	2.45	83
#000000	0.37	0.38	0.05	2.45	83
#000000	0.38	0.39	0.05	2.45	83
#FF0000	0	0.01	2.55	4.95	83
#FF0000	0.01	0.02	2.55	4.95	83
#FF0000	0.02	0.03	2.55	4.95	83
#FF0000	0.03	0.04	2.55	4.95	83
#FF0000	0.04	0.05	2.55	4.95	83
#FF0000	0.05	0.06	2.55	4.95	83
#0000FF	0	0.01	5.05	7.45	83
#0000FF	0.01	0.02	5.05	7.45	83
#0000FF	0.02	0.03	5.05	7.45	83
#0000FF	0.03	0.04	5.05	7.45	83
#0000FF	0.04	0.05	5.05	7.45	83
#0000FF	0.05	0.06	5.05	7.45	83
#0000FF	0.06	0.07	5.05	7.45	83
#0000FF	0.07	0.08	5.05	7.45	83
#0000FF	0.08	0.09	5.05	7.45	83
#0000FF	0.09	0.1	5.05	7.45	83
#0000FF	0.1	0.11	5.05	7.45	83
#0000FF	0.11	0.12	5.05	7.45	83
#0000FF	0.12	0.13	5.05	7.45	83
#0000FF	0.13	0.14	5.05	7.45	83
#0000FF	0.14	0.15	5.05	7.45	83
#0000FF	0.15	0.16	5.05	7.45	83
#0000FF	0.16	0.17	5.05	7.45	83
#0000FF	0.17	0.18	5.05	7.45	83
#0000FF	0.18	0.19	5.05	7.45	83
#0000FF	0.19	0.2	5.05	7.45	83
#0000FF	0.2	0.21	5.05	7.45	83
#0000FF	0.21	0.22	5.05	7.45	83
#0000FF	0.22	0.23	5.05	7.45	83
#0000FF	0.23	0.24	5.05	7.45	83
#0000FF	0.24	0.25	5.05	7.45	83
#0000FF	0.25	0.26	5.05	7.45	83
#0000FF	0.26	0.27	5.05	7.45	83
#0000FF	0.27	0.28	5.05	7.45	83
#0000FF	0.28	0.29	5.05	7.45	83
#0000FF	0.29	0.3	5.05	7.45	83
#0000FF	0.3	0.31	5.05	7.45	83
#0000FF	0.31	0.32	5.05	7.45	83
#0000FF	0.32	0.33	5.05	7.45	83
#0000FF	0.33	0.34	5.05	7.45	83
#0000FF	0.34	0.35	5.05	7.45	83
#0000FF	0.35	0.36	5.05	7.45	83
#0000FF	0.36	0.37	5.05	7.45	83
#0000FF	0.37	0.38	5.05	7.45	83
#000000	0	0.01	0.05	2.45	84
#000000	0.01	0.02	0.05	2.45	84
#000000	0.02	0.03	0.05	2.45	84
#000000	0.03	0.04	0.05	2.45	84
#000000	0.04	0.05	0.05	2.45	84
#000000	0.05	0.06	0.05	2.45	84
#000000	0.06	0.07	0.05	2.45	84
#000000	0.07	0.08	0.05	2.45	84
#000000	0.08	0.09	0.05	2.45	84
#000000	0.09	0.1	0.05	2.45	84
#000000	0.1	0.11	0.05	2.45	84
#000000	0.11	0.12	0.05	2.45	84
#000000	0.12	0.13	0.05	2.45	84
#000000	0.13	0.14	0.05	2.45	84
#000000	0.14	0.15	0.05	2.45	84
#000000	0.15	0.16	0.05	2.45	84
#000000	0.16	0.17	0.05	2.45	84
#000000	0.17	0.18	0.05	2.45	84
#000000	0.18	0.19	0.05	2.45	84
#000000	0.19	0.2	0.05	2.45	84
#000000	0.2	0.21	0.05	2.45	84
#000000	0.21	0.22	0.05	2.45	84
#000000	0.22	0.23	0.05	2.45	84
#000000	0.23	0.24	0.05	2.45	84
#000000	0.24	0.25	0.05	2.45	84
#000000	0.25	0.26	0.05	2.45	84
#000000	0.26	0.27	0.05	2.45	84
#000000	0.27	0.28	0.05	2.45	84
#000000	0.28	0.29	0.05	2.45	84
#000000	0.29	0.3	0.05	2.45	84
#000000	0.3	0.31	0.05	2.45	84
#000000	0.31	0.32	0.05	2.45	84
#000000	0.32	0.33	0.05	2.45	84
#000000	0.33	0.34	0.05	2.45	84
#000000	0.34	0.35	0.05	2.45	84
#000000	0.35	0.36	0.05	2.45	84
#000000	0.36	0.37	0.05	2.45	84
#000000	0.37	0.38	0.05	2.45	84
#000000	0.38	0.39	0.05	2.45	84
#FF0000	0	0.01	2.55	4.95	84
#FF0000	0.01	0.02	2.55	4.95	84
#FF0000	0.02	0.03	2.55	4.95	84
#FF0000	0.03	0.04	2.55	4.95	84
#FF0000	0.04	0.05	2.55	4.95	84
#FF0000	0.05	0.06	2.55	4.95	84
#0000FF	0	0.01	5.05	7.45	84
#0000FF	0.01	0.02	5.05	7.45	84
#0000FF	0.02	0.03	5.05	7.45	84
#0000FF	0.03	0.04	5.05	7.45	84
#0000FF	0.04	0.05	5.05	7.45	84
#0000FF	0.05	0.06	5.05	7.45	84
#0000FF	0.06	0.07	5.05	7.45	84
#0000FF	0.07	0.08	5.05	7.45	84
#0000FF	0.08	0.09	5.05	7.45	84
#0000FF	0.09	0.1	5.05	7.45	84
#0000FF	0.1	0.11	5.05	7.45	84
#0000FF	0.11	0.12	5.05	7.45	84
#0000FF	0.12	0.13	5.05	7.45	84
#0000FF	0.13	0.14	5.05	7.45	84
#0000FF	0.14	0.15	5.05	7.45	84
#0000FF	0.15	0.16	5.05	7.45	84
#0000FF	0.16	0.17	5.05	7.45	84
#0000FF	0.17	0.18	5.05	7.45	84
#0000FF	0.18	0.19	5.05	7.45	84
#0000FF	0.19	0.2	5.05	7.45	84
#0000FF	0.2	0.21	5.05	7.45	84
#0000FF	0.21	0.22	5.05	7.45	84
#0000FF	0.22	0.23	5.05	7.45	84
#0000FF	0.23	0.24	5.05	7.45	84
#0000FF	0.24	0.25	5.05	7.45	84
#0000FF	0.25	0.26	5.05	7.45	84
#0000FF	0.26	0.27	5.05	7.45	84
#0000FF	0.27	0.28	5.05	7.45	84
#0000FF	0.28	0.29	5.05	7.45	84
#0000FF	0.29	0.3	5.05	7.45	84
#0000FF	0.3	0.31	5.05	7.45	84
#0000FF	0.31	0.32	5.05	7.45	84
#0000FF	0.32	0.33	5.05	7.45	84
#0000FF	0.33	0.34	5.05	7.45	84
#0000FF	0.34	0.35	5.05	7.45	84
#0000FF	0.35	0.36	5.05	7.45	84
#0000FF	0.36	0.37	5.05	7.45	84
#0000FF	0.37	0.38	5.05	7.45	84
#0000FF	0.38	0.39	5.05	7.45	84
#000000	0	0.01	0.05	2.45	85
#000000	0.01	0.02	0.05	2.45	85
#000000	0.02	0.03	0.05	2.45	85
#000000	0.03	0.04	0.05	2.45	85
#000000	0.04	0.05	0.05	2.45	85
#000000	0.05	0.06	0.05	2.45	85
#000000	0.06	0.07	0.05	2.45	85
#000000	0.07	0.08	0.05	2.45	85
#000000	0.08	0.09	0.05	2.45	85
#000000	0.09	0.1	0.05	2.45	85
#000000	0.1	0.11	0.05	2.45	85
#000000	0.11	0.12	0.05	2.45	85
#000000	0.12	0.13	0.05	2.45	85
#000000	0.13	0.14	0.05	2.45	85
#000000	0.14	0.15	0.05	2.45	85
#000000	0.15	0.16	0.05	2.45	85
#000000	0.16	0.17	0.05	2.45	85
#000000	0.17	0.18	0.05	2.45	85
#000000	0.18	0.19	0.05	2.45	85
#000000	0.19	0.2	0.05	2.45	85
#000000	0.2	0.21	0.05	2.45	85
#000000	0.21	0.22	0.05	2.45	85
#000000	0.22	0.23	0.05	2.45	85
#000000	0.23	0.24	0.05	2.45	85
#000000	0.24	0.25	0.05	2.45	85
#000000	0.25	0.26	0.05	2.45	85
#000000	0.26	0.27	0.05	2.45	85
#000000	0.27	0.28	0.05	2.45	85
#000000	0.28	0.29	0.05	2.45	85
#000000	0.29	0.3	0.05	2.45	85
#000000	0.3	0.31	0.05	2.45	85
#000000	0.31	0.32	0.05	2.45	85
#000000	0.32	0.33	0.05	2.45	85
#000000	0.33	0.34	0.05	2.45	85
#000000	0.34	0.35	0.05	2.45	85
#000000	0.35	0.36	0.05	2.45	85
#000000	0.36	0.37	0.05	2.45	85
#000000	0.37	0.38	0.05	2.45	85
#000000	0.38	0.39	0.05	2.45	85
#000000	0.39	0.4	0.05	2.45	85
#FF0000	0	0.01	2.55	4.95	85
#FF0000	0.01	0.02	2.55	4.95	85
#FF0000	0.02	0.03	2.55	4.95	85
#FF0000	0.03	0.04	2.55	4.95	85
#FF0000	0.04	0.05	2.55	4.95	85
#FF0000	0.05	0.06	2.55	4.95	85
#0000FF	0	0.01	5.05	7.45	85
#0000FF	0.01	0.02	5.05	7.45	85
#0000FF	0.02	0.03	5.05	7.45	85
#0000FF	0.03	0.04	5.05	7.45	85
#0000FF	0.04	0.05	5.05	7.45	85
#0000FF	0.05	0.06	5.05	7.45	85
#0000FF	0.06	0.07	5.05	7.45	85
#0000FF	0.07	0.08	5.05	7.45	85
#0000FF	0.08	0.09	5.05	7.45	85
#0000FF	0.09	0.1	5.05	7.45	85
#0000FF	0.1	0.11	5.05	7.45	85
#0000FF	0.11	0.12	5.05	7.45	85
#0000FF	0.12	0.13	5.05	7.45	85
#0000FF	0.13	0.14	5.05	7.45	85
#0000FF	0.14	0.15	5.05	7.45	85
#0000FF	0.15	0.16	5.05	7.45	85
#0000FF	0.16	0.17	5.05	7.45	85
#0000FF	0.17	0.18	5.05	7.45	85
#0000FF	0.18	0.19	5.05	7.45	85
#0000FF	0.19	0.2	5.05	7.45	85
#0000FF	0.2	0.21	5.05	7.45	85
#0000FF	0.21	0.22	5.05	7.45	85
#0000FF	0.22	0.23	5.05	7.45	85
#0000FF	0.23	0.24	5.05	7.45	85
#0000FF	0.24	0.25	5.05	7.45	85
#0000FF	0.25	0.26	5.05	7.45	85
#0000FF	0.26	0.27	5.05	7.45	85
#0000FF	0.27	0.28	5.05	7.45	85
#0000FF	0.28	0.29	5.05	7.45	85
#0000FF	0.29	0.3	5.05	7.45	85
#0000FF	0.3	0.31	5.05	7.45	85
#0000FF	0.31	0.32	5.05	7.45	85
#0000FF	0.32	0.33	5.05	7.45	85
#0000FF	0.33	0.34	5.05	7.45	85
#0000FF	0.34	0.35	5.05	7.45	85
#0000FF	0.35	0.36	5.05	7.45	85
#0000FF	0.36	0.37	5.05	7.45	85
#0000FF	0.37	0.38	5.05	7.45	85
#0000FF	0.38	0.39	5.05	7.45	85
#000000	0	0.01	0.05	2.45	86
#000000	0.01	0.02	0.05	2.45	86
#000000	0.02	0.03	0.05	2.45	86
#000000	0.03	0.04	0.05	2.45	86
#000000	0.04	0.05	0.05	2.45	86
#000000	0.05	0.06	0.05	2.45	86
#000000	0.06	0.07	0.05	2.45	86
#000000	0.07	0.08	0.05	2.45	86
#000000	0.08	0.09	0.05	2.45	86
#000000	0.09	0.1	0.05	2.45	86
#000000	0.1	0.11	0.05	2.45	86
#000000	0.11	0.12	0.05	2.45	86
#000000	0.12	0.13	0.05	2.45	86
#000000	0.13	0.14	0.05	2.45	86
#000000	0.14	0.15	0.05	2.45	86
#000000	0.15	0.16	0.05	2.45	86
#000000	0.16	0.17	0.05	2.45	86
#000000	0.17	0.18	0.05	2.45	86
#000000	0.18	0.19	0.05	2.45	86
#000000	0.19	0.2	0.05	2.45	86
#000000	0.2	0.21	0.05	2.45	86
#000000	0.21	0.22	0.05	2.45	86
#000000	0.22	0.23	0.05	2.45	86
#000000	0.23	0.24	0.05	2.45	86
#000000	0.24	0.25	0.05	2.45	86
#000000	0.25	0.26	0.05	2.45	86
#000000	0.26	0.27	0.05	2.45	86
#000000	0.27	0.28	0.05	2.45	86
#000000	0.28	0.29	0.05	2.45	86
#000000	0.29	0.3	0.05	2.45	86
#000000	0.3	0.31	0.05	2.45	86
#000000	0.31	0.32	0.05	2.45	86
#000000	0.32	0.33	0.05	2.45	86
#000000	0.33	0.34	0.05	2.45	86
#000000	0.34	0.35	0.05	2.45	86
#000000	0.35	0.36	0.05	2.45	86
#000000	0.36	0.37	0.05	2.45	86
#000000	0.37	0.38	0.05	2.45	86
#000000	0.38	0.39	0.05	2.45	86
#000000	0.39	0.4	0.05	2.45	86
#000000	0.4	0.41	0.05	2.45	86
#FF0000	0	0.01	2.55	4.95	86
#FF0000	0.01	0.02	2.55	4.95	86
#FF0000	0.02	0.03	2.55	4.95	86
#FF0000	0.03	0.04	2.55	4.95	86
#FF0000	0.04	0.05	2.55	4.95	86
#FF0000	0.05	0.06	2.55	4.95	86
#0000FF	0	0.01	5.05	7.45	86
#0000FF	0.01	0.02	5.05	7.45	86
#0000FF	0.02	0.03	5.05	7.45	86
#0000FF	0.03	0.04	5.05	7.45	86
#0000FF	0.04	0.05	5.05	7.45	86
#0000FF	0.05	0.06	5.05	7.45	86
#0000FF	0.06	0.07	5.05	7.45	86
#0000FF	0.07	0.08	5.05	7.45	86
#0000FF	0.08	0.09	5.05	7.45	86
#0000FF	0.09	0.1	5.05	7.45	86
#0000FF	0.1	0.11	5.05	7.45	86
#0000FF	0.11	0.12	5.05	7.45	86
#0000FF	0.12	0.13	5.05	7.45	86
#0000FF	0.13	0.14	5.05	7.45	86
#0000FF	0.14	0.15	5.05	7.45	86
#0000FF	0.15	0.16	5.05	7.45	86
#0000FF	0.16	0.17	5.05	7.45	86
#0000FF	0.17	0.18	5.05	7.45	86
#0000FF	0.18	0.19	5.05	7.45	86
#0000FF	0.19	0.2	5.05	7.45	86
#0000FF	0.2	0.21	5.05	7.45	86
#0000FF	0.21	0.22	5.05	7.45	86
#0000FF	0.22	0.23	5.05	7.45	86
#0000FF	0.23	0.24	5.05	7.45	86
#0000FF	0.24	0.25	5.05	7.45	86
#0000FF	0.25	0.26	5.05	7.45	86
#0000FF	0.26	0.27	5.05	7.45	86
#0000FF	0.27	0.28	5.05	7.45	86
#0000FF	0.28	0.29	5.05	7.45	86
#0000FF	0.29	0.3	5.05	7.45	86
#0000FF	0.3	0.31	5.05	7.45	86
#0000FF	0.31	0.32	5.05	7.45	86
#0000FF	0.32	0.33	5.05	7.45	86
#0000FF	0.33	0.34	5.05	7.45	86
#0000FF	0.34	0.35	5.05	7.45	86
#0000FF	0.35	0.36	5.05	7.45	86
#0000FF	0.36	0.37	5.05	7.45	86
#0000FF	0.37	0.38	5.05	7.45	86
#0000FF	0.38	0.39	5.05	7.45	86
#000000	0	0.01	0.05	2.45	87
#000000	0.01	0.02	0.05	2.45	87
#000000	0.02	0.03	0.05	2.45	87
#000000	0.03	0.04	0.05	2.45	87
#000000	0.04	0.05	0.05	2.45	87
#000000	0.05	0.06	0.05	2.45	87
#000000	0.06	0.07	0.05	2.45	87
#000000	0.07	0.08	0.05	2.45	87
#000000	0.08	0.09	0.05	2.45	87
#000000	0.09	0.1	0.05	2.45	87
#000000	0.1	0.11	0.05	2.45	87
#000000	0.11	0.12	0.05	2.45	87
#000000	0.12	0.13	0.05	2.45	87
#000000	0.13	0.14	0.05	2.45	87
#000000	0.14	0.15	0.05	2.45	87
#000000	0.15	0.16	0.05	2.45	87
#000000	0.16	0.17	0.05	2.45	87
#000000	0.17	0.18	0.05	2.45	87
#000000	0.18	0.19	0.05	2.45	87
#000000	0.19	0.2	0.05	2.45	87
#000000	0.2	0.21	0.05	2.45	87
#000000	0.21	0.22	0.05	2.45	87
#000000	0.22	0.23	0.05	2.45	87
#000000	0.23	0.24	0.05	2.45	87
#000000	0.24	0.25	0.05	2.45	87
#000000	0.25	0.26	0.05	2.45	87
#000000	0.26	0.27	0.05	2.45	87
#000000	0.27	0.28	0.05	2.45	87
#000000	0.28	0.29	0.05	2.45	87
#000000	0.29	0.3	0.05	2.45	87
#000000	0.3	0.31	0.05	2.45	87
#000000	0.31	0.32	0.05	2.45	87
#000000	0.32	0.33	0.05	2.45	87
#000000	0.33	0.34	0.05	2.45	87
#000000	0.34	0.35	0.05	2.45	87
#000000	0.35	0.36	0.05	2.45	87
#000000	0.36	0.37	0.05	2.45	87
#000000	0.37	0.38	0.05	2.45	87
#000000	0.38	0.39	0.05	2.45	87
#000000	0.39	0.4	0.05	2.45	87
#000000	0.4	0.41	0.05	2.45	87
#FF0000	0	0.01	2.55	4.95	87
#FF0000	0.01	0.02	2.55	4.95	87
#FF0000	0.02	0.03	2.55	4.95	87
#FF0000	0.03	0.04	2.55	4.95	87
#FF0000	0.04	0.05	2.55	4.95	87
#FF0000	0.05	0.06	2.55	4.95	87
#FF0000	0.06	0.07	2.55	4.95	87
#0000FF	0	0.01	5.05	7.45	87
#0000FF	0.01	0.02	5.05	7.45	87
#0000FF	0.02	0.03	5.05	7.45	87
#0000FF	0.03	0.04	5.05	7.45	87
#0000FF	0.04	0.05	5.05	7.45	87
#0000FF	0.05	0.06	5.05	7.45	87
#0000FF	0.06	0.07	5.05	7.45	87
#0000FF	0.07	0.08	5.05	7.45	87
#0000FF	0.08	0.09	5.05	7.45	87
#0000FF	0.09	0.1	5.05	7.45	87
#0000FF	0.1	0.11	5.05	7.45	87
#0000FF	0.11	0.12	5.05	7.45	87
#0000FF	0.12	0.13	5.05	7.45	87
#0000FF	0.13	0.14	5.05	7.45	87
#0000FF	0.14	0.15	5.05	7.45	87
#0000FF	0.15	0.16	5.05	7.45	87
#0000FF	0.16	0.17	5.05	7.45	87
#0000FF	0.17	0.18	5.05	7.45	87
#0000FF	0.18	0.19	5.05	7.45	87
#0000FF	0.19	0.2	5.05	7.45	87
#0000FF	0.2	0.21	5.05	7.45	87
#0000FF	0.21	0.22	5.05	7.45	87
#0000FF	0.22	0.23	5.05	7.45	87
#0000FF	0.23	0.24	5.05	7.45	87
#0000FF	0.24	0.25	5.05	7.45	87
#0000FF	0.25	0.26	5.05	7.45	87
#0000FF	0.26	0.27	5.05	7.45	87
#0000FF	0.27	0.28	5.05	7.45	87
#0000FF	0.28	0.29	5.05	7.45	87
#0000FF	0.29	0.3	5.05	7.45	87
#0000FF	0.3	0.31	5.05	7.45	87
#0000FF	0.31	0.32	5.05	7.45	87
#0000FF	0.32	0.33	5.05	7.45	87
#0000FF	0.33	0.34	5.05	7.45	87
#0000FF	0.34	0.35	5.05	7.45	87
#0000FF	0.35	0.36	5.05	7.45	87
#0000FF	0.36	0.37	5.05	7.45	87
#0000FF	0.37	0.38	5.05	7.45	87
#0000FF	0.38	0.39	5.05	7.45	87
#000000	0	0.01	0.05	2.45	88
#000000	0.01	0.02	0.05	2.45	88
#000000	0.02	0.03	0.05	2.45	88
#000000	0.03	0.04	0.05	2.45	88
#000000	0.04	0.05	0.05	2.45	88
#000000	0.05	0.06	0.05	2.45	88
#000000	0.06	0.07	0.05	2.45	88
#000000	0.07	0.08	0.05	2.45	88
#000000	0.08	0.09	0.05	2.45	88
#000000	0.09	0.1	0.05	2.45	88
#000000	0.1	0.11	0.05	2.45	88
#000000	0.11	0.12	0.05	2.45	88
#000000	0.12	0.13	0.05	2.45	88
#000000	0.13	0.14	0.05	2.45	88
#000000	0.14	0.15	0.05	2.45	88
#000000	0.15	0.16	0.05	2.45	88
#000000	0.16	0.17	0.05	2.45	88
#000000	0.17	0.18	0.05	2.45	88
#000000	0.18	0.19	0.05	2.45	88
#000000	0.19	0.2	0.05	2.45	88
#000000	0.2	0.21	0.05	2.45	88
#000000	0.21	0.22	0.05	2.45	88
#000000	0.22	0.23	0.05	2.45	88
#000000	0.23	0.24	0.05	2.45	88
#000000	0.24	0.25	0.05	2.45	88
#000000	0.25	0.26	0.05	2.45	88
#000000	0.26	0.27	0.05	2.45	88
#000000	0.27	0.28	0.05	2.45	88
#000000	0.28	0.29	0.05	2.45	88
#000000	0.29	0.3	0.05	2.45	88
#000000	0.3	0.31	0.05	2.45	88
#000000	0.31	0.32	0.05	2.45	88
#000000	0.32	0.33	0.05	2.45	88
#000000	0.33	0.34	0.05	2.45	88
#000000	0.34	0.35	0.05	2.45	88
#000000	0.35	0.36	0.05	2.45	88
#000000	0.36	0.37	0.05	2.45	88
#000000	0.37	0.38	0.05	2.45	88
#000000	0.38	0.39	0.05	2.45	88
#000000	0.39	0.4	0.05	2.45	88
#000000	0.4	0.41	0.05	2.45	88
#FF0000	0	0.01	2.55	4.95	88
#FF0000	0.01	0.02	2.55	4.95	88
#FF0000	0.02	0.03	2.55	4.95	88
#FF0000	0.03	0.04	2.55	4.95	88
#FF0000	0.04	0.05	2.55	4.95	88
#FF0000	0.05	0.06	2.55	4.95	88
#FF0000	0.06	0.07	2.55	4.95	88
#0000FF	0	0.01	5.05	7.45	88
#0000FF	0.01	0.02	5.05	7.45	88
#0000FF	0.02	0.03	5.05	7.45	88
#0000FF	0.03	0.04	5.05	7.45	88
#0000FF	0.04	0.05	5.05	7.45	88
#0000FF	0.05	0.06	5.05	7.45	88
#0000FF	0.06	0.07	5.05	7.45	88
#0000FF	0.07	0.08	5.05	7.45	88
#0000FF	0.08	0.09	5.05	7.45	88
#0000FF	0.09	0.1	5.05	7.45	88
#0000FF	0.1	0.11	5.05	7.45	88
#0000FF	0.11	0.12	5.05	7.45	88
#0000FF	0.12	0.13	5.05	7.45	88
#0000FF	0.13	0.14	5.05	7.45	88
#0000FF	0.14	0.15	5.05	7.45	88
#0000FF	0.15	0.16	5.05	7.45	88
#0000FF	0.16	0.17	5.05	7.45	88
#0000FF	0.17	0.18	5.05	7.45	88
#0000FF	0.18	0.19	5.05	7.45	88
#0000FF	0.19	0.2	5.05	7.45	88
#0000FF	0.2	0.21	5.05	7.45	88
#0000FF	0.21	0.22	5.05	7.45	88
#0000FF	0.22	0.23	5.05	7.45	88
#0000FF	0.23	0.24	5.05	7.45	88
#0000FF	0.24	0.25	5.05	7.45	88
#0000FF	0.25	0.26	5.05	7.45	88
#0000FF	0.26	0.27	5.05	7.45	88
#0000FF	0.27	0.28	5.05	7.45	88
#0000FF	0.28	0.29	5.05	7.45	88
#0000FF	0.29	0.3	5.05	7.45	88
#0000FF	0.3	0.31	5.05	7.45	88
#0000FF	0.31	0.32	5.05	7.45	88
#0000FF	0.32	0.33	5.05	7.45	88
#0000FF	0.33	0.34	5.05	7.45	88
#0000FF	0.34	0.35	5.05	7.45	88
#0000FF	0.35	0.36	5.05	7.45	88
#0000FF	0.36	0.37	5.05	7.45	88
#0000FF	0.37	0.38	5.05	7.45	88
#0000FF	0.38	0.39	5.05	7.45	88
#0000FF	0.39	0.4	5.05	7.45	88
#000000	0	0.01	0.05	2.45	89
#000000	0.01	0.02	0.05	2.45	89
#000000	0.02	0.03	0.05	2.45	89
#000000	0.03	0.04	0.05	2.45	89
#000000	0.04	0.05	0.05	2.45	89
#000000	0.05	0.06	0.05	2.45	89
#000000	0.06	0.07	0.05	2.45	89
#000000	0.07	0.08	0.05	2.45	89
#000000	0.08	0.09	0.05	2.45	89
#000000	0.09	0.1	0.05	2.45	89
#000000	0.1	0.11	0.05	2.45	89
#000000	0.11	0.12	0.05	2.45	89
#000000	0.12	0.13	0.05	2.45	89
#000000	0.13	0.14	0.05	2.45	89
#000000	0.14	0.15	0.05	2.45	89
#000000	0.15	0.16	0.05	2.45	89
#000000	0.16	0.17	0.05	2.45	89
#000000	0.17	0.18	0.05	2.45	89
#000000	0.18	0.19	0.05	2.45	89
#000000	0.19	0.2	0.05	2.45	89
#000000	0.2	0.21	0.05	2.45	89
#000000	0.21	0.22	0.05	2.45	89
#000000	0.22	0.23	0.05	2.45	89
#000000	0.23	0.24	0.05	2.45	89
#000000	0.24	0.25	0.05	2.45	89
#000000	0.25	0.26	0.05	2.45	89
#000000	0.26	0.27	0.05	2.45	89
#000000	0.27	0.28	0.05	2.45	89
#000000	0.28	0.29	0.05	2.45	89
#000000	0.29	0.3	0.05	2.45	89
#000000	0.3	0.31	0.05	2.45	89
#000000	0.31	0.32	0.05	2.45	89
#000000	0.32	0.33	0.05	2.45	89
#000000	0.33	0.34	0.05	2.45	89
#000000	0.34	0.35	0.05	2.45	89
#000000	0.35	0.36	0.05	2.45	89
#000000	0.36	0.37	0.05	2.45	89
#000000	0.37	0.38	0.05	2.45	89
#000000	0.38	0.39	0.05	2.45	89
#000000	0.39	0.4	0.05	2.45	89
#000000	0.4	0.41	0.05	2.45	89
#FF0000	0	0.01	2.55	4.95	89
#FF0000	0.01	0.02	2.55	4.95	89
#FF0000	0.02	0.03	2.55	4.95	89
#FF0000	0.03	0.04	2.55	4.95	89
#FF0000	0.04	0.05	2.55	4.95	89
#FF0000	0.05	0.06	2.55	4.95	89
#FF0000	0.06	0.07	2.55	4.95	89
#0000FF	0	0.01	5.05	7.45	89
#0000FF	0.01	0.02	5.05	7.45	89
#0000FF	0.02	0.03	5.05	7.45	89
#0000FF	0.03	0.04	5.05	7.45	89
#0000FF	0.04	0.05	5.05	7.45	89
#0000FF	0.05	0.06	5.05	7.45	89
#0000FF	0.06	0.07	5.05	7.45	89
#0000FF	0.07	0.08	5.05	7.45	89
#0000FF	0.08	0.09	5.05	7.45	89
#0000FF	0.09	0.1	5.05	7.45	89
#0000FF	0.1	0.11	5.05	7.45	89
#0000FF	0.11	0.12	5.05	7.45	89
#0000FF	0.12	0.13	5.05	7.45	89
#0000FF	0.13	0.14	5.05	7.45	89
#0000FF	0.14	0.15	5.05	7.45	89
#0000FF	0.15	0.16	5.05	7.45	89
#0000FF	0.16	0.17	5.05	7.45	89
#0000FF	0.17	0.18	5.05	7.45	89
#0000FF	0.18	0.19	5.05	7.45	89
#0000FF	0.19	0.2	5.05	7.45	89
#0000FF	0.2	0.21	5.05	7.45	89
#0000FF	0.21	0.22	5.05	7.45	89
#0000FF	0.22	0.23	5.05	7.45	89
#0000FF	0.23	0.24	5.05	7.45	89
#0000FF	0.24	0.25	5.05	7.45	89
#0000FF	0.25	0.26	5.05	7.45	89
#0000FF	0.26	0.27	5.05	7.45	89
#0000FF	0.27	0.28	5.05	7.45	89
#0000FF	0.28	0.29	5.05	7.45	89
#0000FF	0.29	0.3	5.05	7.45	89
#0000FF	0.3	0.31	5.05	7.45	89
#0000FF	0.31	0.32	5.05	7.45	89
#0000FF	0.32	0.33	5.05	7.45	89
#0000FF	0.33	0.34	5.05	7.45	89
#0000FF	0.34	0.35	5.05	7.45	89
#0000FF	0.35	0.36	5.05	7.45	89
#0000FF	0.36	0.37	5.05	7.45	89
#0000FF	0.37	0.38	5.05	7.45	89
#0000FF	0.38	0.39	5.05	7.45	89
#0000FF	0.39	0.4	5.05	7.45	89
#0000FF	0.4	0.41	5.05	7.45	89
#000000	0	0.01	0.05	2.45	90
#000000	0.01	0.02	0.05	2.45	90
#000000	0.02	0.03	0.05	2.45	90
#000000	0.03	0.04	0.05	2.45	90
#000000	0.04	0.05	0.05	2.45	90
#000000	0.05	0.06	0.05	2.45	90
#000000	0.06	0.07	0.05	2.45	90
#000000	0.07	0.08	0.05	2.45	90
#000000	0.08	0.09	0.05	2.45	90
#000000	0.09	0.1	0.05	2.45	90
#000000	0.1	0.11	0.05	2.45	90
#000000	0.11	0.12	0.05	2.45	90
#000000	0.12	0.13	0.05	2.45	90
#000000	0.13	0.14	0.05	2.45	90
#000000	0.14	0.15	0.05	2.45	90
#000000	0.15	0.16	0.05	2.45	90
#000000	0.16	0.17	0.05	2.45	90
#000000	0.17	0.18	0.05	2.45	90
#000000	0.18	0.19	0.05	2.45	90
#000000	0.19	0.2	0.05	2.45	90
#000000	0.2	0.21	0.05	2.45	90
#000000	0.21	0.22	0.05	2.45	90
#000000	0.22	0.23	0.05	2.45	90
#000000	0.23	0.24	0.05	2.45	90
#000000	0.24	0.25	0.05	2.45	90
#000000	0.25	0.26	0.05	2.45	90
#000000	0.26	0.27	0.05	2.45	90
#000000	0.27	0.28	0.05	2.45	90
#000000	0.28	0.29	0.05	2.45	90
#000000	0.29	0.3	0.05	2.45	90
#000000	0.3	0.31	0.05	2.45	90
#000000	0.31	0.32	0.05	2.45	90
#000000	0.32	0.33	0.05	2.45	90
#000000	0.33	0.34	0.05	2.45	90
#000000	0.34	0.35	0.05	2.45	90
#000000	0.35	0.36	0.05	2.45	90
#000000	0.36	0.37	0.05	2.45	90
#000000	0.37	0.38	0.05	2.45	90
#000000	0.38	0.39	0.05	2.45	90
#000000	0.39	0.4	0.05	2.45	90
#000000	0.4	0.41	0.05	2.45	90
#000000	0.41	0.42	0.05	2.45	90
#FF0000	0	0.01	2.55	4.95	90
#FF0000	0.01	0.02	2.55	4.95	90
#FF0000	0.02	0.03	2.55	4.95	90
#FF0000	0.03	0.04	2.55	4.95	90
#FF0000	0.04	0.05	2.55	4.95	90
#FF0000	0.05	0.06	2.55	4.95	90
#FF0000	0.06	0.07	2.55	4.95	90
#0000FF	0	0.01	5.05	7.45	90
#0000FF	0.01	0.02	5.05	7.45	90
#0000FF	0.02	0.03	5.05	7.45	90
#0000FF	0.03	0.04	5.05	7.45	90
#0000FF	0.04	0.05	5.05	7.45	90
#0000FF	0.05	0.06	5.05	7.45	90
#0000FF	0.06	0.07	5.05	7.45	90
#0000FF	0.07	0.08	5.05	7.45	90
#0000FF	0.08	0.09	5.05	7.45	90
#0000FF	0.09	0.1	5.05	7.45	90
#0000FF	0.1	0.11	5.05	7.45	90
#0000FF	0.11	0.12	5.05	7.45	90
#0000FF	0.12	0.13	5.05	7.45	90
#0000FF	0.13	0.14	5.05	7.45	90
#0000FF	0.14	0.15	5.05	7.45	90
#0000FF	0.15	0.16	5.05	7.45	90
#0000FF	0.16	0.17	5.05	7.45	90
#0000FF	0.17	0.18	5.05	7.45	90
#0000FF	0.18	0.19	5.05	7.45	90
#0000FF	0.19	0.2	5.05	7.45	90
#0000FF	0.2	0.21	5.05	7.45	90
#0000FF	0.21	0.22	5.05	7.45	90
#0000FF	0.22	0.23	5.05	7.45	90
#0000FF	0.23	0.24	5.05	7.45	90
#0000FF	0.24	0.25	5.05	7.45	90
#0000FF	0.25	0.26	5.05	7.45	90
#0000FF	0.26	0.27	5.05	7.45	90
#0000FF	0.27	0.28	5.05	7.45	90
#0000FF	0.28	0.29	5.05	7.45	90
#0000FF	0.29	0.3	5.05	7.45	90
#0000FF	0.3	0.31	5.05	7.45	90
#0000FF	0.31	0.32	5.05	7.45	90
#0000FF	0.32	0.33	5.05	7.45	90
#0000FF	0.33	0.34	5.05	7.45	90
#0000FF	0.34	0.35	5.05	7.45	90
#0000FF	0.35	0.36	5.05	7.45	90
#0000FF	0.36	0.37	5.05	7.45	90
#0000FF	0.37	0.38	5.05	7.45	90
#0000FF	0.38	0.39	5.05	7.45	90
#0000FF	0.39	0.4	5.05	7.45	90
#0000FF	0.4	0.41	5.05	7.45	90
#000000	0	0.01	0.05	2.45	91
#000000	0.01	0.02	0.05	2.45	91
#000000	0.02	0.03	0.05	2.45	91
#000000	0.03	0.04	0.05	2.45	91
#000000	0.04	0.05	0.05	2.45	91
#000000	0.05	0.06	0.05	2.45	91
#000000	0.06	0.07	0.05	2.45	91
#000000	0.07	0.08	0.05	2.45	91
#000000	0.08	0.09	0.05	2.45	91
#000000	0.09	0.1	0.05	2.45	91
#000000	0.1	0.11	0.05	2.45	91
#000000	0.11	0.12	0.05	2.45	91
#000000	0.12	0.13	0.05	2.45	91
#000000	0.13	0.14	0.05	2.45	91
#000000	0.14	0.15	0.05	2.45	91
#000000	0.15	0.16	0.05	2.45	91
#000000	0.16	0.17	0.05	2.45	91
#000000	0.17	0.18	0.05	2.45	91
#000000	0.18	0.19	0.05	2.45	91
#000000	0.19	0.2	0.05	2.45	91
#000000	0.2	0.21	0.05	2.45	91
#000000	0.21	0.22	0.05	2.45	91
#000000	0.22	0.23	0.05	2.45	91
#000000	0.23	0.24	0.05	2.45	91
#000000	0.24	0.25	0.05	2.45	91
#000000	0.25	0.26	0.05	2.45	91
#000000	0.26	0.27	0.05	2.45	91
#000000	0.27	0.28	0.05	2.45	91
#000000	0.28	0.29	0.05	2.45	91
#000000	0.29	0.3	0.05	2.45	91
#000000	0.3	0.31	0.05	2.45	91
#000000	0.31	0.32	0.05	2.45	91
#000000	0.32	0.33	0.05	2.45	91
#000000	0.33	0.34	0.05	2.45	91
#000000	0.34	0.35	0.05	2.45	91
#000000	0.35	0.36	0.05	2.45	91
#000000	0.36	0.37	0.05	2.45	91
#000000	0.37	0.38	0.05	2.45	91
#000000	0.38	0.39	0.05	2.45	91
#000000	0.39	0.4	0.05	2.45	91
#000000	0.4	0.41	0.05	2.45	91
#000000	0.41	0.42	0.05	2.45	91
#000000	0.42	0.43	0.05	2.45	91
#FF0000	0	0.01	2.55	4.95	91
#FF0000	0.01	0.02	2.55	4.95	91
#FF0000	0.02	0.03	2.55	4.95	91
#FF0000	0.03	0.04	2.55	4.95	91
#FF0000	0.04	0.05	2.55	4.95	91
#FF0000	0.05	0.06	2.55	4.95	91
#FF0000	0.06	0.07	2.55	4.95	91
#0000FF	0	0.01	5.05	7.45	91
#0000FF	0.01	0.02	5.05	7.45	91
#0000FF	0.02	0.03	5.05	7.45	91
#0000FF	0.03	0.04	5.05	7.45	91
#0000FF	0.04	0.05	5.05	7.45	91
#0000FF	0.05	0.06	5.05	7.45	91
#0000FF	0.06	0.07	5.05	7.45	91
#0000FF	0.07	0.08	5.05	7.45	91
#0000FF	0.08	0.09	5.05	7.45	91
#0000FF	0.09	0.1	5.05	7.45	91
#0000FF	0.1	0.11	5.05	7.45	91
#0000FF	0.11	0.12	5.05	7.45	91
#0000FF	0.12	0.13	5.05	7.45	91
#0000FF	0.13	0.14	5.05	7.45	91
#0000FF	0.14	0.15	5.05	7.45	91
#0000FF	0.15	0.16	5.05	7.45	91
#0000FF	0.16	0.17	5.05	7.45	91
#0000FF	0.17	0.18	5.05	7.45	91
#0000FF	0.18	0.19	5.05	7.45	91
#0000FF	0.19	0.2	5.05	7.45	91
#0000FF	0.2	0.21	5.05	7.45	91
#0000FF	0.21	0.22	5.05	7.45	91
#0000FF	0.22	0.23	5.05	7.45	91
#0000FF	0.23	0.24	5.05	7.45	91
#0000FF	0.24	0.25	5.05	7.45	91
#0000FF	0.25	0.26	5.05	7.45	91
#0000FF	0.26	0.27	5.05	7.45	91
#0000FF	0.27	0.28	5.05	7.45	91
#0000FF	0.28	0.29	5.05	7.45	91
#0000FF	0.29	0.3	5.05	7.45	91
#0000FF	0.3	0.31	5.05	7.45	91
#0000FF	0.31	0.32	5.05	7.45	91
#0000FF	0.32	0.33	5.05	7.45	91
#0000FF	0.33	0.34	5.05	7.45	91
#0000FF	0.34	0.35	5.05	7.45	91
#0000FF	0.35	0.36	5.05	7.45	91
#0000FF	0.36	0.37	5.05	7.45	91
#0000FF	0.37	0.38	5.05	7.45	91
#0000FF	0.38	0.39	5.05	7.45	91
#0000FF	0.39	0.4	5.05	7.45	91
#0000FF	0.4	0.41	5.05	7.45	91
#000000	0	0.01	0.05	2.45	92
#000000	0.01	0.02	0.05	2.45	92
#000000	0.02	0.03	0.05	2.45	92
#000000	0.03	0.04	0.05	2.45	92
#000000	0.04	0.05	0.05	2.45	92
#000000	0.05	0.06	0.05	2.45	92
#000000	0.06	0.07	0.05	2.45	92
#000000	0.07	0.08	0.05	2.45	92
#000000	0.08	0.09	0.05	2.45	92
#000000	0.09	0.1	0.05	2.45	92
#000000	0.1	0.11	0.05	2.45	92
#000000	0.11	0.12	0.05	2.45	92
#000000	0.12	0.13	0.05	2.45	92
#000000	0.13	0.14	0.05	2.45	92
#000000	0.14	0.15	0.05	2.45	92
#000000	0.15	0.16	0.05	2.45	92
#000000	0.16	0.17	0.05	2.45	92
#000000	0.17	0.18	0.05	2.45	92
#000000	0.18	0.19	0.05	2.45	92
#000000	0.19	0.2	0.05	2.45	92
#000000	0.2	0.21	0.05	2.45	92
#000000	0.21	0.22	0.05	2.45	92
#000000	0.22	0.23	0.05	2.45	92
#000000	0.23	0.24	0.05	2.45	92
#000000	0.24	0.25	0.05	2.45	92
#000000	0.25	0.26	0.05	2.45	92
#000000	0.26	0.27	0.05	2.45	92
#000000	0.27	0.28	0.05	2.45	92
#000000	0.28	0.29	0.05	2.45	92
#000000	0.29	0.3	0.05	2.45	92
#000000	0.3	0.31	0.05	2.45	92
#000000	0.31	0.32	0.05	2.45	92
#000000	0.32	0.33	0.05	2.45	92
#000000	0.33	0.34	0.05	2.45	92
#000000	0.34	0.35	0.05	2.45	92
#000000	0.35	0.36	0.05	2.45	92
#000000	0.36	0.37	0.05	2.45	92
#000000	0.37	0.38	0.05	2.45	92
#000000	0.38	0.39	0.05	2.45	92
#000000	0.39	0.4	0.05	2.45	92
#000000	0.4	0.41	0.05	2.45	92
#000000	0.41	0.42	0.05	2.45	92
#000000	0.42	0.43	0.05	2.45	92
#FF0000	0	0.01	2.55	4.95	92
#FF0000	0.01	0.02	2.55	4.95	92
#FF0000	0.02	0.03	2.55	4.95	92
#FF0000	0.03	0.04	2.55	4.95	92
#FF0000	0.04	0.05	2.55	4.95	92
#FF0000	0.05	0.06	2.55	4.95	92
#FF0000	0.06	0.07	2.55	4.95	92
#0000FF	0	0.01	5.05	7.45	92
#0000FF	0.01	0.02	5.05	7.45	92
#0000FF	0.02	0.03	5.05	7.45	92
#0000FF	0.03	0.04	5.05	7.45	92
#0000FF	0.04	0.05	5.05	7.45	92
#0000FF	0.05	0.06	5.05	7.45	92
#0000FF	0.06	0.07	5.05	7.45	92
#0000FF	0.07	0.08	5.05	7.45	92
#0000FF	0.08	0.09	5.05	7.45	92
#0000FF	0.09	0.1	5.05	7.45	92
#0000FF	0.1	0.11	5.05	7.45	92
#0000FF	0.11	0.12	5.05	7.45	92
#0000FF	0.12	0.13	5.05	7.45	92
#0000FF	0.13	0.14	5.05	7.45	92
#0000FF	0.14	0.15	5.05	7.45	92
#0000FF	0.15	0.16	5.05	7.45	92
#0000FF	0.16	0.17	5.05	7.45	92
#0000FF	0.17	0.18	5.05	7.45	92
#0000FF	0.18	0.19	5.05	7.45	92
#0000FF	0.19	0.2	5.05	7.45	92
#0000FF	0.2	0.21	5.05	7.45	92
#0000FF	0.21	0.22	5.05	7.45	92
#0000FF	0.22	0.23	5.05	7.45	92
#0000FF	0.23	0.24	5.05	7.45	92
#0000FF	0.24	0.25	5.05	7.45	92
#0000FF	0.25	0.26	5.05	7.45	92
#0000FF	0.26	0.27	5.05	7.45	92
#0000FF	0.27	0.28	5.05	7.45	92
#0000FF	0.28	0.29	5.05	7.45	92
#0000FF	0.29	0.3	5.05	7.45	92
#0000FF	0.3	0.31	5.05	7.45	92
#0000FF	0.31	0.32	5.05	7.45	92
#0000FF	0.32	0.33	5.05	7.45	92
#0000FF	0.33	0.34	5.05	7.45	92
#0000FF	0.34	0.35	5.05	7.45	92
#0000FF	0.35	0.36	5.05	7.45	92
#0000FF	0.36	0.37	5.05	7.45	92
#0000FF	0.37	0.38	5.05	7.45	92
#0000FF	0.38	0.39	5.05	7.45	92
#0000FF	0.39	0.4	5.05	7.45	92
#0000FF	0.4	0.41	5.05	7.45	92
#0000FF	0.41	0.42	5.05	7.45	92
#000000	0	0.01	0.05	2.45	93
#000000	0.01	0.02	0.05	2.45	93
#000000	0.02	0.03	0.05	2.45	93
#000000	0.03	0.04	0.05	2.45	93
#000000	0.04	0.05	0.05	2.45	93
#000000	0.05	0.06	0.05	2.45	93
#000000	0.06	0.07	0.05	2.45	93
#000000	0.07	0.08	0.05	2.45	93
#000000	0.08	0.09	0.05	2.45	93
#000000	0.09	0.1	0.05	2.45	93
#000000	0.1	0.11	0.05	2.45	93
#000000	0.11	0.12	0.05	2.45	93
#000000	0.12	0.13	0.05	2.45	93
#000000	0.13	0.14	0.05	2.45	93
#000000	0.14	0.15	0.05	2.45	93
#000000	0.15	0.16	0.05	2.45	93
#000000	0.16	0.17	0.05	2.45	93
#000000	0.17	0.18	0.05	2.45	93
#000000	0.18	0.19	0.05	2.45	93
#000000	0.19	0.2	0.05	2.45	93
#000000	0.2	0.21	0.05	2.45	93
#000000	0.21	0.22	0.05	2.45	93
#000000	0.22	0.23	0.05	2.45	93
#000000	0.23	0.24	0.05	2.45	93
#000000	0.24	0.25	0.05	2.45	93
#000000	0.25	0.26	0.05	2.45	93
#000000	0.26	0.27	0.05	2.45	93
#000000	0.27	0.28	0.05	2.45	93
#000000	0.28	0.29	0.05	2.45	93
#000000	0.29	0.3	0.05	2.45	93
#000000	0.3	0.31	0.05	2.45	93
#000000	0.31	0.32	0.05	2.45	93
#000000	0.32	0.33	0.05	2.45	93
#000000	0.33	0.34	0.05	2.45	93
#000000	0.34	0.35	0.05	2.45	93
#000000	0.35	0.36	0.05	2.45	93
#000000	0.36	0.37	0.05	2.45	93
#000000	0.37	0.38	0.05	2.45	93
#000000	0.38	0.39	0.05	2.45	93
#000000	0.39	0.4	0.05	2.45	93
#000000	0.4	0.41	0.05	2.45	93
#000000	0.41	0.42	0.05	2.45	93
#000000	0.42	0.43	0.05	2.45	93
#000000	0.43	0.44	0.05	2.45	93
#FF0000	0	0.01	2.55	4.95	93
#FF0000	0.01	0.02	2.55	4.95	93
#FF0000	0.02	0.03	2.55	4.95	93
#FF0000	0.03	0.04	2.55	4.95	93
#FF0000	0.04	0.05	2.55	4.95	93
#FF0000	0.05	0.06	2.55	4.95	93
#FF0000	0.06	0.07	2.55	4.95	93
#0000FF	0	0.01	5.05	7.45	93
#0000FF	0.01	0.02	5.05	7.45	93
#0000FF	0.02	0.03	5.05	7.45	93
#0000FF	0.03	0.04	5.05	7.45	93
#0000FF	0.04	0.05	5.05	7.45	93
#0000FF	0.05	0.06	5.05	7.45	93
#0000FF	0.06	0.07	5.05	7.45	93
#0000FF	0.07	0.08	5.05	7.45	93
#0000FF	0.08	0.09	5.05	7.45	93
#0000FF	0.09	0.1	5.05	7.45	93
#0000FF	0.1	0.11	5.05	7.45	93
#0000FF	0.11	0.12	5.05	7.45	93
#0000FF	0.12	0.13	5.05	7.45	93
#0000FF	0.13	0.14	5.05	7.45	93
#0000FF	0.14	0.15	5.05	7.45	93
#0000FF	0.15	0.16	5.05	7.45	93
#0000FF	0.16	0.17	5.05	7.45	93
#0000FF	0.17	0.18	5.05	7.45	93
#0000FF	0.18	0.19	5.05	7.45	93
#0000FF	0.19	0.2	5.05	7.45	93
#0000FF	0.2	0.21	5.05	7.45	93
#0000FF	0.21	0.22	5.05	7.45	93
#0000FF	0.22	0.23	5.05	7.45	93
#0000FF	0.23	0.24	5.05	7.45	93
#0000FF	0.24	0.25	5.05	7.45	93
#0000FF	0.25	0.26	5.05	7.45	93
#0000FF	0.26	0.27	5.05	7.45	93
#0000FF	0.27	0.28	5.05	7.45	93
#0000FF	0.28	0.29	5.05	7.45	93
#0000FF	0.29	0.3	5.05	7.45	93
#0000FF	0.3	0.31	5.05	7.45	93
#0000FF	0.31	0.32	5.05	7.45	93
#0000FF	0.32	0.33	5.05	7.45	93
#0000FF	0.33	0.34	5.05	7.45	93
#0000FF	0.34	0.35	5.05	7.45	93
#0000FF	0.35	0.36	5.05	7.45	93
#0000FF	0.36	0.37	5.05	7.45	93
#0000FF	0.37	0.38	5.05	7.45	93
#0000FF	0.38	0.39	5.05	7.45	93
#0000FF	0.39	0.4	5.05	7.45	93
#0000FF	0.4	0.41	5.05	7.45	93
#0000FF	0.41	0.42	5.05	7.45	93
#000000	0	0.01	0.05	2.45	94
#000000	0.01	0.02	0.05	2.45	94
#000000	0.02	0.03	0.05	2.45	94
#000000	0.03	0.04	0.05	2.45	94
#000000	0.04	0.05	0.05	2.45	94
#000000	0.05	0.06	0.05	2.45	94
#000000	0.06	0.07	0.05	2.45	94
#000000	0.07	0.08	0.05	2.45	94
#000000	0.08	0.09	0.05	2.45	94
#000000	0.09	0.1	0.05	2.45	94
#000000	0.1	0.11	0.05	2.45	94
#000000	0.11	0.12	0.05	2.45	94
#000000	0.12	0.13	0.05	2.45	94
#000000	0.13	0.14	0.05	2.45	94
#000000	0.14	0.15	0.05	2.45	94
#000000	0.15	0.16	0.05	2.45	94
#000000	0.16	0.17	0.05	2.45	94
#000000	0.17	0.18	0.05	2.45	94
#000000	0.18	0.19	0.05	2.45	94
#000000	0.19	0.2	0.05	2.45	94
#000000	0.2	0.21	0.05	2.45	94
#000000	0.21	0.22	0.05	2.45	94
#000000	0.22	0.23	0.05	2.45	94
#000000	0.23	0.24	0.05	2.45	94
#000000	0.24	0.25	0.05	2.45	94
#000000	0.25	0.26	0.05	2.45	94
#000000	0.26	0.27	0.05	2.45	94
#000000	0.27	0.28	0.05	2.45	94
#000000	0.28	0.29	0.05	2.45	94
#000000	0.29	0.3	0.05	2.45	94
#000000	0.3	0.31	0.05	2.45	94
#000000	0.31	0.32	0.05	2.45	94
#000000	0.32	0.33	0.05	2.45	94
#000000	0.33	0.34	0.05	2.45	94
#000000	0.34	0.35	0.05	2.45	94
#000000	0.35	0.36	0.05	2.45	94
#000000	0.36	0.37	0.05	2.45	94
#000000	0.37	0.38	0.05	2.45	94
#000000	0.38	0.39	0.05	2.45	94
#000000	0.39	0.4	0.05	2.45	94
#000000	0.4	0.41	0.05	2.45	94
#000000	0.41	0.42	0.05	2.45	94
#000000	0.42	0.43	0.05	2.45	94
#000000	0.43	0.44	0.05	2.45	94
#FF0000	0	0.01	2.55	4.95	94
#FF0000	0.01	0.02	2.55	4.95	94
#FF0000	0.02	0.03	2.55	4.95	94
#FF0000	0.03	0.04	2.55	4.95	94
#FF0000	0.04	0.05	2.55	4.95	94
#FF0000	0.05	0.06	2.55	4.95	94
#FF0000	0.06	0.07	2.55	4.95	94
#0000FF	0	0.01	5.05	7.45	94
#0000FF	0.01	0.02	5.05	7.45	94
#0000FF	0.02	0.03	5.05	7.45	94
#0000FF	0.03	0.04	5.05	7.45	94
#0000FF	0.04	0.05	5.05	7.45	94
#0000FF	0.05	0.06	5.05	7.45	94
#0000FF	0.06	0.07	5.05	7.45	94
#0000FF	0.07	0.08	5.05	7.45	94
#0000FF	0.08	0.09	5.05	7.45	94
#0000FF	0.09	0.1	5.05	7.45	94
#0000FF	0.1	0.11	5.05	7.45	94
#0000FF	0.11	0.12	5.05	7.45	94
#0000FF	0.12	0.13	5.05	7.45	94
#0000FF	0.13	0.14	5.05	7.45	94
#0000FF	0.14	0.15	5.05	7.45	94
#0000FF	0.15	0.16	5.05	7.45	94
#0000FF	0.16	0.17	5.05	7.45	94
#0000FF	0.17	0.18	5.05	7.45	94
#0000FF	0.18	0.19	5.05	7.45	94
#0000FF	0.19	0.2	5.05	7.45	94
#0000FF	0.2	0.21	5.05	7.45	94
#0000FF	0.21	0.22	5.05	7.45	94
#0000FF	0.22	0.23	5.05	7.45	94
#0000FF	0.23	0.24	5.05	7.45	94
#0000FF	0.24	0.25	5.05	7.45	94
#0000FF	0.25	0.26	5.05	7.45	94
#0000FF	0.26	0.27	5.05	7.45	94
#0000FF	0.27	0.28	5.05	7.45	94
#0000FF	0.28	0.29	5.05	7.45	94
#0000FF	0.29	0.3	5.05	7.45	94
#0000FF	0.3	0.31	5.05	7.45	94
#0000FF	0.31	0.32	5.05	7.45	94
#0000FF	0.32	0.33	5.05	7.45	94
#0000FF	0.33	0.34	5.05	7.45	94
#0000FF	0.34	0.35	5.05	7.45	94
#0000FF	0.35	0.36	5.05	7.45	94
#0000FF	0.36	0.37	5.05	7.45	94
#0000FF	0.37	0.38	5.05	7.45	94
#0000FF	0.38	0.39	5.05	7.45	94
#0000FF	0.39	0.4	5.05	7.45	94
#0000FF	0.4	0.41	5.05	7.45	94
#0000FF	0.41	0.42	5.05	7.45	94
#0000FF	0.42	0.43	5.05	7.45	94
#000000	0	0.01	0.05	2.45	95
#000000	0.01	0.02	0.05	2.45	95
#000000	0.02	0.03	0.05	2.45	95
#000000	0.03	0.04	0.05	2.45	95
#000000	0.04	0.05	0.05	2.45	95
#000000	0.05	0.06	0.05	2.45	95
#000000	0.06	0.07	0.05	2.45	95
#000000	0.07	0.08	0.05	2.45	95
#000000	0.08	0.09	0.05	2.45	95
#000000	0.09	0.1	0.05	2.45	95
#000000	0.1	0.11	0.05	2.45	95
#000000	0.11	0.12	0.05	2.45	95
#000000	0.12	0.13	0.05	2.45	95
#000000	0.13	0.14	0.05	2.45	95
#000000	0.14	0.15	0.05	2.45	95
#000000	0.15	0.16	0.05	2.45	95
#000000	0.16	0.17	0.05	2.45	95
#000000	0.17	0.18	0.05	2.45	95
#000000	0.18	0.19	0.05	2.45	95
#000000	0.19	0.2	0.05	2.45	95
#000000	0.2	0.21	0.05	2.45	95
#000000	0.21	0.22	0.05	2.45	95
#000000	0.22	0.23	0.05	2.45	95
#000000	0.23	0.24	0.05	2.45	95
#000000	0.24	0.25	0.05	2.45	95
#000000	0.25	0.26	0.05	2.45	95
#000000	0.26	0.27	0.05	2.45	95
#000000	0.27	0.28	0.05	2.45	95
#000000	0.28	0.29	0.05	2.45	95
#000000	0.29	0.3	0.05	2.45	95
#000000	0.3	0.31	0.05	2.45	95
#000000	0.31	0.32	0.05	2.45	95
#000000	0.32	0.33	0.05	2.45	95
#000000	0.33	0.34	0.05	2.45	95
#000000	0.34	0.35	0.05	2.45	95
#000000	0.35	0.36	0.05	2.45	95
#000000	0.36	0.37	0.05	2.45	95
#000000	0.37	0.38	0.05	2.45	95
#000000	0.38	0.39	0.05	2.45	95
#000000	0.39	0.4	0.05	2.45	95
#000000	0.4	0.41	0.05	2.45	95
#000000	0.41	0.42	0.05	2.45	95
#000000	0.42	0.43	0.05	2.45	95
#000000	0.43	0.44	0.05	2.45	95
#000000	0.44	0.45	0.05	2.45	95
#FF0000	0	0.01	2.55	4.95	95
#FF0000	0.01	0.02	2.55	4.95	95
#FF0000	0.02	0.03	2.55	4.95	95
#FF0000	0.03	0.04	2.55	4.95	95
#FF0000	0.04	0.05	2.55	4.95	95
#FF0000	0.05	0.06	2.55	4.95	95
#FF0000	0.06	0.07	2.55	4.95	95
#0000FF	0	0.01	5.05	7.45	95
#0000FF	0.01	0.02	5.05	7.45	95
#0000FF	0.02	0.03	5.05	7.45	95
#0000FF	0.03	0.04	5.05	7.45	95
#0000FF	0.04	0.05	5.05	7.45	95
#0000FF	0.05	0.06	5.05	7.45	95
#0000FF	0.06	0.07	5.05	7.45	95
#0000FF	0.07	0.08	5.05	7.45	95
#0000FF	0.08	0.09	5.05	7.45	95
#0000FF	0.09	0.1	5.05	7.45	95
#0000FF	0.1	0.11	5.05	7.45	95
#0000FF	0.11	0.12	5.05	7.45	95
#0000FF	0.12	0.13	5.05	7.45	95
#0000FF	0.13	0.14	5.05	7.45	95
#0000FF	0.14	0.15	5.05	7.45	95
#0000FF	0.15	0.16	5.05	7.45	95
#0000FF	0.16	0.17	5.05	7.45	95
#0000FF	0.17	0.18	5.05	7.45	95
#0000FF	0.18	0.19	5.05	7.45	95
#0000FF	0.19	0.2	5.05	7.45	95
#0000FF	0.2	0.21	5.05	7.45	95
#0000FF	0.21	0.22	5.05	7.45	95
#0000FF	0.22	0.23	5.05	7.45	95
#0000FF	0.23	0.24	5.05	7.45	95
#0000FF	0.24	0.25	5.05	7.45	95
#0000FF	0.25	0.26	5.05	7.45	95
#0000FF	0.26	0.27	5.05	7.45	95
#0000FF	0.27	0.28	5.05	7.45	95
#0000FF	0.28	0.29	5.05	7.45	95
#0000FF	0.29	0.3	5.05	7.45	95
#0000FF	0.3	0.31	5.05	7.45	95
#0000FF	0.31	0.32	5.05	7.45	95
#0000FF	0.32	0.33	5.05	7.45	95
#0000FF	0.33	0.34	5.05	7.45	95
#0000FF	0.34	0.35	5.05	7.45	95
#0000FF	0.35	0.36	5.05	7.45	95
#0000FF	0.36	0.37	5.05	7.45	95
#0000FF	0.37	0.38	5.05	7.45	95
#0000FF	0.38	0.39	5.05	7.45	95
#0000FF	0.39	0.4	5.05	7.45	95
#0000FF	0.4	0.41	5.05	7.45	95
#0000FF	0.41	0.42	5.05	7.45	95
#0000FF	0.42	0.43	5.05	7.45	95
#000000	0	0.01	0.05	2.45	96
#000000	0.01	0.02	0.05	2.45	96
#000000	0.02	0.03	0.05	2.45	96
#000000	0.03	0.04	0.05	2.45	96
#000000	0.04	0.05	0.05	2.45	96
#000000	0.05	0.06	0.05	2.45	96
#000000	0.06	0.07	0.05	2.45	96
#000000	0.07	0.08	0.05	2.45	96
#000000	0.08	0.09	0.05	2.45	96
#000000	0.09	0.1	0.05	2.45	96
#000000	0.1	0.11	0.05	2.45	96
#000000	0.11	0.12	0.05	2.45	96
#000000	0.12	0.13	0.05	2.45	96
#000000	0.13	0.14	0.05	2.45	96
#000000	0.14	0.15	0.05	2.45	96
#000000	0.15	0.16	0.05	2.45	96
#000000	0.16	0.17	0.05	2.45	96
#000000	0.17	0.18	0.05	2.45	96
#000000	0.18	0.19	0.05	2.45	96
#000000	0.19	0.2	0.05	2.45	96
#000000	0.2	0.21	0.05	2.45	96
#000000	0.21	0.22	0.05	2.45	96
#000000	0.22	0.23	0.05	2.45	96
#000000	0.23	0.24	0.05	2.45	96
#000000	0.24	0.25	0.05	2.45	96
#000000	0.25	0.26	0.05	2.45	96
#000000	0.26	0.27	0.05	2.45	96
#000000	0.27	0.28	0.05	2.45	96
#000000	0.28	0.29	0.05	2.45	96
#000000	0.29	0.3	0.05	2.45	96
#000000	0.3	0.31	0.05	2.45	96
#000000	0.31	0.32	0.05	2.45	96
#000000	0.32	0.33	0.05	2.45	96
#000000	0.33	0.34	0.05	2.45	96
#000000	0.34	0.35	0.05	2.45	96
#000000	0.35	0.36	0.05	2.45	96
#000000	0.36	0.37	0.05	2.45	96
#000000	0.37	0.38	0.05	2.45	96
#000000	0.38	0.39	0.05	2.45	96
#000000	0.39	0.4	0.05	2.45	96
#000000	0.4	0.41	0.05	2.45	96
#000000	0.41	0.42	0.05	2.45	96
#000000	0.42	0.43	0.05	2.45	96
#000000	0.43	0.44	0.05	2.45	96
#000000	0.44	0.45	0.05	2.45	96
#000000	0.45	0.46	0.05	2.45	96
#FF0000	0	0.01	2.55	4.95	96
#FF0000	0.01	0.02	2.55	4.95	96
#FF0000	0.02	0.03	2.55	4.95	96
#FF0000	0.03	0.04	2.55	4.95	96
#FF0000	0.04	0.05	2.55	4.95	96
#FF0000	0.05	0.06	2.55	4.95	96
#FF0000	0.06	0.07	2.55	4.95	96
#0000FF	0	0.01	5.05	7.45	96
#0000FF	0.01	0.02	5.05	7.45	96
#0000FF	0.02	0.03	5.05	7.45	96
#0000FF	0.03	0.04	5.05	7.45	96
#0000FF	0.04	0.05	5.05	7.45	96
#0000FF	0.05	0.06	5.05	7.45	96
#0000FF	0.06	0.07	5.05	7.45	96
#0000FF	0.07	0.08	5.05	7.45	96
#0000FF	0.08	0.09	5.05	7.45	96
#0000FF	0.09	0.1	5.05	7.45	96
#0000FF	0.1	0.11	5.05	7.45	96
#0000FF	0.11	0.12	5.05	7.45	96
#0000FF	0.12	0.13	5.05	7.45	96
#0000FF	0.13	0.14	5.05	7.45	96
#0000FF	0.14	0.15	5.05	7.45	96
#0000FF	0.15	0.16	5.05	7.45	96
#0000FF	0.16	0.17	5.05	7.45	96
#0000FF	0.17	0.18	5.05	7.45	96
#0000FF	0.18	0.19	5.05	7.45	96
#0000FF	0.19	0.2	5.05	7.45	96
#0000FF	0.2	0.21	5.05	7.45	96
#0000FF	0.21	0.22	5.05	7.45	96
#0000FF	0.22	0.23	5.05	7.45	96
#0000FF	0.23	0.24	5.05	7.45	96
#0000FF	0.24	0.25	5.05	7.45	96
#0000FF	0.25	0.26	5.05	7.45	96
#0000FF	0.26	0.27	5.05	7.45	96
#0000FF	0.27	0.28	5.05	7.45	96
#0000FF	0.28	0.29	5.05	7.45	96
#0000FF	0.29	0.3	5.05	7.45	96
#0000FF	0.3	0.31	5.05	7.45	96
#0000FF	0.31	0.32	5.05	7.45	96
#0000FF	0.32	0.33	5.05	7.45	96
#0000FF	0.33	0.34	5.05	7.45	96
#0000FF	0.34	0.35	5.05	7.45	96
#0000FF	0.35	0.36	5.05	7.45	96
#0000FF	0.36	0.37	5.05	7.45	96
#0000FF	0.37	0.38	5.05	7.45	96
#0000FF	0.38	0.39	5.05	7.45	96
#0000FF	0.39	0.4	5.05	7.45	96
#0000FF	0.4	0.41	5.05	7.45	96
#0000FF	0.41	0.42	5.05	7.45	96
#0000FF	0.42	0.43	5.05	7.45	96
#000000	0	0.01	0.05	2.45	97
#000000	0.01	0.02	0.05	2.45	97
#000000	0.02	0.03	0.05	2.45	97
#000000	0.03	0.04	0.05	2.45	97
#000000	0.04	0.05	0.05	2.45	97
#000000	0.05	0.06	0.05	2.45	97
#000000	0.06	0.07	0.05	2.45	97
#000000	0.07	0.08	0.05	2.45	97
#000000	0.08	0.09	0.05	2.45	97
#000000	0.09	0.1	0.05	2.45	97
#000000	0.1	0.11	0.05	2.45	97
#000000	0.11	0.12	0.05	2.45	97
#000000	0.12	0.13	0.05	2.45	97
#000000	0.13	0.14	0.05	2.45	97
#000000	0.14	0.15	0.05	2.45	97
#000000	0.15	0.16	0.05	2.45	97
#000000	0.16	0.17	0.05	2.45	97
#000000	0.17	0.18	0.05	2.45	97
#000000	0.18	0.19	0.05	2.45	97
#000000	0.19	0.2	0.05	2.45	97
#000000	0.2	0.21	0.05	2.45	97
#000000	0.21	0.22	0.05	2.45	97
#000000	0.22	0.23	0.05	2.45	97
#000000	0.23	0.24	0.05	2.45	97
#000000	0.24	0.25	0.05	2.45	97
#000000	0.25	0.26	0.05	2.45	97
#000000	0.26	0.27	0.05	2.45	97
#000000	0.27	0.28	0.05	2.45	97
#000000	0.28	0.29	0.05	2.45	97
#000000	0.29	0.3	0.05	2.45	97
#000000	0.3	0.31	0.05	2.45	97
#000000	0.31	0.32	0.05	2.45	97
#000000	0.32	0.33	0.05	2.45	97
#000000	0.33	0.34	0.05	2.45	97
#000000	0.34	0.35	0.05	2.45	97
#000000	0.35	0.36	0.05	2.45	97
#000000	0.36	0.37	0.05	2.45	97
#000000	0.37	0.38	0.05	2.45	97
#000000	0.38	0.39	0.05	2.45	97
#000000	0.39	0.4	0.05	2.45	97
#000000	0.4	0.41	0.05	2.45	97
#000000	0.41	0.42	0.05	2.45	97
#000000	0.42	0.43	0.05	2.45	97
#000000	0.43	0.44	0.05	2.45	97
#000000	0.44	0.45	0.05	2.45	97
#000000	0.45	0.46	0.05	2.45	97
#FF0000	0	0.01	2.55	4.95	97
#FF0000	0.01	0.02	2.55	4.95	97
#FF0000	0.02	0.03	2.55	4.95	97
#FF0000	0.03	0.04	2.55	4.95	97
#FF0000	0.04	0.05	2.55	4.95	97
#FF0000	0.05	0.06	2.55	4.95	97
#FF0000	0.06	0.07	2.55	4.95	97
#0000FF	0	0.01	5.05	7.45	97
#0000FF	0.01	0.02	5.05	7.45	97
#0000FF	0.02	0.03	5.05	7.45	97
#0000FF	0.03	0.04	5.05	7.45	97
#0000FF	0.04	0.05	5.05	7.45	97
#0000FF	0.05	0.06	5.05	7.45	97
#0000FF	0.06	0.07	5.05	7.45	97
#0000FF	0.07	0.08	5.05	7.45	97
#0000FF	0.08	0.09	5.05	7.45	97
#0000FF	0.09	0.1	5.05	7.45	97
#0000FF	0.1	0.11	5.05	7.45	97
#0000FF	0.11	0.12	5.05	7.45	97
#0000FF	0.12	0.13	5.05	7.45	97
#0000FF	0.13	0.14	5.05	7.45	97
#0000FF	0.14	0.15	5.05	7.45	97
#0000FF	0.15	0.16	5.05	7.45	97
#0000FF	0.16	0.17	5.05	7.45	97
#0000FF	0.17	0.18	5.05	7.45	97
#0000FF	0.18	0.19	5.05	7.45	97
#0000FF	0.19	0.2	5.05	7.45	97
#0000FF	0.2	0.21	5.05	7.45	97
#0000FF	0.21	0.22	5.05	7.45	97
#0000FF	0.22	0.23	5.05	7.45	97
#0000FF	0.23	0.24	5.05	7.45	97
#0000FF	0.24	0.25	5.05	7.45	97
#0000FF	0.25	0.26	5.05	7.45	97
#0000FF	0.26	0.27	5.05	7.45	97
#0000FF	0.27	0.28	5.05	7.45	97
#0000FF	0.28	0.29	5.05	7.45	97
#0000FF	0.29	0.3	5.05	7.45	97
#0000FF	0.3	0.31	5.05	7.45	97
#0000FF	0.31	0.32	5.05	7.45	97
#0000FF	0.32	0.33	5.05	7.45	97
#0000FF	0.33	0.34	5.05	7.45	97
#0000FF	0.34	0.35	5.05	7.45	97
#0000FF	0.35	0.36	5.05	7.45	97
#0000FF	0.36	0.37	5.05	7.45	97
#0000FF	0.37	0.38	5.05	7.45	97
#0000FF	0.38	0.39	5.05	7.45	97
#0000FF	0.39	0.4	5.05	7.45	97
#0000FF	0.4	0.41	5.05	7.45	97
#0000FF	0.41	0.42	5.05	7.45	97
#0000FF	0.42	0.43	5.05	7.45	97
#0000FF	0.43	0.44	5.05	7.45	97
#000000	0	0.01	0.05	2.45	98
#000000	0.01	0.02	0.05	2.45	98
#000000	0.02	0.03	0.05	2.45	98
#000000	0.03	0.04	0.05	2.45	98
#000000	0.04	0.05	0.05	2.45	98
#000000	0.05	0.06	0.05	2.45	98
#000000	0.06	0.07	0.05	2.45	98
#000000	0.07	0.08	0.05	2.45	98
#000000	0.08	0.09	0.05	2.45	98
#000000	0.09	0.1	0.05	2.45	98
#000000	0.1	0.11	0.05	2.45	98
#000000	0.11	0.12	0.05	2.45	98
#000000	0.12	0.13	0.05	2.45	98
#000000	0.13	0.14	0.05	2.45	98
#000000	0.14	0.15	0.05	2.45	98
#000000	0.15	0.16	0.05	2.45	98
#000000	0.16	0.17	0.05	2.45	98
#000000	0.17	0.18	0.05	2.45	98
#000000	0.18	0.19	0.05	2.45	98
#000000	0.19	0.2	0.05	2.45	98
#000000	0.2	0.21	0.05	2.45	98
#000000	0.21	0.22	0.05	2.45	98
#000000	0.22	0.23	0.05	2.45	98
#000000	0.23	0.24	0.05	2.45	98
#000000	0.24	0.25	0.05	2.45	98
#000000	0.25	0.26	0.05	2.45	98
#000000	0.26	0.27	0.05	2.45	98
#000000	0.27	0.28	0.05	2.45	98
#000000	0.28	0.29	0.05	2.45	98
#000000	0.29	0.3	0.05	2.45	98
#000000	0.3	0.31	0.05	2.45	98
#000000	0.31	0.32	0.05	2.45	98
#000000	0.32	0.33	0.05	2.45	98
#000000	0.33	0.34	0.05	2.45	98
#000000	0.34	0.35	0.05	2.45	98
#000000	0.35	0.36	0.05	2.45	98
#000000	0.36	0.37	0.05	2.45	98
#000000	0.37	0.38	0.05	2.45	98
#000000	0.38	0.39	0.05	2.45	98
#000000	0.39	0.4	0.05	2.45	98
#000000	0.4	0.41	0.05	2.45	98
#000000	0.41	0.42	0.05	2.45	98
#000000	0.42	0.43	0.05	2.45	98
#000000	0.43	0.44	0.05	2.45	98
#000000	0.44	0.45	0.05	2.45	98
#000000	0.45	0.46	0.05	2.45	98
#000000	0.46	0.47	0.05	2.45	98
#FF0000	0	0.01	2.55	4.95	98
#FF0000	0.01	0.02	2.55	4.95	98
#FF0000	0.02	0.03	2.55	4.95	98
#FF0000	0.03	0.04	2.55	4.95	98
#FF0000	0.04	0.05	2.55	4.95	98
#FF0000	0.05	0.06	2.55	4.95	98
#FF0000	0.06	0.07	2.55	4.95	98
#0000FF	0	0.01	5.05	7.45	98
#0000FF	0.01	0.02	5.05	7.45	98
#0000FF	0.02	0.03	5.05	7.45	98
#0000FF	0.03	0.04	5.05	7.45	98
#0000FF	0.04	0.05	5.05	7.45	98
#0000FF	0.05	0.06	5.05	7.45	98
#0000FF	0.06	0.07	5.05	7.45	98
#0000FF	0.07	0.08	5.05	7.45	98
#0000FF	0.08	0.09	5.05	7.45	98
#0000FF	0.09	0.1	5.05	7.45	98
#0000FF	0.1	0.11	5.05	7.45	98
#0000FF	0.11	0.12	5.05	7.45	98
#0000FF	0.12	0.13	5.05	7.45	98
#0000FF	0.13	0.14	5.05	7.45	98
#0000FF	0.14	0.15	5.05	7.45	98
#0000FF	0.15	0.16	5.05	7.45	98
#0000FF	0.16	0.17	5.05	7.45	98
#0000FF	0.17	0.18	5.05	7.45	98
#0000FF	0.18	0.19	5.05	7.45	98
#0000FF	0.19	0.2	5.05	7.45	98
#0000FF	0.2	0.21	5.05	7.45	98
#0000FF	0.21	0.22	5.05	7.45	98
#0000FF	0.22	0.23	5.05	7.45	98
#0000FF	0.23	0.24	5.05	7.45	98
#0000FF	0.24	0.25	5.05	7.45	98
#0000FF	0.25	0.26	5.05	7.45	98
#0000FF	0.26	0.27	5.05	7.45	98
#0000FF	0.27	0.28	5.05	7.45	98
#0000FF	0.28	0.29	5.05	7.45	98
#0000FF	0.29	0.3	5.05	7.45	98
#0000FF	0.3	0.31	5.05	7.45	98
#0000FF	0.31	0.32	5.05	7.45	98
#0000FF	0.32	0.33	5.05	7.45	98
#0000FF	0.33	0.34	5.05	7.45	98
#0000FF	0.34	0.35	5.05	7.45	98
#0000FF	0.35	0.36	5.05	7.45	98
#0000FF	0.36	0.37	5.05	7.45	98
#0000FF	0.37	0.38	5.05	7.45	98
#0000FF	0.38	0.39	5.05	7.45	98
#0000FF	0.39	0.4	5.05	7.45	98
#0000FF	0.4	0.41	5.05	7.45	98
#0000FF	0.41	0.42	5.05	7.45	98
#0000FF	0.42	0.43	5.05	7.45	98
#0000FF	0.43	0.44	5.05	7.45	98
#000000	0	0.01	0.05	2.45	99
#000000	0.01	0.02	0.05	2.45	99
#000000	0.02	0.03	0.05	2.45	99
#000000	0.03	0.04	0.05	2.45	99
#000000	0.04	0.05	0.05	2.45	99
#000000	0.05	0.06	0.05	2.45	99
#000000	0.06	0.07	0.05	2.45	99
#000000	0.07	0.08	0.05	2.45	99
#000000	0.08	0.09	0.05	2.45	99
#000000	0.09	0.1	0.05	2.45	99
#000000	0.1	0.11	0.05	2.45	99
#000000	0.11	0.12	0.05	2.45	99
#000000	0.12	0.13	0.05	2.45	99
#000000	0.13	0.14	0.05	2.45	99
#000000	0.14	0.15	0.05	2.45	99
#000000	0.15	0.16	0.05	2.45	99
#000000	0.16	0.17	0.05	2.45	99
#000000	0.17	0.18	0.05	2.45	99
#000000	0.18	0.19	0.05	2.45	99
#000000	0.19	0.2	0.05	2.45	99
#000000	0.2	0.21	0.05	2.45	99
#000000	0.21	0.22	0.05	2.45	99
#000000	0.22	0.23	0.05	2.45	99
#000000	0.23	0.24	0.05	2.45	99
#000000	0.24	0.25	0.05	2.45	99
#000000	0.25	0.26	0.05	2.45	99
#000000	0.26	0.27	0.05	2.45	99
#000000	0.27	0.28	0.05	2.45	99
#000000	0.28	0.29	0.05	2.45	99
#000000	0.29	0.3	0.05	2.45	99
#000000	0.3	0.31	0.05	2.45	99
#000000	0.31	0.32	0.05	2.45	99
#000000	0.32	0.33	0.05	2.45	99
#000000	0.33	0.34	0.05	2.45	99
#000000	0.34	0.35	0.05	2.45	99
#000000	0.35	0.36	0.05	2.45	99
#000000	0.36	0.37	0.05	2.45	99
#000000	0.37	0.38	0.05	2.45	99
#000000	0.38	0.39	0.05	2.45	99
#000000	0.39	0.4	0.05	2.45	99
#000000	0.4	0.41	0.05	2.45	99
#000000	0.41	0.42	0.05	2.45	99
#000000	0.42	0.43	0.05	2.45	99
#000000	0.43	0.44	0.05	2.45	99
#000000	0.44	0.45	0.05	2.45	99
#000000	0.45	0.46	0.05	2.45	99
#000000	0.46	0.47	0.05	2.45	99
#FF0000	0	0.01	2.55	4.95	99
#FF0000	0.01	0.02	2.55	4.95	99
#FF0000	0.02	0.03	2.55	4.95	99
#FF0000	0.03	0.04	2.55	4.95	99
#FF0000	0.04	0.05	2.55	4.95	99
#FF0000	0.05	0.06	2.55	4.95	99
#FF0000	0.06	0.07	2.55	4.95	99
#0000FF	0	0.01	5.05	7.45	99
#0000FF	0.01	0.02	5.05	7.45	99
#0000FF	0.02	0.03	5.05	7.45	99
#0000FF	0.03	0.04	5.05	7.45	99
#0000FF	0.04	0.05	5.05	7.45	99
#0000FF	0.05	0.06	5.05	7.45	99
#0000FF	0.06	0.07	5.05	7.45	99
#0000FF	0.07	0.08	5.05	7.45	99
#0000FF	0.08	0.09	5.05	7.45	99
#0000FF	0.09	0.1	5.05	7.45	99
#0000FF	0.1	0.11	5.05	7.45	99
#0000FF	0.11	0.12	5.05	7.45	99
#0000FF	0.12	0.13	5.05	7.45	99
#0000FF	0.13	0.14	5.05	7.45	99
#0000FF	0.14	0.15	5.05	7.45	99
#0000FF	0.15	0.16	5.05	7.45	99
#0000FF	0.16	0.17	5.05	7.45	99
#0000FF	0.17	0.18	5.05	7.45	99
#0000FF	0.18	0.19	5.05	7.45	99
#0000FF	0.19	0.2	5.05	7.45	99
#0000FF	0.2	0.21	5.05	7.45	99
#0000FF	0.21	0.22	5.05	7.45	99
#0000FF	0.22	0.23	5.05	7.45	99
#0000FF	0.23	0.24	5.05	7.45	99
#0000FF	0.24	0.25	5.05	7.45	99
#0000FF	0.25	0.26	5.05	7.45	99
#0000FF	0.26	0.27	5.05	7.45	99
#0000FF	0.27	0.28	5.05	7.45	99
#0000FF	0.28	0.29	5.05	7.45	99
#0000FF	0.29	0.3	5.05	7.45	99
#0000FF	0.3	0.31	5.05	7.45	99
#0000FF	0.31	0.32	5.05	7.45	99
#0000FF	0.32	0.33	5.05	7.45	99
#0000FF	0.33	0.34	5.05	7.45	99
#0000FF	0.34	0.35	5.05	7.45	99
#0000FF	0.35	0.36	5.05	7.45	99
#0000FF	0.36	0.37	5.05	7.45	99
#0000FF	0.37	0.38	5.05	7.45	99
#0000FF	0.38	0.39	5.05	7.45	99
#0000FF	0.39	0.4	5.05	7.45	99
#0000FF	0.4	0.41	5.05	7.45	99
#0000FF	0.41	0.42	5.05	7.45	99
#0000FF	0.42	0.43	5.05	7.45	99
#0000FF	0.43	0.44	5.05	7.45	99
#0000FF	0.44	0.45	5.05	7.45	99
#000000	0	0.01	0.05	2.45	100
#000000	0.01	0.02	0.05	2.45	100
#000000	0.02	0.03	0.05	2.45	100
#000000	0.03	0.04	0.05	2.45	100
#000000	0.04	0.05	0.05	2.45	100
#000000	0.05	0.06	0.05	2.45	100
#000000	0.06	0.07	0.05	2.45	100
#000000	0.07	0.08	0.05	2.45	100
#000000	0.08	0.09	0.05	2.45	100
#000000	0.09	0.1	0.05	2.45	100
#000000	0.1	0.11	0.05	2.45	100
#000000	0.11	0.12	0.05	2.45	100
#000000	0.12	0.13	0.05	2.45	100
#000000	0.13	0.14	0.05	2.45	100
#000000	0.14	0.15	0.05	2.45	100
#000000	0.15	0.16	0.05	2.45	100
#000000	0.16	0.17	0.05	2.45	100
#000000	0.17	0.18	0.05	2.45	100
#000000	0.18	0.19	0.05	2.45	100
#000000	0.19	0.2	0.05	2.45	100
#000000	0.2	0.21	0.05	2.45	100
#000000	0.21	0.22	0.05	2.45	100
#000000	0.22	0.23	0.05	2.45	100
#000000	0.23	0.24	0.05	2.45	100
#000000	0.24	0.25	0.05	2.45	100
#000000	0.25	0.26	0.05	2.45	100
#000000	0.26	0.27	0.05	2.45	100
#000000	0.27	0.28	0.05	2.45	100
#000000	0.28	0.29	0.05	2.45	100
#000000	0.29	0.3	0.05	2.45	100
#000000	0.3	0.31	0.05	2.45	100
#000000	0.31	0.32	0.05	2.45	100
#000000	0.32	0.33	0.05	2.45	100
#000000	0.33	0.34	0.05	2.45	100
#000000	0.34	0.35	0.05	2.45	100
#000000	0.35	0.36	0.05	2.45	100
#000000	0.36	0.37	0.05	2.45	100
#000000	0.37	0.38	0.05	2.45	100
#000000	0.38	0.39	0.05	2.45	100
#000000	0.39	0.4	0.05	2.45	100
#000000	0.4	0.41	0.05	2.45	100
#000000	0.41	0.42	0.05	2.45	100
#000000	0.42	0.43	0.05	2.45	100
#000000	0.43	0.44	0.05	2.45	100
#000000	0.44	0.45	0.05	2.45	100
#000000	0.45	0.46	0.05	2.45	100
#000000	0.46	0.47	0.05	2.45	100
#FF0000	0	0.01	2.55	4.95	100
#FF0000	0.01	0.02	2.55	4.95	100
#FF0000	0.02	0.03	2.55	4.95	100
#FF0000	0.03	0.04	2.55	4.95	100
#FF0000	0.04	0.05	2.55	4.95	100
#FF0000	0.05	0.06	2.55	4.95	100
#FF0000	0.06	0.07	2.55	4.95	100
#0000FF	0	0.01	5.05	7.45	100
#0000FF	0.01	0.02	5.05	7.45	100
#0000FF	0.02	0.03	5.05	7.45	100
#0000FF	0.03	0.04	5.05	7.45	100
#0000FF	0.04	0.05	5.05	7.45	100
#0000FF	0.05	0.06	5.05	7.45	100
#0000FF	0.06	0.07	5.05	7.45	100
#0000FF	0.07	0.08	5.05	7.45	100
#0000FF	0.08	0.09	5.05	7.45	100
#0000FF	0.09	0.1	5.05	7.45	100
#0000FF	0.1	0.11	5.05	7.45	100
#0000FF	0.11	0.12	5.05	7.45	100
#0000FF	0.12	0.13	5.05	7.45	100
#0000FF	0.13	0.14	5.05	7.45	100
#0000FF	0.14	0.15	5.05	7.45	100
#0000FF	0.15	0.16	5.05	7.45	100
#0000FF	0.16	0.17	5.05	7.45	100
#0000FF	0.17	0.18	5.05	7.45	100
#0000FF	0.18	0.19	5.05	7.45	100
#0000FF	0.19	0.2	5.05	7.45	100
#0000FF	0.2	0.21	5.05	7.45	100
#0000FF	0.21	0.22	5.05	7.45	100
#0000FF	0.22	0.23	5.05	7.45	100
#0000FF	0.23	0.24	5.05	7.45	100
#0000FF	0.24	0.25	5.05	7.45	100
#0000FF	0.25	0.26	5.05	7.45	100
#0000FF	0.26	0.27	5.05	7.45	100
#0000FF	0.27	0.28	5.05	7.45	100
#0000FF	0.28	0.29	5.05	7.45	100
#0000FF	0.29	0.3	5.05	7.45	100
#0000FF	0.3	0.31	5.05	7.45	100
#0000FF	0.31	0.32	5.05	7.45	100
#0000FF	0.32	0.33	5.05	7.45	100
#0000FF	0.33	0.34	5.05	7.45	100
#0000FF	0.34	0.35	5.05	7.45	100
#0000FF	0.35	0.36	5.05	7.45	100
#0000FF	0.36	0.37	5.05	7.45	100
#0000FF	0.37	0.38	5.05	7.45	100
#0000FF	0.38	0.39	5.05	7.45	100
#0000FF	0.39	0.4	5.05	7.45	100
#0000FF	0.4	0.41	5.05	7.45	100
#0000FF	0.41	0.42	5.05	7.45	100
#0000FF	0.42	0.43	5.05	7.45	100
#0000FF	0.43	0.44	5.05	7.45	100
#0000FF	0.44	0.45	5.05	7.45	100
#0000FF	0.45	0.46	5.05	7.45	100
