colour	y	x	label	showSelected1
#000000	0.129363013422117	12.8799138822593	Head	1
#000000	0.129363013422117	12.8799138822593	Head	2
#0000FF	0.491179468217306	10.7960236144718	Tail	2
#000000	0.129363013422117	12.8799138822593	Head	3
#0000FF	0.491179468217306	10.7960236144718	Tail	3
#000000	0.310682862987742	12.0111816626042	Head	3
#000000	0.129363013422117	12.8799138822593	Head	4
#0000FF	0.491179468217306	10.7960236144718	Tail	4
#000000	0.310682862987742	12.0111816626042	Head	4
#0000FF	0.267514863624238	15.6448958544992	Tail	4
#000000	0.129363013422117	12.8799138822593	Head	5
#0000FF	0.491179468217306	10.7960236144718	Tail	5
#000000	0.310682862987742	12.0111816626042	Head	5
#0000FF	0.267514863624238	15.6448958544992	Tail	5
#FF0000	0.211286671101116	11.9666386979166	Stand	5
#000000	0.129363013422117	12.8799138822593	Head	6
#0000FF	0.491179468217306	10.7960236144718	Tail	6
#000000	0.310682862987742	12.0111816626042	Head	6
#0000FF	0.267514863624238	15.6448958544992	Tail	6
#FF0000	0.211286671101116	11.9666386979166	Stand	6
#000000	0.450123270615004	15.144731732551	Head	6
#000000	0.129363013422117	12.8799138822593	Head	7
#0000FF	0.491179468217306	10.7960236144718	Tail	7
#000000	0.310682862987742	12.0111816626042	Head	7
#0000FF	0.267514863624238	15.6448958544992	Tail	7
#FF0000	0.211286671101116	11.9666386979166	Stand	7
#000000	0.450123270615004	15.144731732551	Head	7
#0000FF	0.192045932393521	15.3326178579126	Tail	7
#000000	0.129363013422117	12.8799138822593	Head	8
#0000FF	0.491179468217306	10.7960236144718	Tail	8
#000000	0.310682862987742	12.0111816626042	Head	8
#0000FF	0.267514863624238	15.6448958544992	Tail	8
#FF0000	0.211286671101116	11.9666386979166	Stand	8
#000000	0.450123270615004	15.144731732551	Head	8
#0000FF	0.192045932393521	15.3326178579126	Tail	8
#0000FF	0.154119640346617	12.9481328621041	Tail	8
#000000	0.129363013422117	12.8799138822593	Head	9
#0000FF	0.491179468217306	10.7960236144718	Tail	9
#000000	0.310682862987742	12.0111816626042	Head	9
#0000FF	0.267514863624238	15.6448958544992	Tail	9
#FF0000	0.211286671101116	11.9666386979166	Stand	9
#000000	0.450123270615004	15.144731732551	Head	9
#0000FF	0.192045932393521	15.3326178579126	Tail	9
#0000FF	0.154119640346617	12.9481328621041	Tail	9
#0000FF	0.0953226175531745	11.4033802569378	Tail	9
#000000	0.129363013422117	12.8799138822593	Head	10
#0000FF	0.491179468217306	10.7960236144718	Tail	10
#000000	0.310682862987742	12.0111816626042	Head	10
#0000FF	0.267514863624238	15.6448958544992	Tail	10
#FF0000	0.211286671101116	11.9666386979166	Stand	10
#000000	0.450123270615004	15.144731732551	Head	10
#0000FF	0.192045932393521	15.3326178579126	Tail	10
#0000FF	0.154119640346617	12.9481328621041	Tail	10
#0000FF	0.0953226175531745	11.4033802569378	Tail	10
#0000FF	0.0960858731903136	9.34733858932741	Tail	10
#000000	0.129363013422117	12.8799138822593	Head	11
#0000FF	0.491179468217306	10.7960236144718	Tail	11
#000000	0.310682862987742	12.0111816626042	Head	11
#0000FF	0.267514863624238	15.6448958544992	Tail	11
#FF0000	0.211286671101116	11.9666386979166	Stand	11
#000000	0.450123270615004	15.144731732551	Head	11
#0000FF	0.192045932393521	15.3326178579126	Tail	11
#0000FF	0.154119640346617	12.9481328621041	Tail	11
#0000FF	0.0953226175531745	11.4033802569378	Tail	11
#0000FF	0.0960858731903136	9.34733858932741	Tail	11
#FF0000	0.25102130276151	15.4953384655062	Stand	11
#000000	0.129363013422117	12.8799138822593	Head	12
#0000FF	0.491179468217306	10.7960236144718	Tail	12
#000000	0.310682862987742	12.0111816626042	Head	12
#0000FF	0.267514863624238	15.6448958544992	Tail	12
#FF0000	0.211286671101116	11.9666386979166	Stand	12
#000000	0.450123270615004	15.144731732551	Head	12
#0000FF	0.192045932393521	15.3326178579126	Tail	12
#0000FF	0.154119640346617	12.9481328621041	Tail	12
#0000FF	0.0953226175531745	11.4033802569378	Tail	12
#0000FF	0.0960858731903136	9.34733858932741	Tail	12
#FF0000	0.25102130276151	15.4953384655062	Stand	12
#0000FF	0.136482464256696	10.5495854198001	Tail	12
#000000	0.129363013422117	12.8799138822593	Head	13
#0000FF	0.491179468217306	10.7960236144718	Tail	13
#000000	0.310682862987742	12.0111816626042	Head	13
#0000FF	0.267514863624238	15.6448958544992	Tail	13
#FF0000	0.211286671101116	11.9666386979166	Stand	13
#000000	0.450123270615004	15.144731732551	Head	13
#0000FF	0.192045932393521	15.3326178579126	Tail	13
#0000FF	0.154119640346617	12.9481328621041	Tail	13
#0000FF	0.0953226175531745	11.4033802569378	Tail	13
#0000FF	0.0960858731903136	9.34733858932741	Tail	13
#FF0000	0.25102130276151	15.4953384655062	Stand	13
#0000FF	0.136482464256696	10.5495854198001	Tail	13
#0000FF	0.118127394807525	8.67362045808695	Tail	13
#000000	0.129363013422117	12.8799138822593	Head	14
#0000FF	0.491179468217306	10.7960236144718	Tail	14
#000000	0.310682862987742	12.0111816626042	Head	14
#0000FF	0.267514863624238	15.6448958544992	Tail	14
#FF0000	0.211286671101116	11.9666386979166	Stand	14
#000000	0.450123270615004	15.144731732551	Head	14
#0000FF	0.192045932393521	15.3326178579126	Tail	14
#0000FF	0.154119640346617	12.9481328621041	Tail	14
#0000FF	0.0953226175531745	11.4033802569378	Tail	14
#0000FF	0.0960858731903136	9.34733858932741	Tail	14
#FF0000	0.25102130276151	15.4953384655062	Stand	14
#0000FF	0.136482464256696	10.5495854198001	Tail	14
#0000FF	0.118127394807525	8.67362045808695	Tail	14
#0000FF	0.347188194040209	15.5922701322939	Tail	14
#000000	0.129363013422117	12.8799138822593	Head	15
#0000FF	0.491179468217306	10.7960236144718	Tail	15
#000000	0.310682862987742	12.0111816626042	Head	15
#0000FF	0.267514863624238	15.6448958544992	Tail	15
#FF0000	0.211286671101116	11.9666386979166	Stand	15
#000000	0.450123270615004	15.144731732551	Head	15
#0000FF	0.192045932393521	15.3326178579126	Tail	15
#0000FF	0.154119640346617	12.9481328621041	Tail	15
#0000FF	0.0953226175531745	11.4033802569378	Tail	15
#0000FF	0.0960858731903136	9.34733858932741	Tail	15
#FF0000	0.25102130276151	15.4953384655062	Stand	15
#0000FF	0.136482464256696	10.5495854198001	Tail	15
#0000FF	0.118127394807525	8.67362045808695	Tail	15
#0000FF	0.347188194040209	15.5922701322939	Tail	15
#000000	0.0338318137126043	13.8206509327516	Head	15
#000000	0.129363013422117	12.8799138822593	Head	16
#0000FF	0.491179468217306	10.7960236144718	Tail	16
#000000	0.310682862987742	12.0111816626042	Head	16
#0000FF	0.267514863624238	15.6448958544992	Tail	16
#FF0000	0.211286671101116	11.9666386979166	Stand	16
#000000	0.450123270615004	15.144731732551	Head	16
#0000FF	0.192045932393521	15.3326178579126	Tail	16
#0000FF	0.154119640346617	12.9481328621041	Tail	16
#0000FF	0.0953226175531745	11.4033802569378	Tail	16
#0000FF	0.0960858731903136	9.34733858932741	Tail	16
#FF0000	0.25102130276151	15.4953384655062	Stand	16
#0000FF	0.136482464256696	10.5495854198001	Tail	16
#0000FF	0.118127394807525	8.67362045808695	Tail	16
#0000FF	0.347188194040209	15.5922701322939	Tail	16
#000000	0.0338318137126043	13.8206509327516	Head	16
#0000FF	0.36042654373683	9.30989550566301	Tail	16
#000000	0.129363013422117	12.8799138822593	Head	17
#0000FF	0.491179468217306	10.7960236144718	Tail	17
#000000	0.310682862987742	12.0111816626042	Head	17
#0000FF	0.267514863624238	15.6448958544992	Tail	17
#FF0000	0.211286671101116	11.9666386979166	Stand	17
#000000	0.450123270615004	15.144731732551	Head	17
#0000FF	0.192045932393521	15.3326178579126	Tail	17
#0000FF	0.154119640346617	12.9481328621041	Tail	17
#0000FF	0.0953226175531745	11.4033802569378	Tail	17
#0000FF	0.0960858731903136	9.34733858932741	Tail	17
#FF0000	0.25102130276151	15.4953384655062	Stand	17
#0000FF	0.136482464256696	10.5495854198001	Tail	17
#0000FF	0.118127394807525	8.67362045808695	Tail	17
#0000FF	0.347188194040209	15.5922701322939	Tail	17
#000000	0.0338318137126043	13.8206509327516	Head	17
#0000FF	0.36042654373683	9.30989550566301	Tail	17
#000000	0.18594431922771	12.4844203173183	Head	17
#000000	0.129363013422117	12.8799138822593	Head	18
#0000FF	0.491179468217306	10.7960236144718	Tail	18
#000000	0.310682862987742	12.0111816626042	Head	18
#0000FF	0.267514863624238	15.6448958544992	Tail	18
#FF0000	0.211286671101116	11.9666386979166	Stand	18
#000000	0.450123270615004	15.144731732551	Head	18
#0000FF	0.192045932393521	15.3326178579126	Tail	18
#0000FF	0.154119640346617	12.9481328621041	Tail	18
#0000FF	0.0953226175531745	11.4033802569378	Tail	18
#0000FF	0.0960858731903136	9.34733858932741	Tail	18
#FF0000	0.25102130276151	15.4953384655062	Stand	18
#0000FF	0.136482464256696	10.5495854198001	Tail	18
#0000FF	0.118127394807525	8.67362045808695	Tail	18
#0000FF	0.347188194040209	15.5922701322939	Tail	18
#000000	0.0338318137126043	13.8206509327516	Head	18
#0000FF	0.36042654373683	9.30989550566301	Tail	18
#000000	0.18594431922771	12.4844203173183	Head	18
#000000	0.214471998964436	15.6419116607402	Head	18
#000000	0.129363013422117	12.8799138822593	Head	19
#0000FF	0.491179468217306	10.7960236144718	Tail	19
#000000	0.310682862987742	12.0111816626042	Head	19
#0000FF	0.267514863624238	15.6448958544992	Tail	19
#FF0000	0.211286671101116	11.9666386979166	Stand	19
#000000	0.450123270615004	15.144731732551	Head	19
#0000FF	0.192045932393521	15.3326178579126	Tail	19
#0000FF	0.154119640346617	12.9481328621041	Tail	19
#0000FF	0.0953226175531745	11.4033802569378	Tail	19
#0000FF	0.0960858731903136	9.34733858932741	Tail	19
#FF0000	0.25102130276151	15.4953384655062	Stand	19
#0000FF	0.136482464256696	10.5495854198001	Tail	19
#0000FF	0.118127394807525	8.67362045808695	Tail	19
#0000FF	0.347188194040209	15.5922701322939	Tail	19
#000000	0.0338318137126043	13.8206509327516	Head	19
#0000FF	0.36042654373683	9.30989550566301	Tail	19
#000000	0.18594431922771	12.4844203173183	Head	19
#000000	0.214471998964436	15.6419116607402	Head	19
#000000	0.420475661978126	12.7667701543309	Head	19
#000000	0.129363013422117	12.8799138822593	Head	20
#0000FF	0.491179468217306	10.7960236144718	Tail	20
#000000	0.310682862987742	12.0111816626042	Head	20
#0000FF	0.267514863624238	15.6448958544992	Tail	20
#FF0000	0.211286671101116	11.9666386979166	Stand	20
#000000	0.450123270615004	15.144731732551	Head	20
#0000FF	0.192045932393521	15.3326178579126	Tail	20
#0000FF	0.154119640346617	12.9481328621041	Tail	20
#0000FF	0.0953226175531745	11.4033802569378	Tail	20
#0000FF	0.0960858731903136	9.34733858932741	Tail	20
#FF0000	0.25102130276151	15.4953384655062	Stand	20
#0000FF	0.136482464256696	10.5495854198001	Tail	20
#0000FF	0.118127394807525	8.67362045808695	Tail	20
#0000FF	0.347188194040209	15.5922701322939	Tail	20
#000000	0.0338318137126043	13.8206509327516	Head	20
#0000FF	0.36042654373683	9.30989550566301	Tail	20
#000000	0.18594431922771	12.4844203173183	Head	20
#000000	0.214471998964436	15.6419116607402	Head	20
#000000	0.420475661978126	12.7667701543309	Head	20
#FF0000	0.469428674075753	11.3551801976282	Stand	20
#000000	0.129363013422117	12.8799138822593	Head	21
#0000FF	0.491179468217306	10.7960236144718	Tail	21
#000000	0.310682862987742	12.0111816626042	Head	21
#0000FF	0.267514863624238	15.6448958544992	Tail	21
#FF0000	0.211286671101116	11.9666386979166	Stand	21
#000000	0.450123270615004	15.144731732551	Head	21
#0000FF	0.192045932393521	15.3326178579126	Tail	21
#0000FF	0.154119640346617	12.9481328621041	Tail	21
#0000FF	0.0953226175531745	11.4033802569378	Tail	21
#0000FF	0.0960858731903136	9.34733858932741	Tail	21
#FF0000	0.25102130276151	15.4953384655062	Stand	21
#0000FF	0.136482464256696	10.5495854198001	Tail	21
#0000FF	0.118127394807525	8.67362045808695	Tail	21
#0000FF	0.347188194040209	15.5922701322939	Tail	21
#000000	0.0338318137126043	13.8206509327516	Head	21
#0000FF	0.36042654373683	9.30989550566301	Tail	21
#000000	0.18594431922771	12.4844203173183	Head	21
#000000	0.214471998964436	15.6419116607402	Head	21
#000000	0.420475661978126	12.7667701543309	Head	21
#FF0000	0.469428674075753	11.3551801976282	Stand	21
#0000FF	0.151264165053144	13.2535691387486	Tail	21
#000000	0.129363013422117	12.8799138822593	Head	22
#0000FF	0.491179468217306	10.7960236144718	Tail	22
#000000	0.310682862987742	12.0111816626042	Head	22
#0000FF	0.267514863624238	15.6448958544992	Tail	22
#FF0000	0.211286671101116	11.9666386979166	Stand	22
#000000	0.450123270615004	15.144731732551	Head	22
#0000FF	0.192045932393521	15.3326178579126	Tail	22
#0000FF	0.154119640346617	12.9481328621041	Tail	22
#0000FF	0.0953226175531745	11.4033802569378	Tail	22
#0000FF	0.0960858731903136	9.34733858932741	Tail	22
#FF0000	0.25102130276151	15.4953384655062	Stand	22
#0000FF	0.136482464256696	10.5495854198001	Tail	22
#0000FF	0.118127394807525	8.67362045808695	Tail	22
#0000FF	0.347188194040209	15.5922701322939	Tail	22
#000000	0.0338318137126043	13.8206509327516	Head	22
#0000FF	0.36042654373683	9.30989550566301	Tail	22
#000000	0.18594431922771	12.4844203173183	Head	22
#000000	0.214471998964436	15.6419116607402	Head	22
#000000	0.420475661978126	12.7667701543309	Head	22
#FF0000	0.469428674075753	11.3551801976282	Stand	22
#0000FF	0.151264165053144	13.2535691387486	Tail	22
#0000FF	0.490552396853454	10.6946008133236	Tail	22
#000000	0.129363013422117	12.8799138822593	Head	23
#0000FF	0.491179468217306	10.7960236144718	Tail	23
#000000	0.310682862987742	12.0111816626042	Head	23
#0000FF	0.267514863624238	15.6448958544992	Tail	23
#FF0000	0.211286671101116	11.9666386979166	Stand	23
#000000	0.450123270615004	15.144731732551	Head	23
#0000FF	0.192045932393521	15.3326178579126	Tail	23
#0000FF	0.154119640346617	12.9481328621041	Tail	23
#0000FF	0.0953226175531745	11.4033802569378	Tail	23
#0000FF	0.0960858731903136	9.34733858932741	Tail	23
#FF0000	0.25102130276151	15.4953384655062	Stand	23
#0000FF	0.136482464256696	10.5495854198001	Tail	23
#0000FF	0.118127394807525	8.67362045808695	Tail	23
#0000FF	0.347188194040209	15.5922701322939	Tail	23
#000000	0.0338318137126043	13.8206509327516	Head	23
#0000FF	0.36042654373683	9.30989550566301	Tail	23
#000000	0.18594431922771	12.4844203173183	Head	23
#000000	0.214471998964436	15.6419116607402	Head	23
#000000	0.420475661978126	12.7667701543309	Head	23
#FF0000	0.469428674075753	11.3551801976282	Stand	23
#0000FF	0.151264165053144	13.2535691387486	Tail	23
#0000FF	0.490552396853454	10.6946008133236	Tail	23
#0000FF	0.374197214134038	10.6002160847653	Tail	23
#000000	0.129363013422117	12.8799138822593	Head	24
#0000FF	0.491179468217306	10.7960236144718	Tail	24
#000000	0.310682862987742	12.0111816626042	Head	24
#0000FF	0.267514863624238	15.6448958544992	Tail	24
#FF0000	0.211286671101116	11.9666386979166	Stand	24
#000000	0.450123270615004	15.144731732551	Head	24
#0000FF	0.192045932393521	15.3326178579126	Tail	24
#0000FF	0.154119640346617	12.9481328621041	Tail	24
#0000FF	0.0953226175531745	11.4033802569378	Tail	24
#0000FF	0.0960858731903136	9.34733858932741	Tail	24
#FF0000	0.25102130276151	15.4953384655062	Stand	24
#0000FF	0.136482464256696	10.5495854198001	Tail	24
#0000FF	0.118127394807525	8.67362045808695	Tail	24
#0000FF	0.347188194040209	15.5922701322939	Tail	24
#000000	0.0338318137126043	13.8206509327516	Head	24
#0000FF	0.36042654373683	9.30989550566301	Tail	24
#000000	0.18594431922771	12.4844203173183	Head	24
#000000	0.214471998964436	15.6419116607402	Head	24
#000000	0.420475661978126	12.7667701543309	Head	24
#FF0000	0.469428674075753	11.3551801976282	Stand	24
#0000FF	0.151264165053144	13.2535691387486	Tail	24
#0000FF	0.490552396853454	10.6946008133236	Tail	24
#0000FF	0.374197214134038	10.6002160847653	Tail	24
#FF0000	0.353187541002408	9.91418752386235	Stand	24
#000000	0.129363013422117	12.8799138822593	Head	25
#0000FF	0.491179468217306	10.7960236144718	Tail	25
#000000	0.310682862987742	12.0111816626042	Head	25
#0000FF	0.267514863624238	15.6448958544992	Tail	25
#FF0000	0.211286671101116	11.9666386979166	Stand	25
#000000	0.450123270615004	15.144731732551	Head	25
#0000FF	0.192045932393521	15.3326178579126	Tail	25
#0000FF	0.154119640346617	12.9481328621041	Tail	25
#0000FF	0.0953226175531745	11.4033802569378	Tail	25
#0000FF	0.0960858731903136	9.34733858932741	Tail	25
#FF0000	0.25102130276151	15.4953384655062	Stand	25
#0000FF	0.136482464256696	10.5495854198001	Tail	25
#0000FF	0.118127394807525	8.67362045808695	Tail	25
#0000FF	0.347188194040209	15.5922701322939	Tail	25
#000000	0.0338318137126043	13.8206509327516	Head	25
#0000FF	0.36042654373683	9.30989550566301	Tail	25
#000000	0.18594431922771	12.4844203173183	Head	25
#000000	0.214471998964436	15.6419116607402	Head	25
#000000	0.420475661978126	12.7667701543309	Head	25
#FF0000	0.469428674075753	11.3551801976282	Stand	25
#0000FF	0.151264165053144	13.2535691387486	Tail	25
#0000FF	0.490552396853454	10.6946008133236	Tail	25
#0000FF	0.374197214134038	10.6002160847653	Tail	25
#FF0000	0.353187541002408	9.91418752386235	Stand	25
#0000FF	0.0364219713862985	11.0820131535176	Tail	25
#000000	0.129363013422117	12.8799138822593	Head	26
#0000FF	0.491179468217306	10.7960236144718	Tail	26
#000000	0.310682862987742	12.0111816626042	Head	26
#0000FF	0.267514863624238	15.6448958544992	Tail	26
#FF0000	0.211286671101116	11.9666386979166	Stand	26
#000000	0.450123270615004	15.144731732551	Head	26
#0000FF	0.192045932393521	15.3326178579126	Tail	26
#0000FF	0.154119640346617	12.9481328621041	Tail	26
#0000FF	0.0953226175531745	11.4033802569378	Tail	26
#0000FF	0.0960858731903136	9.34733858932741	Tail	26
#FF0000	0.25102130276151	15.4953384655062	Stand	26
#0000FF	0.136482464256696	10.5495854198001	Tail	26
#0000FF	0.118127394807525	8.67362045808695	Tail	26
#0000FF	0.347188194040209	15.5922701322939	Tail	26
#000000	0.0338318137126043	13.8206509327516	Head	26
#0000FF	0.36042654373683	9.30989550566301	Tail	26
#000000	0.18594431922771	12.4844203173183	Head	26
#000000	0.214471998964436	15.6419116607402	Head	26
#000000	0.420475661978126	12.7667701543309	Head	26
#FF0000	0.469428674075753	11.3551801976282	Stand	26
#0000FF	0.151264165053144	13.2535691387486	Tail	26
#0000FF	0.490552396853454	10.6946008133236	Tail	26
#0000FF	0.374197214134038	10.6002160847653	Tail	26
#FF0000	0.353187541002408	9.91418752386235	Stand	26
#0000FF	0.0364219713862985	11.0820131535176	Tail	26
#0000FF	0.207610067320056	15.8769097870681	Tail	26
#000000	0.129363013422117	12.8799138822593	Head	27
#0000FF	0.491179468217306	10.7960236144718	Tail	27
#000000	0.310682862987742	12.0111816626042	Head	27
#0000FF	0.267514863624238	15.6448958544992	Tail	27
#FF0000	0.211286671101116	11.9666386979166	Stand	27
#000000	0.450123270615004	15.144731732551	Head	27
#0000FF	0.192045932393521	15.3326178579126	Tail	27
#0000FF	0.154119640346617	12.9481328621041	Tail	27
#0000FF	0.0953226175531745	11.4033802569378	Tail	27
#0000FF	0.0960858731903136	9.34733858932741	Tail	27
#FF0000	0.25102130276151	15.4953384655062	Stand	27
#0000FF	0.136482464256696	10.5495854198001	Tail	27
#0000FF	0.118127394807525	8.67362045808695	Tail	27
#0000FF	0.347188194040209	15.5922701322939	Tail	27
#000000	0.0338318137126043	13.8206509327516	Head	27
#0000FF	0.36042654373683	9.30989550566301	Tail	27
#000000	0.18594431922771	12.4844203173183	Head	27
#000000	0.214471998964436	15.6419116607402	Head	27
#000000	0.420475661978126	12.7667701543309	Head	27
#FF0000	0.469428674075753	11.3551801976282	Stand	27
#0000FF	0.151264165053144	13.2535691387486	Tail	27
#0000FF	0.490552396853454	10.6946008133236	Tail	27
#0000FF	0.374197214134038	10.6002160847653	Tail	27
#FF0000	0.353187541002408	9.91418752386235	Stand	27
#0000FF	0.0364219713862985	11.0820131535176	Tail	27
#0000FF	0.207610067320056	15.8769097870681	Tail	27
#0000FF	0.248922689924948	9.40277794641442	Tail	27
#000000	0.129363013422117	12.8799138822593	Head	28
#0000FF	0.491179468217306	10.7960236144718	Tail	28
#000000	0.310682862987742	12.0111816626042	Head	28
#0000FF	0.267514863624238	15.6448958544992	Tail	28
#FF0000	0.211286671101116	11.9666386979166	Stand	28
#000000	0.450123270615004	15.144731732551	Head	28
#0000FF	0.192045932393521	15.3326178579126	Tail	28
#0000FF	0.154119640346617	12.9481328621041	Tail	28
#0000FF	0.0953226175531745	11.4033802569378	Tail	28
#0000FF	0.0960858731903136	9.34733858932741	Tail	28
#FF0000	0.25102130276151	15.4953384655062	Stand	28
#0000FF	0.136482464256696	10.5495854198001	Tail	28
#0000FF	0.118127394807525	8.67362045808695	Tail	28
#0000FF	0.347188194040209	15.5922701322939	Tail	28
#000000	0.0338318137126043	13.8206509327516	Head	28
#0000FF	0.36042654373683	9.30989550566301	Tail	28
#000000	0.18594431922771	12.4844203173183	Head	28
#000000	0.214471998964436	15.6419116607402	Head	28
#000000	0.420475661978126	12.7667701543309	Head	28
#FF0000	0.469428674075753	11.3551801976282	Stand	28
#0000FF	0.151264165053144	13.2535691387486	Tail	28
#0000FF	0.490552396853454	10.6946008133236	Tail	28
#0000FF	0.374197214134038	10.6002160847653	Tail	28
#FF0000	0.353187541002408	9.91418752386235	Stand	28
#0000FF	0.0364219713862985	11.0820131535176	Tail	28
#0000FF	0.207610067320056	15.8769097870681	Tail	28
#0000FF	0.248922689924948	9.40277794641442	Tail	28
#0000FF	0.290126631841995	8.91014319909736	Tail	28
#000000	0.129363013422117	12.8799138822593	Head	29
#0000FF	0.491179468217306	10.7960236144718	Tail	29
#000000	0.310682862987742	12.0111816626042	Head	29
#0000FF	0.267514863624238	15.6448958544992	Tail	29
#FF0000	0.211286671101116	11.9666386979166	Stand	29
#000000	0.450123270615004	15.144731732551	Head	29
#0000FF	0.192045932393521	15.3326178579126	Tail	29
#0000FF	0.154119640346617	12.9481328621041	Tail	29
#0000FF	0.0953226175531745	11.4033802569378	Tail	29
#0000FF	0.0960858731903136	9.34733858932741	Tail	29
#FF0000	0.25102130276151	15.4953384655062	Stand	29
#0000FF	0.136482464256696	10.5495854198001	Tail	29
#0000FF	0.118127394807525	8.67362045808695	Tail	29
#0000FF	0.347188194040209	15.5922701322939	Tail	29
#000000	0.0338318137126043	13.8206509327516	Head	29
#0000FF	0.36042654373683	9.30989550566301	Tail	29
#000000	0.18594431922771	12.4844203173183	Head	29
#000000	0.214471998964436	15.6419116607402	Head	29
#000000	0.420475661978126	12.7667701543309	Head	29
#FF0000	0.469428674075753	11.3551801976282	Stand	29
#0000FF	0.151264165053144	13.2535691387486	Tail	29
#0000FF	0.490552396853454	10.6946008133236	Tail	29
#0000FF	0.374197214134038	10.6002160847653	Tail	29
#FF0000	0.353187541002408	9.91418752386235	Stand	29
#0000FF	0.0364219713862985	11.0820131535176	Tail	29
#0000FF	0.207610067320056	15.8769097870681	Tail	29
#0000FF	0.248922689924948	9.40277794641442	Tail	29
#0000FF	0.290126631841995	8.91014319909736	Tail	29
#000000	0.359130797432736	9.30687388069928	Head	29
#000000	0.129363013422117	12.8799138822593	Head	30
#0000FF	0.491179468217306	10.7960236144718	Tail	30
#000000	0.310682862987742	12.0111816626042	Head	30
#0000FF	0.267514863624238	15.6448958544992	Tail	30
#FF0000	0.211286671101116	11.9666386979166	Stand	30
#000000	0.450123270615004	15.144731732551	Head	30
#0000FF	0.192045932393521	15.3326178579126	Tail	30
#0000FF	0.154119640346617	12.9481328621041	Tail	30
#0000FF	0.0953226175531745	11.4033802569378	Tail	30
#0000FF	0.0960858731903136	9.34733858932741	Tail	30
#FF0000	0.25102130276151	15.4953384655062	Stand	30
#0000FF	0.136482464256696	10.5495854198001	Tail	30
#0000FF	0.118127394807525	8.67362045808695	Tail	30
#0000FF	0.347188194040209	15.5922701322939	Tail	30
#000000	0.0338318137126043	13.8206509327516	Head	30
#0000FF	0.36042654373683	9.30989550566301	Tail	30
#000000	0.18594431922771	12.4844203173183	Head	30
#000000	0.214471998964436	15.6419116607402	Head	30
#000000	0.420475661978126	12.7667701543309	Head	30
#FF0000	0.469428674075753	11.3551801976282	Stand	30
#0000FF	0.151264165053144	13.2535691387486	Tail	30
#0000FF	0.490552396853454	10.6946008133236	Tail	30
#0000FF	0.374197214134038	10.6002160847653	Tail	30
#FF0000	0.353187541002408	9.91418752386235	Stand	30
#0000FF	0.0364219713862985	11.0820131535176	Tail	30
#0000FF	0.207610067320056	15.8769097870681	Tail	30
#0000FF	0.248922689924948	9.40277794641442	Tail	30
#0000FF	0.290126631841995	8.91014319909736	Tail	30
#000000	0.359130797432736	9.30687388069928	Head	30
#000000	0.467841769210063	13.5820553917903	Head	30
#000000	0.129363013422117	12.8799138822593	Head	31
#0000FF	0.491179468217306	10.7960236144718	Tail	31
#000000	0.310682862987742	12.0111816626042	Head	31
#0000FF	0.267514863624238	15.6448958544992	Tail	31
#FF0000	0.211286671101116	11.9666386979166	Stand	31
#000000	0.450123270615004	15.144731732551	Head	31
#0000FF	0.192045932393521	15.3326178579126	Tail	31
#0000FF	0.154119640346617	12.9481328621041	Tail	31
#0000FF	0.0953226175531745	11.4033802569378	Tail	31
#0000FF	0.0960858731903136	9.34733858932741	Tail	31
#FF0000	0.25102130276151	15.4953384655062	Stand	31
#0000FF	0.136482464256696	10.5495854198001	Tail	31
#0000FF	0.118127394807525	8.67362045808695	Tail	31
#0000FF	0.347188194040209	15.5922701322939	Tail	31
#000000	0.0338318137126043	13.8206509327516	Head	31
#0000FF	0.36042654373683	9.30989550566301	Tail	31
#000000	0.18594431922771	12.4844203173183	Head	31
#000000	0.214471998964436	15.6419116607402	Head	31
#000000	0.420475661978126	12.7667701543309	Head	31
#FF0000	0.469428674075753	11.3551801976282	Stand	31
#0000FF	0.151264165053144	13.2535691387486	Tail	31
#0000FF	0.490552396853454	10.6946008133236	Tail	31
#0000FF	0.374197214134038	10.6002160847653	Tail	31
#FF0000	0.353187541002408	9.91418752386235	Stand	31
#0000FF	0.0364219713862985	11.0820131535176	Tail	31
#0000FF	0.207610067320056	15.8769097870681	Tail	31
#0000FF	0.248922689924948	9.40277794641442	Tail	31
#0000FF	0.290126631841995	8.91014319909736	Tail	31
#000000	0.359130797432736	9.30687388069928	Head	31
#000000	0.467841769210063	13.5820553917903	Head	31
#FF0000	0.319175613685511	13.0302005704492	Stand	31
#000000	0.129363013422117	12.8799138822593	Head	32
#0000FF	0.491179468217306	10.7960236144718	Tail	32
#000000	0.310682862987742	12.0111816626042	Head	32
#0000FF	0.267514863624238	15.6448958544992	Tail	32
#FF0000	0.211286671101116	11.9666386979166	Stand	32
#000000	0.450123270615004	15.144731732551	Head	32
#0000FF	0.192045932393521	15.3326178579126	Tail	32
#0000FF	0.154119640346617	12.9481328621041	Tail	32
#0000FF	0.0953226175531745	11.4033802569378	Tail	32
#0000FF	0.0960858731903136	9.34733858932741	Tail	32
#FF0000	0.25102130276151	15.4953384655062	Stand	32
#0000FF	0.136482464256696	10.5495854198001	Tail	32
#0000FF	0.118127394807525	8.67362045808695	Tail	32
#0000FF	0.347188194040209	15.5922701322939	Tail	32
#000000	0.0338318137126043	13.8206509327516	Head	32
#0000FF	0.36042654373683	9.30989550566301	Tail	32
#000000	0.18594431922771	12.4844203173183	Head	32
#000000	0.214471998964436	15.6419116607402	Head	32
#000000	0.420475661978126	12.7667701543309	Head	32
#FF0000	0.469428674075753	11.3551801976282	Stand	32
#0000FF	0.151264165053144	13.2535691387486	Tail	32
#0000FF	0.490552396853454	10.6946008133236	Tail	32
#0000FF	0.374197214134038	10.6002160847653	Tail	32
#FF0000	0.353187541002408	9.91418752386235	Stand	32
#0000FF	0.0364219713862985	11.0820131535176	Tail	32
#0000FF	0.207610067320056	15.8769097870681	Tail	32
#0000FF	0.248922689924948	9.40277794641442	Tail	32
#0000FF	0.290126631841995	8.91014319909736	Tail	32
#000000	0.359130797432736	9.30687388069928	Head	32
#000000	0.467841769210063	13.5820553917903	Head	32
#FF0000	0.319175613685511	13.0302005704492	Stand	32
#FF0000	0.224210754376836	15.152874113759	Stand	32
#000000	0.129363013422117	12.8799138822593	Head	33
#0000FF	0.491179468217306	10.7960236144718	Tail	33
#000000	0.310682862987742	12.0111816626042	Head	33
#0000FF	0.267514863624238	15.6448958544992	Tail	33
#FF0000	0.211286671101116	11.9666386979166	Stand	33
#000000	0.450123270615004	15.144731732551	Head	33
#0000FF	0.192045932393521	15.3326178579126	Tail	33
#0000FF	0.154119640346617	12.9481328621041	Tail	33
#0000FF	0.0953226175531745	11.4033802569378	Tail	33
#0000FF	0.0960858731903136	9.34733858932741	Tail	33
#FF0000	0.25102130276151	15.4953384655062	Stand	33
#0000FF	0.136482464256696	10.5495854198001	Tail	33
#0000FF	0.118127394807525	8.67362045808695	Tail	33
#0000FF	0.347188194040209	15.5922701322939	Tail	33
#000000	0.0338318137126043	13.8206509327516	Head	33
#0000FF	0.36042654373683	9.30989550566301	Tail	33
#000000	0.18594431922771	12.4844203173183	Head	33
#000000	0.214471998964436	15.6419116607402	Head	33
#000000	0.420475661978126	12.7667701543309	Head	33
#FF0000	0.469428674075753	11.3551801976282	Stand	33
#0000FF	0.151264165053144	13.2535691387486	Tail	33
#0000FF	0.490552396853454	10.6946008133236	Tail	33
#0000FF	0.374197214134038	10.6002160847653	Tail	33
#FF0000	0.353187541002408	9.91418752386235	Stand	33
#0000FF	0.0364219713862985	11.0820131535176	Tail	33
#0000FF	0.207610067320056	15.8769097870681	Tail	33
#0000FF	0.248922689924948	9.40277794641442	Tail	33
#0000FF	0.290126631841995	8.91014319909736	Tail	33
#000000	0.359130797432736	9.30687388069928	Head	33
#000000	0.467841769210063	13.5820553917903	Head	33
#FF0000	0.319175613685511	13.0302005704492	Stand	33
#FF0000	0.224210754376836	15.152874113759	Stand	33
#0000FF	0.28104018360842	13.4493929223623	Tail	33
#000000	0.129363013422117	12.8799138822593	Head	34
#0000FF	0.491179468217306	10.7960236144718	Tail	34
#000000	0.310682862987742	12.0111816626042	Head	34
#0000FF	0.267514863624238	15.6448958544992	Tail	34
#FF0000	0.211286671101116	11.9666386979166	Stand	34
#000000	0.450123270615004	15.144731732551	Head	34
#0000FF	0.192045932393521	15.3326178579126	Tail	34
#0000FF	0.154119640346617	12.9481328621041	Tail	34
#0000FF	0.0953226175531745	11.4033802569378	Tail	34
#0000FF	0.0960858731903136	9.34733858932741	Tail	34
#FF0000	0.25102130276151	15.4953384655062	Stand	34
#0000FF	0.136482464256696	10.5495854198001	Tail	34
#0000FF	0.118127394807525	8.67362045808695	Tail	34
#0000FF	0.347188194040209	15.5922701322939	Tail	34
#000000	0.0338318137126043	13.8206509327516	Head	34
#0000FF	0.36042654373683	9.30989550566301	Tail	34
#000000	0.18594431922771	12.4844203173183	Head	34
#000000	0.214471998964436	15.6419116607402	Head	34
#000000	0.420475661978126	12.7667701543309	Head	34
#FF0000	0.469428674075753	11.3551801976282	Stand	34
#0000FF	0.151264165053144	13.2535691387486	Tail	34
#0000FF	0.490552396853454	10.6946008133236	Tail	34
#0000FF	0.374197214134038	10.6002160847653	Tail	34
#FF0000	0.353187541002408	9.91418752386235	Stand	34
#0000FF	0.0364219713862985	11.0820131535176	Tail	34
#0000FF	0.207610067320056	15.8769097870681	Tail	34
#0000FF	0.248922689924948	9.40277794641442	Tail	34
#0000FF	0.290126631841995	8.91014319909736	Tail	34
#000000	0.359130797432736	9.30687388069928	Head	34
#000000	0.467841769210063	13.5820553917903	Head	34
#FF0000	0.319175613685511	13.0302005704492	Stand	34
#FF0000	0.224210754376836	15.152874113759	Stand	34
#0000FF	0.28104018360842	13.4493929223623	Tail	34
#0000FF	0.0392392442934215	13.9492063558195	Tail	34
#000000	0.129363013422117	12.8799138822593	Head	35
#0000FF	0.491179468217306	10.7960236144718	Tail	35
#000000	0.310682862987742	12.0111816626042	Head	35
#0000FF	0.267514863624238	15.6448958544992	Tail	35
#FF0000	0.211286671101116	11.9666386979166	Stand	35
#000000	0.450123270615004	15.144731732551	Head	35
#0000FF	0.192045932393521	15.3326178579126	Tail	35
#0000FF	0.154119640346617	12.9481328621041	Tail	35
#0000FF	0.0953226175531745	11.4033802569378	Tail	35
#0000FF	0.0960858731903136	9.34733858932741	Tail	35
#FF0000	0.25102130276151	15.4953384655062	Stand	35
#0000FF	0.136482464256696	10.5495854198001	Tail	35
#0000FF	0.118127394807525	8.67362045808695	Tail	35
#0000FF	0.347188194040209	15.5922701322939	Tail	35
#000000	0.0338318137126043	13.8206509327516	Head	35
#0000FF	0.36042654373683	9.30989550566301	Tail	35
#000000	0.18594431922771	12.4844203173183	Head	35
#000000	0.214471998964436	15.6419116607402	Head	35
#000000	0.420475661978126	12.7667701543309	Head	35
#FF0000	0.469428674075753	11.3551801976282	Stand	35
#0000FF	0.151264165053144	13.2535691387486	Tail	35
#0000FF	0.490552396853454	10.6946008133236	Tail	35
#0000FF	0.374197214134038	10.6002160847653	Tail	35
#FF0000	0.353187541002408	9.91418752386235	Stand	35
#0000FF	0.0364219713862985	11.0820131535176	Tail	35
#0000FF	0.207610067320056	15.8769097870681	Tail	35
#0000FF	0.248922689924948	9.40277794641442	Tail	35
#0000FF	0.290126631841995	8.91014319909736	Tail	35
#000000	0.359130797432736	9.30687388069928	Head	35
#000000	0.467841769210063	13.5820553917903	Head	35
#FF0000	0.319175613685511	13.0302005704492	Stand	35
#FF0000	0.224210754376836	15.152874113759	Stand	35
#0000FF	0.28104018360842	13.4493929223623	Tail	35
#0000FF	0.0392392442934215	13.9492063558195	Tail	35
#000000	0.14042842852883	12.2648586610798	Head	35
#000000	0.129363013422117	12.8799138822593	Head	36
#0000FF	0.491179468217306	10.7960236144718	Tail	36
#000000	0.310682862987742	12.0111816626042	Head	36
#0000FF	0.267514863624238	15.6448958544992	Tail	36
#FF0000	0.211286671101116	11.9666386979166	Stand	36
#000000	0.450123270615004	15.144731732551	Head	36
#0000FF	0.192045932393521	15.3326178579126	Tail	36
#0000FF	0.154119640346617	12.9481328621041	Tail	36
#0000FF	0.0953226175531745	11.4033802569378	Tail	36
#0000FF	0.0960858731903136	9.34733858932741	Tail	36
#FF0000	0.25102130276151	15.4953384655062	Stand	36
#0000FF	0.136482464256696	10.5495854198001	Tail	36
#0000FF	0.118127394807525	8.67362045808695	Tail	36
#0000FF	0.347188194040209	15.5922701322939	Tail	36
#000000	0.0338318137126043	13.8206509327516	Head	36
#0000FF	0.36042654373683	9.30989550566301	Tail	36
#000000	0.18594431922771	12.4844203173183	Head	36
#000000	0.214471998964436	15.6419116607402	Head	36
#000000	0.420475661978126	12.7667701543309	Head	36
#FF0000	0.469428674075753	11.3551801976282	Stand	36
#0000FF	0.151264165053144	13.2535691387486	Tail	36
#0000FF	0.490552396853454	10.6946008133236	Tail	36
#0000FF	0.374197214134038	10.6002160847653	Tail	36
#FF0000	0.353187541002408	9.91418752386235	Stand	36
#0000FF	0.0364219713862985	11.0820131535176	Tail	36
#0000FF	0.207610067320056	15.8769097870681	Tail	36
#0000FF	0.248922689924948	9.40277794641442	Tail	36
#0000FF	0.290126631841995	8.91014319909736	Tail	36
#000000	0.359130797432736	9.30687388069928	Head	36
#000000	0.467841769210063	13.5820553917903	Head	36
#FF0000	0.319175613685511	13.0302005704492	Stand	36
#FF0000	0.224210754376836	15.152874113759	Stand	36
#0000FF	0.28104018360842	13.4493929223623	Tail	36
#0000FF	0.0392392442934215	13.9492063558195	Tail	36
#000000	0.14042842852883	12.2648586610798	Head	36
#0000FF	0.208575976653956	13.3467399074696	Tail	36
#000000	0.129363013422117	12.8799138822593	Head	37
#0000FF	0.491179468217306	10.7960236144718	Tail	37
#000000	0.310682862987742	12.0111816626042	Head	37
#0000FF	0.267514863624238	15.6448958544992	Tail	37
#FF0000	0.211286671101116	11.9666386979166	Stand	37
#000000	0.450123270615004	15.144731732551	Head	37
#0000FF	0.192045932393521	15.3326178579126	Tail	37
#0000FF	0.154119640346617	12.9481328621041	Tail	37
#0000FF	0.0953226175531745	11.4033802569378	Tail	37
#0000FF	0.0960858731903136	9.34733858932741	Tail	37
#FF0000	0.25102130276151	15.4953384655062	Stand	37
#0000FF	0.136482464256696	10.5495854198001	Tail	37
#0000FF	0.118127394807525	8.67362045808695	Tail	37
#0000FF	0.347188194040209	15.5922701322939	Tail	37
#000000	0.0338318137126043	13.8206509327516	Head	37
#0000FF	0.36042654373683	9.30989550566301	Tail	37
#000000	0.18594431922771	12.4844203173183	Head	37
#000000	0.214471998964436	15.6419116607402	Head	37
#000000	0.420475661978126	12.7667701543309	Head	37
#FF0000	0.469428674075753	11.3551801976282	Stand	37
#0000FF	0.151264165053144	13.2535691387486	Tail	37
#0000FF	0.490552396853454	10.6946008133236	Tail	37
#0000FF	0.374197214134038	10.6002160847653	Tail	37
#FF0000	0.353187541002408	9.91418752386235	Stand	37
#0000FF	0.0364219713862985	11.0820131535176	Tail	37
#0000FF	0.207610067320056	15.8769097870681	Tail	37
#0000FF	0.248922689924948	9.40277794641442	Tail	37
#0000FF	0.290126631841995	8.91014319909736	Tail	37
#000000	0.359130797432736	9.30687388069928	Head	37
#000000	0.467841769210063	13.5820553917903	Head	37
#FF0000	0.319175613685511	13.0302005704492	Stand	37
#FF0000	0.224210754376836	15.152874113759	Stand	37
#0000FF	0.28104018360842	13.4493929223623	Tail	37
#0000FF	0.0392392442934215	13.9492063558195	Tail	37
#000000	0.14042842852883	12.2648586610798	Head	37
#0000FF	0.208575976653956	13.3467399074696	Tail	37
#0000FF	0.108872368340381	14.6100825891364	Tail	37
#000000	0.129363013422117	12.8799138822593	Head	38
#0000FF	0.491179468217306	10.7960236144718	Tail	38
#000000	0.310682862987742	12.0111816626042	Head	38
#0000FF	0.267514863624238	15.6448958544992	Tail	38
#FF0000	0.211286671101116	11.9666386979166	Stand	38
#000000	0.450123270615004	15.144731732551	Head	38
#0000FF	0.192045932393521	15.3326178579126	Tail	38
#0000FF	0.154119640346617	12.9481328621041	Tail	38
#0000FF	0.0953226175531745	11.4033802569378	Tail	38
#0000FF	0.0960858731903136	9.34733858932741	Tail	38
#FF0000	0.25102130276151	15.4953384655062	Stand	38
#0000FF	0.136482464256696	10.5495854198001	Tail	38
#0000FF	0.118127394807525	8.67362045808695	Tail	38
#0000FF	0.347188194040209	15.5922701322939	Tail	38
#000000	0.0338318137126043	13.8206509327516	Head	38
#0000FF	0.36042654373683	9.30989550566301	Tail	38
#000000	0.18594431922771	12.4844203173183	Head	38
#000000	0.214471998964436	15.6419116607402	Head	38
#000000	0.420475661978126	12.7667701543309	Head	38
#FF0000	0.469428674075753	11.3551801976282	Stand	38
#0000FF	0.151264165053144	13.2535691387486	Tail	38
#0000FF	0.490552396853454	10.6946008133236	Tail	38
#0000FF	0.374197214134038	10.6002160847653	Tail	38
#FF0000	0.353187541002408	9.91418752386235	Stand	38
#0000FF	0.0364219713862985	11.0820131535176	Tail	38
#0000FF	0.207610067320056	15.8769097870681	Tail	38
#0000FF	0.248922689924948	9.40277794641442	Tail	38
#0000FF	0.290126631841995	8.91014319909736	Tail	38
#000000	0.359130797432736	9.30687388069928	Head	38
#000000	0.467841769210063	13.5820553917903	Head	38
#FF0000	0.319175613685511	13.0302005704492	Stand	38
#FF0000	0.224210754376836	15.152874113759	Stand	38
#0000FF	0.28104018360842	13.4493929223623	Tail	38
#0000FF	0.0392392442934215	13.9492063558195	Tail	38
#000000	0.14042842852883	12.2648586610798	Head	38
#0000FF	0.208575976653956	13.3467399074696	Tail	38
#0000FF	0.108872368340381	14.6100825891364	Tail	38
#000000	0.425963781415485	14.3329961032607	Head	38
#000000	0.129363013422117	12.8799138822593	Head	39
#0000FF	0.491179468217306	10.7960236144718	Tail	39
#000000	0.310682862987742	12.0111816626042	Head	39
#0000FF	0.267514863624238	15.6448958544992	Tail	39
#FF0000	0.211286671101116	11.9666386979166	Stand	39
#000000	0.450123270615004	15.144731732551	Head	39
#0000FF	0.192045932393521	15.3326178579126	Tail	39
#0000FF	0.154119640346617	12.9481328621041	Tail	39
#0000FF	0.0953226175531745	11.4033802569378	Tail	39
#0000FF	0.0960858731903136	9.34733858932741	Tail	39
#FF0000	0.25102130276151	15.4953384655062	Stand	39
#0000FF	0.136482464256696	10.5495854198001	Tail	39
#0000FF	0.118127394807525	8.67362045808695	Tail	39
#0000FF	0.347188194040209	15.5922701322939	Tail	39
#000000	0.0338318137126043	13.8206509327516	Head	39
#0000FF	0.36042654373683	9.30989550566301	Tail	39
#000000	0.18594431922771	12.4844203173183	Head	39
#000000	0.214471998964436	15.6419116607402	Head	39
#000000	0.420475661978126	12.7667701543309	Head	39
#FF0000	0.469428674075753	11.3551801976282	Stand	39
#0000FF	0.151264165053144	13.2535691387486	Tail	39
#0000FF	0.490552396853454	10.6946008133236	Tail	39
#0000FF	0.374197214134038	10.6002160847653	Tail	39
#FF0000	0.353187541002408	9.91418752386235	Stand	39
#0000FF	0.0364219713862985	11.0820131535176	Tail	39
#0000FF	0.207610067320056	15.8769097870681	Tail	39
#0000FF	0.248922689924948	9.40277794641442	Tail	39
#0000FF	0.290126631841995	8.91014319909736	Tail	39
#000000	0.359130797432736	9.30687388069928	Head	39
#000000	0.467841769210063	13.5820553917903	Head	39
#FF0000	0.319175613685511	13.0302005704492	Stand	39
#FF0000	0.224210754376836	15.152874113759	Stand	39
#0000FF	0.28104018360842	13.4493929223623	Tail	39
#0000FF	0.0392392442934215	13.9492063558195	Tail	39
#000000	0.14042842852883	12.2648586610798	Head	39
#0000FF	0.208575976653956	13.3467399074696	Tail	39
#0000FF	0.108872368340381	14.6100825891364	Tail	39
#000000	0.425963781415485	14.3329961032607	Head	39
#000000	0.0864436114113778	15.8426109554712	Head	39
#000000	0.129363013422117	12.8799138822593	Head	40
#0000FF	0.491179468217306	10.7960236144718	Tail	40
#000000	0.310682862987742	12.0111816626042	Head	40
#0000FF	0.267514863624238	15.6448958544992	Tail	40
#FF0000	0.211286671101116	11.9666386979166	Stand	40
#000000	0.450123270615004	15.144731732551	Head	40
#0000FF	0.192045932393521	15.3326178579126	Tail	40
#0000FF	0.154119640346617	12.9481328621041	Tail	40
#0000FF	0.0953226175531745	11.4033802569378	Tail	40
#0000FF	0.0960858731903136	9.34733858932741	Tail	40
#FF0000	0.25102130276151	15.4953384655062	Stand	40
#0000FF	0.136482464256696	10.5495854198001	Tail	40
#0000FF	0.118127394807525	8.67362045808695	Tail	40
#0000FF	0.347188194040209	15.5922701322939	Tail	40
#000000	0.0338318137126043	13.8206509327516	Head	40
#0000FF	0.36042654373683	9.30989550566301	Tail	40
#000000	0.18594431922771	12.4844203173183	Head	40
#000000	0.214471998964436	15.6419116607402	Head	40
#000000	0.420475661978126	12.7667701543309	Head	40
#FF0000	0.469428674075753	11.3551801976282	Stand	40
#0000FF	0.151264165053144	13.2535691387486	Tail	40
#0000FF	0.490552396853454	10.6946008133236	Tail	40
#0000FF	0.374197214134038	10.6002160847653	Tail	40
#FF0000	0.353187541002408	9.91418752386235	Stand	40
#0000FF	0.0364219713862985	11.0820131535176	Tail	40
#0000FF	0.207610067320056	15.8769097870681	Tail	40
#0000FF	0.248922689924948	9.40277794641442	Tail	40
#0000FF	0.290126631841995	8.91014319909736	Tail	40
#000000	0.359130797432736	9.30687388069928	Head	40
#000000	0.467841769210063	13.5820553917903	Head	40
#FF0000	0.319175613685511	13.0302005704492	Stand	40
#FF0000	0.224210754376836	15.152874113759	Stand	40
#0000FF	0.28104018360842	13.4493929223623	Tail	40
#0000FF	0.0392392442934215	13.9492063558195	Tail	40
#000000	0.14042842852883	12.2648586610798	Head	40
#0000FF	0.208575976653956	13.3467399074696	Tail	40
#0000FF	0.108872368340381	14.6100825891364	Tail	40
#000000	0.425963781415485	14.3329961032607	Head	40
#000000	0.0864436114113778	15.8426109554712	Head	40
#000000	0.411709271012805	11.627565982705	Head	40
#000000	0.129363013422117	12.8799138822593	Head	41
#0000FF	0.491179468217306	10.7960236144718	Tail	41
#000000	0.310682862987742	12.0111816626042	Head	41
#0000FF	0.267514863624238	15.6448958544992	Tail	41
#FF0000	0.211286671101116	11.9666386979166	Stand	41
#000000	0.450123270615004	15.144731732551	Head	41
#0000FF	0.192045932393521	15.3326178579126	Tail	41
#0000FF	0.154119640346617	12.9481328621041	Tail	41
#0000FF	0.0953226175531745	11.4033802569378	Tail	41
#0000FF	0.0960858731903136	9.34733858932741	Tail	41
#FF0000	0.25102130276151	15.4953384655062	Stand	41
#0000FF	0.136482464256696	10.5495854198001	Tail	41
#0000FF	0.118127394807525	8.67362045808695	Tail	41
#0000FF	0.347188194040209	15.5922701322939	Tail	41
#000000	0.0338318137126043	13.8206509327516	Head	41
#0000FF	0.36042654373683	9.30989550566301	Tail	41
#000000	0.18594431922771	12.4844203173183	Head	41
#000000	0.214471998964436	15.6419116607402	Head	41
#000000	0.420475661978126	12.7667701543309	Head	41
#FF0000	0.469428674075753	11.3551801976282	Stand	41
#0000FF	0.151264165053144	13.2535691387486	Tail	41
#0000FF	0.490552396853454	10.6946008133236	Tail	41
#0000FF	0.374197214134038	10.6002160847653	Tail	41
#FF0000	0.353187541002408	9.91418752386235	Stand	41
#0000FF	0.0364219713862985	11.0820131535176	Tail	41
#0000FF	0.207610067320056	15.8769097870681	Tail	41
#0000FF	0.248922689924948	9.40277794641442	Tail	41
#0000FF	0.290126631841995	8.91014319909736	Tail	41
#000000	0.359130797432736	9.30687388069928	Head	41
#000000	0.467841769210063	13.5820553917903	Head	41
#FF0000	0.319175613685511	13.0302005704492	Stand	41
#FF0000	0.224210754376836	15.152874113759	Stand	41
#0000FF	0.28104018360842	13.4493929223623	Tail	41
#0000FF	0.0392392442934215	13.9492063558195	Tail	41
#000000	0.14042842852883	12.2648586610798	Head	41
#0000FF	0.208575976653956	13.3467399074696	Tail	41
#0000FF	0.108872368340381	14.6100825891364	Tail	41
#000000	0.425963781415485	14.3329961032607	Head	41
#000000	0.0864436114113778	15.8426109554712	Head	41
#000000	0.411709271012805	11.627565982705	Head	41
#000000	0.283413078277372	10.631277176179	Head	41
#000000	0.129363013422117	12.8799138822593	Head	42
#0000FF	0.491179468217306	10.7960236144718	Tail	42
#000000	0.310682862987742	12.0111816626042	Head	42
#0000FF	0.267514863624238	15.6448958544992	Tail	42
#FF0000	0.211286671101116	11.9666386979166	Stand	42
#000000	0.450123270615004	15.144731732551	Head	42
#0000FF	0.192045932393521	15.3326178579126	Tail	42
#0000FF	0.154119640346617	12.9481328621041	Tail	42
#0000FF	0.0953226175531745	11.4033802569378	Tail	42
#0000FF	0.0960858731903136	9.34733858932741	Tail	42
#FF0000	0.25102130276151	15.4953384655062	Stand	42
#0000FF	0.136482464256696	10.5495854198001	Tail	42
#0000FF	0.118127394807525	8.67362045808695	Tail	42
#0000FF	0.347188194040209	15.5922701322939	Tail	42
#000000	0.0338318137126043	13.8206509327516	Head	42
#0000FF	0.36042654373683	9.30989550566301	Tail	42
#000000	0.18594431922771	12.4844203173183	Head	42
#000000	0.214471998964436	15.6419116607402	Head	42
#000000	0.420475661978126	12.7667701543309	Head	42
#FF0000	0.469428674075753	11.3551801976282	Stand	42
#0000FF	0.151264165053144	13.2535691387486	Tail	42
#0000FF	0.490552396853454	10.6946008133236	Tail	42
#0000FF	0.374197214134038	10.6002160847653	Tail	42
#FF0000	0.353187541002408	9.91418752386235	Stand	42
#0000FF	0.0364219713862985	11.0820131535176	Tail	42
#0000FF	0.207610067320056	15.8769097870681	Tail	42
#0000FF	0.248922689924948	9.40277794641442	Tail	42
#0000FF	0.290126631841995	8.91014319909736	Tail	42
#000000	0.359130797432736	9.30687388069928	Head	42
#000000	0.467841769210063	13.5820553917903	Head	42
#FF0000	0.319175613685511	13.0302005704492	Stand	42
#FF0000	0.224210754376836	15.152874113759	Stand	42
#0000FF	0.28104018360842	13.4493929223623	Tail	42
#0000FF	0.0392392442934215	13.9492063558195	Tail	42
#000000	0.14042842852883	12.2648586610798	Head	42
#0000FF	0.208575976653956	13.3467399074696	Tail	42
#0000FF	0.108872368340381	14.6100825891364	Tail	42
#000000	0.425963781415485	14.3329961032607	Head	42
#000000	0.0864436114113778	15.8426109554712	Head	42
#000000	0.411709271012805	11.627565982705	Head	42
#000000	0.283413078277372	10.631277176179	Head	42
#000000	0.341158821005374	11.3939046303742	Head	42
#000000	0.129363013422117	12.8799138822593	Head	43
#0000FF	0.491179468217306	10.7960236144718	Tail	43
#000000	0.310682862987742	12.0111816626042	Head	43
#0000FF	0.267514863624238	15.6448958544992	Tail	43
#FF0000	0.211286671101116	11.9666386979166	Stand	43
#000000	0.450123270615004	15.144731732551	Head	43
#0000FF	0.192045932393521	15.3326178579126	Tail	43
#0000FF	0.154119640346617	12.9481328621041	Tail	43
#0000FF	0.0953226175531745	11.4033802569378	Tail	43
#0000FF	0.0960858731903136	9.34733858932741	Tail	43
#FF0000	0.25102130276151	15.4953384655062	Stand	43
#0000FF	0.136482464256696	10.5495854198001	Tail	43
#0000FF	0.118127394807525	8.67362045808695	Tail	43
#0000FF	0.347188194040209	15.5922701322939	Tail	43
#000000	0.0338318137126043	13.8206509327516	Head	43
#0000FF	0.36042654373683	9.30989550566301	Tail	43
#000000	0.18594431922771	12.4844203173183	Head	43
#000000	0.214471998964436	15.6419116607402	Head	43
#000000	0.420475661978126	12.7667701543309	Head	43
#FF0000	0.469428674075753	11.3551801976282	Stand	43
#0000FF	0.151264165053144	13.2535691387486	Tail	43
#0000FF	0.490552396853454	10.6946008133236	Tail	43
#0000FF	0.374197214134038	10.6002160847653	Tail	43
#FF0000	0.353187541002408	9.91418752386235	Stand	43
#0000FF	0.0364219713862985	11.0820131535176	Tail	43
#0000FF	0.207610067320056	15.8769097870681	Tail	43
#0000FF	0.248922689924948	9.40277794641442	Tail	43
#0000FF	0.290126631841995	8.91014319909736	Tail	43
#000000	0.359130797432736	9.30687388069928	Head	43
#000000	0.467841769210063	13.5820553917903	Head	43
#FF0000	0.319175613685511	13.0302005704492	Stand	43
#FF0000	0.224210754376836	15.152874113759	Stand	43
#0000FF	0.28104018360842	13.4493929223623	Tail	43
#0000FF	0.0392392442934215	13.9492063558195	Tail	43
#000000	0.14042842852883	12.2648586610798	Head	43
#0000FF	0.208575976653956	13.3467399074696	Tail	43
#0000FF	0.108872368340381	14.6100825891364	Tail	43
#000000	0.425963781415485	14.3329961032607	Head	43
#000000	0.0864436114113778	15.8426109554712	Head	43
#000000	0.411709271012805	11.627565982705	Head	43
#000000	0.283413078277372	10.631277176179	Head	43
#000000	0.341158821005374	11.3939046303742	Head	43
#000000	0.0958492469415069	8.28164347228594	Head	43
#000000	0.129363013422117	12.8799138822593	Head	44
#0000FF	0.491179468217306	10.7960236144718	Tail	44
#000000	0.310682862987742	12.0111816626042	Head	44
#0000FF	0.267514863624238	15.6448958544992	Tail	44
#FF0000	0.211286671101116	11.9666386979166	Stand	44
#000000	0.450123270615004	15.144731732551	Head	44
#0000FF	0.192045932393521	15.3326178579126	Tail	44
#0000FF	0.154119640346617	12.9481328621041	Tail	44
#0000FF	0.0953226175531745	11.4033802569378	Tail	44
#0000FF	0.0960858731903136	9.34733858932741	Tail	44
#FF0000	0.25102130276151	15.4953384655062	Stand	44
#0000FF	0.136482464256696	10.5495854198001	Tail	44
#0000FF	0.118127394807525	8.67362045808695	Tail	44
#0000FF	0.347188194040209	15.5922701322939	Tail	44
#000000	0.0338318137126043	13.8206509327516	Head	44
#0000FF	0.36042654373683	9.30989550566301	Tail	44
#000000	0.18594431922771	12.4844203173183	Head	44
#000000	0.214471998964436	15.6419116607402	Head	44
#000000	0.420475661978126	12.7667701543309	Head	44
#FF0000	0.469428674075753	11.3551801976282	Stand	44
#0000FF	0.151264165053144	13.2535691387486	Tail	44
#0000FF	0.490552396853454	10.6946008133236	Tail	44
#0000FF	0.374197214134038	10.6002160847653	Tail	44
#FF0000	0.353187541002408	9.91418752386235	Stand	44
#0000FF	0.0364219713862985	11.0820131535176	Tail	44
#0000FF	0.207610067320056	15.8769097870681	Tail	44
#0000FF	0.248922689924948	9.40277794641442	Tail	44
#0000FF	0.290126631841995	8.91014319909736	Tail	44
#000000	0.359130797432736	9.30687388069928	Head	44
#000000	0.467841769210063	13.5820553917903	Head	44
#FF0000	0.319175613685511	13.0302005704492	Stand	44
#FF0000	0.224210754376836	15.152874113759	Stand	44
#0000FF	0.28104018360842	13.4493929223623	Tail	44
#0000FF	0.0392392442934215	13.9492063558195	Tail	44
#000000	0.14042842852883	12.2648586610798	Head	44
#0000FF	0.208575976653956	13.3467399074696	Tail	44
#0000FF	0.108872368340381	14.6100825891364	Tail	44
#000000	0.425963781415485	14.3329961032607	Head	44
#000000	0.0864436114113778	15.8426109554712	Head	44
#000000	0.411709271012805	11.627565982705	Head	44
#000000	0.283413078277372	10.631277176179	Head	44
#000000	0.341158821005374	11.3939046303742	Head	44
#000000	0.0958492469415069	8.28164347228594	Head	44
#000000	0.326527679911815	9.63402628726326	Head	44
#000000	0.129363013422117	12.8799138822593	Head	45
#0000FF	0.491179468217306	10.7960236144718	Tail	45
#000000	0.310682862987742	12.0111816626042	Head	45
#0000FF	0.267514863624238	15.6448958544992	Tail	45
#FF0000	0.211286671101116	11.9666386979166	Stand	45
#000000	0.450123270615004	15.144731732551	Head	45
#0000FF	0.192045932393521	15.3326178579126	Tail	45
#0000FF	0.154119640346617	12.9481328621041	Tail	45
#0000FF	0.0953226175531745	11.4033802569378	Tail	45
#0000FF	0.0960858731903136	9.34733858932741	Tail	45
#FF0000	0.25102130276151	15.4953384655062	Stand	45
#0000FF	0.136482464256696	10.5495854198001	Tail	45
#0000FF	0.118127394807525	8.67362045808695	Tail	45
#0000FF	0.347188194040209	15.5922701322939	Tail	45
#000000	0.0338318137126043	13.8206509327516	Head	45
#0000FF	0.36042654373683	9.30989550566301	Tail	45
#000000	0.18594431922771	12.4844203173183	Head	45
#000000	0.214471998964436	15.6419116607402	Head	45
#000000	0.420475661978126	12.7667701543309	Head	45
#FF0000	0.469428674075753	11.3551801976282	Stand	45
#0000FF	0.151264165053144	13.2535691387486	Tail	45
#0000FF	0.490552396853454	10.6946008133236	Tail	45
#0000FF	0.374197214134038	10.6002160847653	Tail	45
#FF0000	0.353187541002408	9.91418752386235	Stand	45
#0000FF	0.0364219713862985	11.0820131535176	Tail	45
#0000FF	0.207610067320056	15.8769097870681	Tail	45
#0000FF	0.248922689924948	9.40277794641442	Tail	45
#0000FF	0.290126631841995	8.91014319909736	Tail	45
#000000	0.359130797432736	9.30687388069928	Head	45
#000000	0.467841769210063	13.5820553917903	Head	45
#FF0000	0.319175613685511	13.0302005704492	Stand	45
#FF0000	0.224210754376836	15.152874113759	Stand	45
#0000FF	0.28104018360842	13.4493929223623	Tail	45
#0000FF	0.0392392442934215	13.9492063558195	Tail	45
#000000	0.14042842852883	12.2648586610798	Head	45
#0000FF	0.208575976653956	13.3467399074696	Tail	45
#0000FF	0.108872368340381	14.6100825891364	Tail	45
#000000	0.425963781415485	14.3329961032607	Head	45
#000000	0.0864436114113778	15.8426109554712	Head	45
#000000	0.411709271012805	11.627565982705	Head	45
#000000	0.283413078277372	10.631277176179	Head	45
#000000	0.341158821005374	11.3939046303742	Head	45
#000000	0.0958492469415069	8.28164347228594	Head	45
#000000	0.326527679911815	9.63402628726326	Head	45
#000000	0.165934873386286	14.7732886873186	Head	45
#000000	0.129363013422117	12.8799138822593	Head	46
#0000FF	0.491179468217306	10.7960236144718	Tail	46
#000000	0.310682862987742	12.0111816626042	Head	46
#0000FF	0.267514863624238	15.6448958544992	Tail	46
#FF0000	0.211286671101116	11.9666386979166	Stand	46
#000000	0.450123270615004	15.144731732551	Head	46
#0000FF	0.192045932393521	15.3326178579126	Tail	46
#0000FF	0.154119640346617	12.9481328621041	Tail	46
#0000FF	0.0953226175531745	11.4033802569378	Tail	46
#0000FF	0.0960858731903136	9.34733858932741	Tail	46
#FF0000	0.25102130276151	15.4953384655062	Stand	46
#0000FF	0.136482464256696	10.5495854198001	Tail	46
#0000FF	0.118127394807525	8.67362045808695	Tail	46
#0000FF	0.347188194040209	15.5922701322939	Tail	46
#000000	0.0338318137126043	13.8206509327516	Head	46
#0000FF	0.36042654373683	9.30989550566301	Tail	46
#000000	0.18594431922771	12.4844203173183	Head	46
#000000	0.214471998964436	15.6419116607402	Head	46
#000000	0.420475661978126	12.7667701543309	Head	46
#FF0000	0.469428674075753	11.3551801976282	Stand	46
#0000FF	0.151264165053144	13.2535691387486	Tail	46
#0000FF	0.490552396853454	10.6946008133236	Tail	46
#0000FF	0.374197214134038	10.6002160847653	Tail	46
#FF0000	0.353187541002408	9.91418752386235	Stand	46
#0000FF	0.0364219713862985	11.0820131535176	Tail	46
#0000FF	0.207610067320056	15.8769097870681	Tail	46
#0000FF	0.248922689924948	9.40277794641442	Tail	46
#0000FF	0.290126631841995	8.91014319909736	Tail	46
#000000	0.359130797432736	9.30687388069928	Head	46
#000000	0.467841769210063	13.5820553917903	Head	46
#FF0000	0.319175613685511	13.0302005704492	Stand	46
#FF0000	0.224210754376836	15.152874113759	Stand	46
#0000FF	0.28104018360842	13.4493929223623	Tail	46
#0000FF	0.0392392442934215	13.9492063558195	Tail	46
#000000	0.14042842852883	12.2648586610798	Head	46
#0000FF	0.208575976653956	13.3467399074696	Tail	46
#0000FF	0.108872368340381	14.6100825891364	Tail	46
#000000	0.425963781415485	14.3329961032607	Head	46
#000000	0.0864436114113778	15.8426109554712	Head	46
#000000	0.411709271012805	11.627565982705	Head	46
#000000	0.283413078277372	10.631277176179	Head	46
#000000	0.341158821005374	11.3939046303742	Head	46
#000000	0.0958492469415069	8.28164347228594	Head	46
#000000	0.326527679911815	9.63402628726326	Head	46
#000000	0.165934873386286	14.7732886873186	Head	46
#000000	0.372277173204348	10.0030619000085	Head	46
#000000	0.129363013422117	12.8799138822593	Head	47
#0000FF	0.491179468217306	10.7960236144718	Tail	47
#000000	0.310682862987742	12.0111816626042	Head	47
#0000FF	0.267514863624238	15.6448958544992	Tail	47
#FF0000	0.211286671101116	11.9666386979166	Stand	47
#000000	0.450123270615004	15.144731732551	Head	47
#0000FF	0.192045932393521	15.3326178579126	Tail	47
#0000FF	0.154119640346617	12.9481328621041	Tail	47
#0000FF	0.0953226175531745	11.4033802569378	Tail	47
#0000FF	0.0960858731903136	9.34733858932741	Tail	47
#FF0000	0.25102130276151	15.4953384655062	Stand	47
#0000FF	0.136482464256696	10.5495854198001	Tail	47
#0000FF	0.118127394807525	8.67362045808695	Tail	47
#0000FF	0.347188194040209	15.5922701322939	Tail	47
#000000	0.0338318137126043	13.8206509327516	Head	47
#0000FF	0.36042654373683	9.30989550566301	Tail	47
#000000	0.18594431922771	12.4844203173183	Head	47
#000000	0.214471998964436	15.6419116607402	Head	47
#000000	0.420475661978126	12.7667701543309	Head	47
#FF0000	0.469428674075753	11.3551801976282	Stand	47
#0000FF	0.151264165053144	13.2535691387486	Tail	47
#0000FF	0.490552396853454	10.6946008133236	Tail	47
#0000FF	0.374197214134038	10.6002160847653	Tail	47
#FF0000	0.353187541002408	9.91418752386235	Stand	47
#0000FF	0.0364219713862985	11.0820131535176	Tail	47
#0000FF	0.207610067320056	15.8769097870681	Tail	47
#0000FF	0.248922689924948	9.40277794641442	Tail	47
#0000FF	0.290126631841995	8.91014319909736	Tail	47
#000000	0.359130797432736	9.30687388069928	Head	47
#000000	0.467841769210063	13.5820553917903	Head	47
#FF0000	0.319175613685511	13.0302005704492	Stand	47
#FF0000	0.224210754376836	15.152874113759	Stand	47
#0000FF	0.28104018360842	13.4493929223623	Tail	47
#0000FF	0.0392392442934215	13.9492063558195	Tail	47
#000000	0.14042842852883	12.2648586610798	Head	47
#0000FF	0.208575976653956	13.3467399074696	Tail	47
#0000FF	0.108872368340381	14.6100825891364	Tail	47
#000000	0.425963781415485	14.3329961032607	Head	47
#000000	0.0864436114113778	15.8426109554712	Head	47
#000000	0.411709271012805	11.627565982705	Head	47
#000000	0.283413078277372	10.631277176179	Head	47
#000000	0.341158821005374	11.3939046303742	Head	47
#000000	0.0958492469415069	8.28164347228594	Head	47
#000000	0.326527679911815	9.63402628726326	Head	47
#000000	0.165934873386286	14.7732886873186	Head	47
#000000	0.372277173204348	10.0030619000085	Head	47
#000000	0.209469912331551	10.0649796540849	Head	47
#000000	0.129363013422117	12.8799138822593	Head	48
#0000FF	0.491179468217306	10.7960236144718	Tail	48
#000000	0.310682862987742	12.0111816626042	Head	48
#0000FF	0.267514863624238	15.6448958544992	Tail	48
#FF0000	0.211286671101116	11.9666386979166	Stand	48
#000000	0.450123270615004	15.144731732551	Head	48
#0000FF	0.192045932393521	15.3326178579126	Tail	48
#0000FF	0.154119640346617	12.9481328621041	Tail	48
#0000FF	0.0953226175531745	11.4033802569378	Tail	48
#0000FF	0.0960858731903136	9.34733858932741	Tail	48
#FF0000	0.25102130276151	15.4953384655062	Stand	48
#0000FF	0.136482464256696	10.5495854198001	Tail	48
#0000FF	0.118127394807525	8.67362045808695	Tail	48
#0000FF	0.347188194040209	15.5922701322939	Tail	48
#000000	0.0338318137126043	13.8206509327516	Head	48
#0000FF	0.36042654373683	9.30989550566301	Tail	48
#000000	0.18594431922771	12.4844203173183	Head	48
#000000	0.214471998964436	15.6419116607402	Head	48
#000000	0.420475661978126	12.7667701543309	Head	48
#FF0000	0.469428674075753	11.3551801976282	Stand	48
#0000FF	0.151264165053144	13.2535691387486	Tail	48
#0000FF	0.490552396853454	10.6946008133236	Tail	48
#0000FF	0.374197214134038	10.6002160847653	Tail	48
#FF0000	0.353187541002408	9.91418752386235	Stand	48
#0000FF	0.0364219713862985	11.0820131535176	Tail	48
#0000FF	0.207610067320056	15.8769097870681	Tail	48
#0000FF	0.248922689924948	9.40277794641442	Tail	48
#0000FF	0.290126631841995	8.91014319909736	Tail	48
#000000	0.359130797432736	9.30687388069928	Head	48
#000000	0.467841769210063	13.5820553917903	Head	48
#FF0000	0.319175613685511	13.0302005704492	Stand	48
#FF0000	0.224210754376836	15.152874113759	Stand	48
#0000FF	0.28104018360842	13.4493929223623	Tail	48
#0000FF	0.0392392442934215	13.9492063558195	Tail	48
#000000	0.14042842852883	12.2648586610798	Head	48
#0000FF	0.208575976653956	13.3467399074696	Tail	48
#0000FF	0.108872368340381	14.6100825891364	Tail	48
#000000	0.425963781415485	14.3329961032607	Head	48
#000000	0.0864436114113778	15.8426109554712	Head	48
#000000	0.411709271012805	11.627565982705	Head	48
#000000	0.283413078277372	10.631277176179	Head	48
#000000	0.341158821005374	11.3939046303742	Head	48
#000000	0.0958492469415069	8.28164347228594	Head	48
#000000	0.326527679911815	9.63402628726326	Head	48
#000000	0.165934873386286	14.7732886873186	Head	48
#000000	0.372277173204348	10.0030619000085	Head	48
#000000	0.209469912331551	10.0649796540849	Head	48
#0000FF	0.494678205568343	8.79819108960219	Tail	48
#000000	0.129363013422117	12.8799138822593	Head	49
#0000FF	0.491179468217306	10.7960236144718	Tail	49
#000000	0.310682862987742	12.0111816626042	Head	49
#0000FF	0.267514863624238	15.6448958544992	Tail	49
#FF0000	0.211286671101116	11.9666386979166	Stand	49
#000000	0.450123270615004	15.144731732551	Head	49
#0000FF	0.192045932393521	15.3326178579126	Tail	49
#0000FF	0.154119640346617	12.9481328621041	Tail	49
#0000FF	0.0953226175531745	11.4033802569378	Tail	49
#0000FF	0.0960858731903136	9.34733858932741	Tail	49
#FF0000	0.25102130276151	15.4953384655062	Stand	49
#0000FF	0.136482464256696	10.5495854198001	Tail	49
#0000FF	0.118127394807525	8.67362045808695	Tail	49
#0000FF	0.347188194040209	15.5922701322939	Tail	49
#000000	0.0338318137126043	13.8206509327516	Head	49
#0000FF	0.36042654373683	9.30989550566301	Tail	49
#000000	0.18594431922771	12.4844203173183	Head	49
#000000	0.214471998964436	15.6419116607402	Head	49
#000000	0.420475661978126	12.7667701543309	Head	49
#FF0000	0.469428674075753	11.3551801976282	Stand	49
#0000FF	0.151264165053144	13.2535691387486	Tail	49
#0000FF	0.490552396853454	10.6946008133236	Tail	49
#0000FF	0.374197214134038	10.6002160847653	Tail	49
#FF0000	0.353187541002408	9.91418752386235	Stand	49
#0000FF	0.0364219713862985	11.0820131535176	Tail	49
#0000FF	0.207610067320056	15.8769097870681	Tail	49
#0000FF	0.248922689924948	9.40277794641442	Tail	49
#0000FF	0.290126631841995	8.91014319909736	Tail	49
#000000	0.359130797432736	9.30687388069928	Head	49
#000000	0.467841769210063	13.5820553917903	Head	49
#FF0000	0.319175613685511	13.0302005704492	Stand	49
#FF0000	0.224210754376836	15.152874113759	Stand	49
#0000FF	0.28104018360842	13.4493929223623	Tail	49
#0000FF	0.0392392442934215	13.9492063558195	Tail	49
#000000	0.14042842852883	12.2648586610798	Head	49
#0000FF	0.208575976653956	13.3467399074696	Tail	49
#0000FF	0.108872368340381	14.6100825891364	Tail	49
#000000	0.425963781415485	14.3329961032607	Head	49
#000000	0.0864436114113778	15.8426109554712	Head	49
#000000	0.411709271012805	11.627565982705	Head	49
#000000	0.283413078277372	10.631277176179	Head	49
#000000	0.341158821005374	11.3939046303742	Head	49
#000000	0.0958492469415069	8.28164347228594	Head	49
#000000	0.326527679911815	9.63402628726326	Head	49
#000000	0.165934873386286	14.7732886873186	Head	49
#000000	0.372277173204348	10.0030619000085	Head	49
#000000	0.209469912331551	10.0649796540849	Head	49
#0000FF	0.494678205568343	8.79819108960219	Tail	49
#000000	0.493699185308069	10.1166446886491	Head	49
#000000	0.129363013422117	12.8799138822593	Head	50
#0000FF	0.491179468217306	10.7960236144718	Tail	50
#000000	0.310682862987742	12.0111816626042	Head	50
#0000FF	0.267514863624238	15.6448958544992	Tail	50
#FF0000	0.211286671101116	11.9666386979166	Stand	50
#000000	0.450123270615004	15.144731732551	Head	50
#0000FF	0.192045932393521	15.3326178579126	Tail	50
#0000FF	0.154119640346617	12.9481328621041	Tail	50
#0000FF	0.0953226175531745	11.4033802569378	Tail	50
#0000FF	0.0960858731903136	9.34733858932741	Tail	50
#FF0000	0.25102130276151	15.4953384655062	Stand	50
#0000FF	0.136482464256696	10.5495854198001	Tail	50
#0000FF	0.118127394807525	8.67362045808695	Tail	50
#0000FF	0.347188194040209	15.5922701322939	Tail	50
#000000	0.0338318137126043	13.8206509327516	Head	50
#0000FF	0.36042654373683	9.30989550566301	Tail	50
#000000	0.18594431922771	12.4844203173183	Head	50
#000000	0.214471998964436	15.6419116607402	Head	50
#000000	0.420475661978126	12.7667701543309	Head	50
#FF0000	0.469428674075753	11.3551801976282	Stand	50
#0000FF	0.151264165053144	13.2535691387486	Tail	50
#0000FF	0.490552396853454	10.6946008133236	Tail	50
#0000FF	0.374197214134038	10.6002160847653	Tail	50
#FF0000	0.353187541002408	9.91418752386235	Stand	50
#0000FF	0.0364219713862985	11.0820131535176	Tail	50
#0000FF	0.207610067320056	15.8769097870681	Tail	50
#0000FF	0.248922689924948	9.40277794641442	Tail	50
#0000FF	0.290126631841995	8.91014319909736	Tail	50
#000000	0.359130797432736	9.30687388069928	Head	50
#000000	0.467841769210063	13.5820553917903	Head	50
#FF0000	0.319175613685511	13.0302005704492	Stand	50
#FF0000	0.224210754376836	15.152874113759	Stand	50
#0000FF	0.28104018360842	13.4493929223623	Tail	50
#0000FF	0.0392392442934215	13.9492063558195	Tail	50
#000000	0.14042842852883	12.2648586610798	Head	50
#0000FF	0.208575976653956	13.3467399074696	Tail	50
#0000FF	0.108872368340381	14.6100825891364	Tail	50
#000000	0.425963781415485	14.3329961032607	Head	50
#000000	0.0864436114113778	15.8426109554712	Head	50
#000000	0.411709271012805	11.627565982705	Head	50
#000000	0.283413078277372	10.631277176179	Head	50
#000000	0.341158821005374	11.3939046303742	Head	50
#000000	0.0958492469415069	8.28164347228594	Head	50
#000000	0.326527679911815	9.63402628726326	Head	50
#000000	0.165934873386286	14.7732886873186	Head	50
#000000	0.372277173204348	10.0030619000085	Head	50
#000000	0.209469912331551	10.0649796540849	Head	50
#0000FF	0.494678205568343	8.79819108960219	Tail	50
#000000	0.493699185308069	10.1166446886491	Head	50
#0000FF	0.373351269508712	13.9106546031311	Tail	50
#000000	0.129363013422117	12.8799138822593	Head	51
#0000FF	0.491179468217306	10.7960236144718	Tail	51
#000000	0.310682862987742	12.0111816626042	Head	51
#0000FF	0.267514863624238	15.6448958544992	Tail	51
#FF0000	0.211286671101116	11.9666386979166	Stand	51
#000000	0.450123270615004	15.144731732551	Head	51
#0000FF	0.192045932393521	15.3326178579126	Tail	51
#0000FF	0.154119640346617	12.9481328621041	Tail	51
#0000FF	0.0953226175531745	11.4033802569378	Tail	51
#0000FF	0.0960858731903136	9.34733858932741	Tail	51
#FF0000	0.25102130276151	15.4953384655062	Stand	51
#0000FF	0.136482464256696	10.5495854198001	Tail	51
#0000FF	0.118127394807525	8.67362045808695	Tail	51
#0000FF	0.347188194040209	15.5922701322939	Tail	51
#000000	0.0338318137126043	13.8206509327516	Head	51
#0000FF	0.36042654373683	9.30989550566301	Tail	51
#000000	0.18594431922771	12.4844203173183	Head	51
#000000	0.214471998964436	15.6419116607402	Head	51
#000000	0.420475661978126	12.7667701543309	Head	51
#FF0000	0.469428674075753	11.3551801976282	Stand	51
#0000FF	0.151264165053144	13.2535691387486	Tail	51
#0000FF	0.490552396853454	10.6946008133236	Tail	51
#0000FF	0.374197214134038	10.6002160847653	Tail	51
#FF0000	0.353187541002408	9.91418752386235	Stand	51
#0000FF	0.0364219713862985	11.0820131535176	Tail	51
#0000FF	0.207610067320056	15.8769097870681	Tail	51
#0000FF	0.248922689924948	9.40277794641442	Tail	51
#0000FF	0.290126631841995	8.91014319909736	Tail	51
#000000	0.359130797432736	9.30687388069928	Head	51
#000000	0.467841769210063	13.5820553917903	Head	51
#FF0000	0.319175613685511	13.0302005704492	Stand	51
#FF0000	0.224210754376836	15.152874113759	Stand	51
#0000FF	0.28104018360842	13.4493929223623	Tail	51
#0000FF	0.0392392442934215	13.9492063558195	Tail	51
#000000	0.14042842852883	12.2648586610798	Head	51
#0000FF	0.208575976653956	13.3467399074696	Tail	51
#0000FF	0.108872368340381	14.6100825891364	Tail	51
#000000	0.425963781415485	14.3329961032607	Head	51
#000000	0.0864436114113778	15.8426109554712	Head	51
#000000	0.411709271012805	11.627565982705	Head	51
#000000	0.283413078277372	10.631277176179	Head	51
#000000	0.341158821005374	11.3939046303742	Head	51
#000000	0.0958492469415069	8.28164347228594	Head	51
#000000	0.326527679911815	9.63402628726326	Head	51
#000000	0.165934873386286	14.7732886873186	Head	51
#000000	0.372277173204348	10.0030619000085	Head	51
#000000	0.209469912331551	10.0649796540849	Head	51
#0000FF	0.494678205568343	8.79819108960219	Tail	51
#000000	0.493699185308069	10.1166446886491	Head	51
#0000FF	0.373351269508712	13.9106546031311	Tail	51
#000000	0.138608373226598	14.8101346877869	Head	51
#000000	0.129363013422117	12.8799138822593	Head	52
#0000FF	0.491179468217306	10.7960236144718	Tail	52
#000000	0.310682862987742	12.0111816626042	Head	52
#0000FF	0.267514863624238	15.6448958544992	Tail	52
#FF0000	0.211286671101116	11.9666386979166	Stand	52
#000000	0.450123270615004	15.144731732551	Head	52
#0000FF	0.192045932393521	15.3326178579126	Tail	52
#0000FF	0.154119640346617	12.9481328621041	Tail	52
#0000FF	0.0953226175531745	11.4033802569378	Tail	52
#0000FF	0.0960858731903136	9.34733858932741	Tail	52
#FF0000	0.25102130276151	15.4953384655062	Stand	52
#0000FF	0.136482464256696	10.5495854198001	Tail	52
#0000FF	0.118127394807525	8.67362045808695	Tail	52
#0000FF	0.347188194040209	15.5922701322939	Tail	52
#000000	0.0338318137126043	13.8206509327516	Head	52
#0000FF	0.36042654373683	9.30989550566301	Tail	52
#000000	0.18594431922771	12.4844203173183	Head	52
#000000	0.214471998964436	15.6419116607402	Head	52
#000000	0.420475661978126	12.7667701543309	Head	52
#FF0000	0.469428674075753	11.3551801976282	Stand	52
#0000FF	0.151264165053144	13.2535691387486	Tail	52
#0000FF	0.490552396853454	10.6946008133236	Tail	52
#0000FF	0.374197214134038	10.6002160847653	Tail	52
#FF0000	0.353187541002408	9.91418752386235	Stand	52
#0000FF	0.0364219713862985	11.0820131535176	Tail	52
#0000FF	0.207610067320056	15.8769097870681	Tail	52
#0000FF	0.248922689924948	9.40277794641442	Tail	52
#0000FF	0.290126631841995	8.91014319909736	Tail	52
#000000	0.359130797432736	9.30687388069928	Head	52
#000000	0.467841769210063	13.5820553917903	Head	52
#FF0000	0.319175613685511	13.0302005704492	Stand	52
#FF0000	0.224210754376836	15.152874113759	Stand	52
#0000FF	0.28104018360842	13.4493929223623	Tail	52
#0000FF	0.0392392442934215	13.9492063558195	Tail	52
#000000	0.14042842852883	12.2648586610798	Head	52
#0000FF	0.208575976653956	13.3467399074696	Tail	52
#0000FF	0.108872368340381	14.6100825891364	Tail	52
#000000	0.425963781415485	14.3329961032607	Head	52
#000000	0.0864436114113778	15.8426109554712	Head	52
#000000	0.411709271012805	11.627565982705	Head	52
#000000	0.283413078277372	10.631277176179	Head	52
#000000	0.341158821005374	11.3939046303742	Head	52
#000000	0.0958492469415069	8.28164347228594	Head	52
#000000	0.326527679911815	9.63402628726326	Head	52
#000000	0.165934873386286	14.7732886873186	Head	52
#000000	0.372277173204348	10.0030619000085	Head	52
#000000	0.209469912331551	10.0649796540849	Head	52
#0000FF	0.494678205568343	8.79819108960219	Tail	52
#000000	0.493699185308069	10.1166446886491	Head	52
#0000FF	0.373351269508712	13.9106546031311	Tail	52
#000000	0.138608373226598	14.8101346877869	Head	52
#000000	0.120893967328593	12.080712683266	Head	52
#000000	0.129363013422117	12.8799138822593	Head	53
#0000FF	0.491179468217306	10.7960236144718	Tail	53
#000000	0.310682862987742	12.0111816626042	Head	53
#0000FF	0.267514863624238	15.6448958544992	Tail	53
#FF0000	0.211286671101116	11.9666386979166	Stand	53
#000000	0.450123270615004	15.144731732551	Head	53
#0000FF	0.192045932393521	15.3326178579126	Tail	53
#0000FF	0.154119640346617	12.9481328621041	Tail	53
#0000FF	0.0953226175531745	11.4033802569378	Tail	53
#0000FF	0.0960858731903136	9.34733858932741	Tail	53
#FF0000	0.25102130276151	15.4953384655062	Stand	53
#0000FF	0.136482464256696	10.5495854198001	Tail	53
#0000FF	0.118127394807525	8.67362045808695	Tail	53
#0000FF	0.347188194040209	15.5922701322939	Tail	53
#000000	0.0338318137126043	13.8206509327516	Head	53
#0000FF	0.36042654373683	9.30989550566301	Tail	53
#000000	0.18594431922771	12.4844203173183	Head	53
#000000	0.214471998964436	15.6419116607402	Head	53
#000000	0.420475661978126	12.7667701543309	Head	53
#FF0000	0.469428674075753	11.3551801976282	Stand	53
#0000FF	0.151264165053144	13.2535691387486	Tail	53
#0000FF	0.490552396853454	10.6946008133236	Tail	53
#0000FF	0.374197214134038	10.6002160847653	Tail	53
#FF0000	0.353187541002408	9.91418752386235	Stand	53
#0000FF	0.0364219713862985	11.0820131535176	Tail	53
#0000FF	0.207610067320056	15.8769097870681	Tail	53
#0000FF	0.248922689924948	9.40277794641442	Tail	53
#0000FF	0.290126631841995	8.91014319909736	Tail	53
#000000	0.359130797432736	9.30687388069928	Head	53
#000000	0.467841769210063	13.5820553917903	Head	53
#FF0000	0.319175613685511	13.0302005704492	Stand	53
#FF0000	0.224210754376836	15.152874113759	Stand	53
#0000FF	0.28104018360842	13.4493929223623	Tail	53
#0000FF	0.0392392442934215	13.9492063558195	Tail	53
#000000	0.14042842852883	12.2648586610798	Head	53
#0000FF	0.208575976653956	13.3467399074696	Tail	53
#0000FF	0.108872368340381	14.6100825891364	Tail	53
#000000	0.425963781415485	14.3329961032607	Head	53
#000000	0.0864436114113778	15.8426109554712	Head	53
#000000	0.411709271012805	11.627565982705	Head	53
#000000	0.283413078277372	10.631277176179	Head	53
#000000	0.341158821005374	11.3939046303742	Head	53
#000000	0.0958492469415069	8.28164347228594	Head	53
#000000	0.326527679911815	9.63402628726326	Head	53
#000000	0.165934873386286	14.7732886873186	Head	53
#000000	0.372277173204348	10.0030619000085	Head	53
#000000	0.209469912331551	10.0649796540849	Head	53
#0000FF	0.494678205568343	8.79819108960219	Tail	53
#000000	0.493699185308069	10.1166446886491	Head	53
#0000FF	0.373351269508712	13.9106546031311	Tail	53
#000000	0.138608373226598	14.8101346877869	Head	53
#000000	0.120893967328593	12.080712683266	Head	53
#0000FF	0.306522825839929	11.2256904327776	Tail	53
#000000	0.129363013422117	12.8799138822593	Head	54
#0000FF	0.491179468217306	10.7960236144718	Tail	54
#000000	0.310682862987742	12.0111816626042	Head	54
#0000FF	0.267514863624238	15.6448958544992	Tail	54
#FF0000	0.211286671101116	11.9666386979166	Stand	54
#000000	0.450123270615004	15.144731732551	Head	54
#0000FF	0.192045932393521	15.3326178579126	Tail	54
#0000FF	0.154119640346617	12.9481328621041	Tail	54
#0000FF	0.0953226175531745	11.4033802569378	Tail	54
#0000FF	0.0960858731903136	9.34733858932741	Tail	54
#FF0000	0.25102130276151	15.4953384655062	Stand	54
#0000FF	0.136482464256696	10.5495854198001	Tail	54
#0000FF	0.118127394807525	8.67362045808695	Tail	54
#0000FF	0.347188194040209	15.5922701322939	Tail	54
#000000	0.0338318137126043	13.8206509327516	Head	54
#0000FF	0.36042654373683	9.30989550566301	Tail	54
#000000	0.18594431922771	12.4844203173183	Head	54
#000000	0.214471998964436	15.6419116607402	Head	54
#000000	0.420475661978126	12.7667701543309	Head	54
#FF0000	0.469428674075753	11.3551801976282	Stand	54
#0000FF	0.151264165053144	13.2535691387486	Tail	54
#0000FF	0.490552396853454	10.6946008133236	Tail	54
#0000FF	0.374197214134038	10.6002160847653	Tail	54
#FF0000	0.353187541002408	9.91418752386235	Stand	54
#0000FF	0.0364219713862985	11.0820131535176	Tail	54
#0000FF	0.207610067320056	15.8769097870681	Tail	54
#0000FF	0.248922689924948	9.40277794641442	Tail	54
#0000FF	0.290126631841995	8.91014319909736	Tail	54
#000000	0.359130797432736	9.30687388069928	Head	54
#000000	0.467841769210063	13.5820553917903	Head	54
#FF0000	0.319175613685511	13.0302005704492	Stand	54
#FF0000	0.224210754376836	15.152874113759	Stand	54
#0000FF	0.28104018360842	13.4493929223623	Tail	54
#0000FF	0.0392392442934215	13.9492063558195	Tail	54
#000000	0.14042842852883	12.2648586610798	Head	54
#0000FF	0.208575976653956	13.3467399074696	Tail	54
#0000FF	0.108872368340381	14.6100825891364	Tail	54
#000000	0.425963781415485	14.3329961032607	Head	54
#000000	0.0864436114113778	15.8426109554712	Head	54
#000000	0.411709271012805	11.627565982705	Head	54
#000000	0.283413078277372	10.631277176179	Head	54
#000000	0.341158821005374	11.3939046303742	Head	54
#000000	0.0958492469415069	8.28164347228594	Head	54
#000000	0.326527679911815	9.63402628726326	Head	54
#000000	0.165934873386286	14.7732886873186	Head	54
#000000	0.372277173204348	10.0030619000085	Head	54
#000000	0.209469912331551	10.0649796540849	Head	54
#0000FF	0.494678205568343	8.79819108960219	Tail	54
#000000	0.493699185308069	10.1166446886491	Head	54
#0000FF	0.373351269508712	13.9106546031311	Tail	54
#000000	0.138608373226598	14.8101346877869	Head	54
#000000	0.120893967328593	12.080712683266	Head	54
#0000FF	0.306522825839929	11.2256904327776	Tail	54
#000000	0.143760716067627	10.1223021543585	Head	54
#000000	0.129363013422117	12.8799138822593	Head	55
#0000FF	0.491179468217306	10.7960236144718	Tail	55
#000000	0.310682862987742	12.0111816626042	Head	55
#0000FF	0.267514863624238	15.6448958544992	Tail	55
#FF0000	0.211286671101116	11.9666386979166	Stand	55
#000000	0.450123270615004	15.144731732551	Head	55
#0000FF	0.192045932393521	15.3326178579126	Tail	55
#0000FF	0.154119640346617	12.9481328621041	Tail	55
#0000FF	0.0953226175531745	11.4033802569378	Tail	55
#0000FF	0.0960858731903136	9.34733858932741	Tail	55
#FF0000	0.25102130276151	15.4953384655062	Stand	55
#0000FF	0.136482464256696	10.5495854198001	Tail	55
#0000FF	0.118127394807525	8.67362045808695	Tail	55
#0000FF	0.347188194040209	15.5922701322939	Tail	55
#000000	0.0338318137126043	13.8206509327516	Head	55
#0000FF	0.36042654373683	9.30989550566301	Tail	55
#000000	0.18594431922771	12.4844203173183	Head	55
#000000	0.214471998964436	15.6419116607402	Head	55
#000000	0.420475661978126	12.7667701543309	Head	55
#FF0000	0.469428674075753	11.3551801976282	Stand	55
#0000FF	0.151264165053144	13.2535691387486	Tail	55
#0000FF	0.490552396853454	10.6946008133236	Tail	55
#0000FF	0.374197214134038	10.6002160847653	Tail	55
#FF0000	0.353187541002408	9.91418752386235	Stand	55
#0000FF	0.0364219713862985	11.0820131535176	Tail	55
#0000FF	0.207610067320056	15.8769097870681	Tail	55
#0000FF	0.248922689924948	9.40277794641442	Tail	55
#0000FF	0.290126631841995	8.91014319909736	Tail	55
#000000	0.359130797432736	9.30687388069928	Head	55
#000000	0.467841769210063	13.5820553917903	Head	55
#FF0000	0.319175613685511	13.0302005704492	Stand	55
#FF0000	0.224210754376836	15.152874113759	Stand	55
#0000FF	0.28104018360842	13.4493929223623	Tail	55
#0000FF	0.0392392442934215	13.9492063558195	Tail	55
#000000	0.14042842852883	12.2648586610798	Head	55
#0000FF	0.208575976653956	13.3467399074696	Tail	55
#0000FF	0.108872368340381	14.6100825891364	Tail	55
#000000	0.425963781415485	14.3329961032607	Head	55
#000000	0.0864436114113778	15.8426109554712	Head	55
#000000	0.411709271012805	11.627565982705	Head	55
#000000	0.283413078277372	10.631277176179	Head	55
#000000	0.341158821005374	11.3939046303742	Head	55
#000000	0.0958492469415069	8.28164347228594	Head	55
#000000	0.326527679911815	9.63402628726326	Head	55
#000000	0.165934873386286	14.7732886873186	Head	55
#000000	0.372277173204348	10.0030619000085	Head	55
#000000	0.209469912331551	10.0649796540849	Head	55
#0000FF	0.494678205568343	8.79819108960219	Tail	55
#000000	0.493699185308069	10.1166446886491	Head	55
#0000FF	0.373351269508712	13.9106546031311	Tail	55
#000000	0.138608373226598	14.8101346877869	Head	55
#000000	0.120893967328593	12.080712683266	Head	55
#0000FF	0.306522825839929	11.2256904327776	Tail	55
#000000	0.143760716067627	10.1223021543585	Head	55
#0000FF	0.275535199432634	9.06655239816755	Tail	55
#000000	0.129363013422117	12.8799138822593	Head	56
#0000FF	0.491179468217306	10.7960236144718	Tail	56
#000000	0.310682862987742	12.0111816626042	Head	56
#0000FF	0.267514863624238	15.6448958544992	Tail	56
#FF0000	0.211286671101116	11.9666386979166	Stand	56
#000000	0.450123270615004	15.144731732551	Head	56
#0000FF	0.192045932393521	15.3326178579126	Tail	56
#0000FF	0.154119640346617	12.9481328621041	Tail	56
#0000FF	0.0953226175531745	11.4033802569378	Tail	56
#0000FF	0.0960858731903136	9.34733858932741	Tail	56
#FF0000	0.25102130276151	15.4953384655062	Stand	56
#0000FF	0.136482464256696	10.5495854198001	Tail	56
#0000FF	0.118127394807525	8.67362045808695	Tail	56
#0000FF	0.347188194040209	15.5922701322939	Tail	56
#000000	0.0338318137126043	13.8206509327516	Head	56
#0000FF	0.36042654373683	9.30989550566301	Tail	56
#000000	0.18594431922771	12.4844203173183	Head	56
#000000	0.214471998964436	15.6419116607402	Head	56
#000000	0.420475661978126	12.7667701543309	Head	56
#FF0000	0.469428674075753	11.3551801976282	Stand	56
#0000FF	0.151264165053144	13.2535691387486	Tail	56
#0000FF	0.490552396853454	10.6946008133236	Tail	56
#0000FF	0.374197214134038	10.6002160847653	Tail	56
#FF0000	0.353187541002408	9.91418752386235	Stand	56
#0000FF	0.0364219713862985	11.0820131535176	Tail	56
#0000FF	0.207610067320056	15.8769097870681	Tail	56
#0000FF	0.248922689924948	9.40277794641442	Tail	56
#0000FF	0.290126631841995	8.91014319909736	Tail	56
#000000	0.359130797432736	9.30687388069928	Head	56
#000000	0.467841769210063	13.5820553917903	Head	56
#FF0000	0.319175613685511	13.0302005704492	Stand	56
#FF0000	0.224210754376836	15.152874113759	Stand	56
#0000FF	0.28104018360842	13.4493929223623	Tail	56
#0000FF	0.0392392442934215	13.9492063558195	Tail	56
#000000	0.14042842852883	12.2648586610798	Head	56
#0000FF	0.208575976653956	13.3467399074696	Tail	56
#0000FF	0.108872368340381	14.6100825891364	Tail	56
#000000	0.425963781415485	14.3329961032607	Head	56
#000000	0.0864436114113778	15.8426109554712	Head	56
#000000	0.411709271012805	11.627565982705	Head	56
#000000	0.283413078277372	10.631277176179	Head	56
#000000	0.341158821005374	11.3939046303742	Head	56
#000000	0.0958492469415069	8.28164347228594	Head	56
#000000	0.326527679911815	9.63402628726326	Head	56
#000000	0.165934873386286	14.7732886873186	Head	56
#000000	0.372277173204348	10.0030619000085	Head	56
#000000	0.209469912331551	10.0649796540849	Head	56
#0000FF	0.494678205568343	8.79819108960219	Tail	56
#000000	0.493699185308069	10.1166446886491	Head	56
#0000FF	0.373351269508712	13.9106546031311	Tail	56
#000000	0.138608373226598	14.8101346877869	Head	56
#000000	0.120893967328593	12.080712683266	Head	56
#0000FF	0.306522825839929	11.2256904327776	Tail	56
#000000	0.143760716067627	10.1223021543585	Head	56
#0000FF	0.275535199432634	9.06655239816755	Tail	56
#000000	0.402645835643634	11.2419565949123	Head	56
#000000	0.129363013422117	12.8799138822593	Head	57
#0000FF	0.491179468217306	10.7960236144718	Tail	57
#000000	0.310682862987742	12.0111816626042	Head	57
#0000FF	0.267514863624238	15.6448958544992	Tail	57
#FF0000	0.211286671101116	11.9666386979166	Stand	57
#000000	0.450123270615004	15.144731732551	Head	57
#0000FF	0.192045932393521	15.3326178579126	Tail	57
#0000FF	0.154119640346617	12.9481328621041	Tail	57
#0000FF	0.0953226175531745	11.4033802569378	Tail	57
#0000FF	0.0960858731903136	9.34733858932741	Tail	57
#FF0000	0.25102130276151	15.4953384655062	Stand	57
#0000FF	0.136482464256696	10.5495854198001	Tail	57
#0000FF	0.118127394807525	8.67362045808695	Tail	57
#0000FF	0.347188194040209	15.5922701322939	Tail	57
#000000	0.0338318137126043	13.8206509327516	Head	57
#0000FF	0.36042654373683	9.30989550566301	Tail	57
#000000	0.18594431922771	12.4844203173183	Head	57
#000000	0.214471998964436	15.6419116607402	Head	57
#000000	0.420475661978126	12.7667701543309	Head	57
#FF0000	0.469428674075753	11.3551801976282	Stand	57
#0000FF	0.151264165053144	13.2535691387486	Tail	57
#0000FF	0.490552396853454	10.6946008133236	Tail	57
#0000FF	0.374197214134038	10.6002160847653	Tail	57
#FF0000	0.353187541002408	9.91418752386235	Stand	57
#0000FF	0.0364219713862985	11.0820131535176	Tail	57
#0000FF	0.207610067320056	15.8769097870681	Tail	57
#0000FF	0.248922689924948	9.40277794641442	Tail	57
#0000FF	0.290126631841995	8.91014319909736	Tail	57
#000000	0.359130797432736	9.30687388069928	Head	57
#000000	0.467841769210063	13.5820553917903	Head	57
#FF0000	0.319175613685511	13.0302005704492	Stand	57
#FF0000	0.224210754376836	15.152874113759	Stand	57
#0000FF	0.28104018360842	13.4493929223623	Tail	57
#0000FF	0.0392392442934215	13.9492063558195	Tail	57
#000000	0.14042842852883	12.2648586610798	Head	57
#0000FF	0.208575976653956	13.3467399074696	Tail	57
#0000FF	0.108872368340381	14.6100825891364	Tail	57
#000000	0.425963781415485	14.3329961032607	Head	57
#000000	0.0864436114113778	15.8426109554712	Head	57
#000000	0.411709271012805	11.627565982705	Head	57
#000000	0.283413078277372	10.631277176179	Head	57
#000000	0.341158821005374	11.3939046303742	Head	57
#000000	0.0958492469415069	8.28164347228594	Head	57
#000000	0.326527679911815	9.63402628726326	Head	57
#000000	0.165934873386286	14.7732886873186	Head	57
#000000	0.372277173204348	10.0030619000085	Head	57
#000000	0.209469912331551	10.0649796540849	Head	57
#0000FF	0.494678205568343	8.79819108960219	Tail	57
#000000	0.493699185308069	10.1166446886491	Head	57
#0000FF	0.373351269508712	13.9106546031311	Tail	57
#000000	0.138608373226598	14.8101346877869	Head	57
#000000	0.120893967328593	12.080712683266	Head	57
#0000FF	0.306522825839929	11.2256904327776	Tail	57
#000000	0.143760716067627	10.1223021543585	Head	57
#0000FF	0.275535199432634	9.06655239816755	Tail	57
#000000	0.402645835643634	11.2419565949123	Head	57
#000000	0.0940304052690044	12.6610954490956	Head	57
#000000	0.129363013422117	12.8799138822593	Head	58
#0000FF	0.491179468217306	10.7960236144718	Tail	58
#000000	0.310682862987742	12.0111816626042	Head	58
#0000FF	0.267514863624238	15.6448958544992	Tail	58
#FF0000	0.211286671101116	11.9666386979166	Stand	58
#000000	0.450123270615004	15.144731732551	Head	58
#0000FF	0.192045932393521	15.3326178579126	Tail	58
#0000FF	0.154119640346617	12.9481328621041	Tail	58
#0000FF	0.0953226175531745	11.4033802569378	Tail	58
#0000FF	0.0960858731903136	9.34733858932741	Tail	58
#FF0000	0.25102130276151	15.4953384655062	Stand	58
#0000FF	0.136482464256696	10.5495854198001	Tail	58
#0000FF	0.118127394807525	8.67362045808695	Tail	58
#0000FF	0.347188194040209	15.5922701322939	Tail	58
#000000	0.0338318137126043	13.8206509327516	Head	58
#0000FF	0.36042654373683	9.30989550566301	Tail	58
#000000	0.18594431922771	12.4844203173183	Head	58
#000000	0.214471998964436	15.6419116607402	Head	58
#000000	0.420475661978126	12.7667701543309	Head	58
#FF0000	0.469428674075753	11.3551801976282	Stand	58
#0000FF	0.151264165053144	13.2535691387486	Tail	58
#0000FF	0.490552396853454	10.6946008133236	Tail	58
#0000FF	0.374197214134038	10.6002160847653	Tail	58
#FF0000	0.353187541002408	9.91418752386235	Stand	58
#0000FF	0.0364219713862985	11.0820131535176	Tail	58
#0000FF	0.207610067320056	15.8769097870681	Tail	58
#0000FF	0.248922689924948	9.40277794641442	Tail	58
#0000FF	0.290126631841995	8.91014319909736	Tail	58
#000000	0.359130797432736	9.30687388069928	Head	58
#000000	0.467841769210063	13.5820553917903	Head	58
#FF0000	0.319175613685511	13.0302005704492	Stand	58
#FF0000	0.224210754376836	15.152874113759	Stand	58
#0000FF	0.28104018360842	13.4493929223623	Tail	58
#0000FF	0.0392392442934215	13.9492063558195	Tail	58
#000000	0.14042842852883	12.2648586610798	Head	58
#0000FF	0.208575976653956	13.3467399074696	Tail	58
#0000FF	0.108872368340381	14.6100825891364	Tail	58
#000000	0.425963781415485	14.3329961032607	Head	58
#000000	0.0864436114113778	15.8426109554712	Head	58
#000000	0.411709271012805	11.627565982705	Head	58
#000000	0.283413078277372	10.631277176179	Head	58
#000000	0.341158821005374	11.3939046303742	Head	58
#000000	0.0958492469415069	8.28164347228594	Head	58
#000000	0.326527679911815	9.63402628726326	Head	58
#000000	0.165934873386286	14.7732886873186	Head	58
#000000	0.372277173204348	10.0030619000085	Head	58
#000000	0.209469912331551	10.0649796540849	Head	58
#0000FF	0.494678205568343	8.79819108960219	Tail	58
#000000	0.493699185308069	10.1166446886491	Head	58
#0000FF	0.373351269508712	13.9106546031311	Tail	58
#000000	0.138608373226598	14.8101346877869	Head	58
#000000	0.120893967328593	12.080712683266	Head	58
#0000FF	0.306522825839929	11.2256904327776	Tail	58
#000000	0.143760716067627	10.1223021543585	Head	58
#0000FF	0.275535199432634	9.06655239816755	Tail	58
#000000	0.402645835643634	11.2419565949123	Head	58
#000000	0.0940304052690044	12.6610954490956	Head	58
#0000FF	0.212199590508826	9.89176354990341	Tail	58
#000000	0.129363013422117	12.8799138822593	Head	59
#0000FF	0.491179468217306	10.7960236144718	Tail	59
#000000	0.310682862987742	12.0111816626042	Head	59
#0000FF	0.267514863624238	15.6448958544992	Tail	59
#FF0000	0.211286671101116	11.9666386979166	Stand	59
#000000	0.450123270615004	15.144731732551	Head	59
#0000FF	0.192045932393521	15.3326178579126	Tail	59
#0000FF	0.154119640346617	12.9481328621041	Tail	59
#0000FF	0.0953226175531745	11.4033802569378	Tail	59
#0000FF	0.0960858731903136	9.34733858932741	Tail	59
#FF0000	0.25102130276151	15.4953384655062	Stand	59
#0000FF	0.136482464256696	10.5495854198001	Tail	59
#0000FF	0.118127394807525	8.67362045808695	Tail	59
#0000FF	0.347188194040209	15.5922701322939	Tail	59
#000000	0.0338318137126043	13.8206509327516	Head	59
#0000FF	0.36042654373683	9.30989550566301	Tail	59
#000000	0.18594431922771	12.4844203173183	Head	59
#000000	0.214471998964436	15.6419116607402	Head	59
#000000	0.420475661978126	12.7667701543309	Head	59
#FF0000	0.469428674075753	11.3551801976282	Stand	59
#0000FF	0.151264165053144	13.2535691387486	Tail	59
#0000FF	0.490552396853454	10.6946008133236	Tail	59
#0000FF	0.374197214134038	10.6002160847653	Tail	59
#FF0000	0.353187541002408	9.91418752386235	Stand	59
#0000FF	0.0364219713862985	11.0820131535176	Tail	59
#0000FF	0.207610067320056	15.8769097870681	Tail	59
#0000FF	0.248922689924948	9.40277794641442	Tail	59
#0000FF	0.290126631841995	8.91014319909736	Tail	59
#000000	0.359130797432736	9.30687388069928	Head	59
#000000	0.467841769210063	13.5820553917903	Head	59
#FF0000	0.319175613685511	13.0302005704492	Stand	59
#FF0000	0.224210754376836	15.152874113759	Stand	59
#0000FF	0.28104018360842	13.4493929223623	Tail	59
#0000FF	0.0392392442934215	13.9492063558195	Tail	59
#000000	0.14042842852883	12.2648586610798	Head	59
#0000FF	0.208575976653956	13.3467399074696	Tail	59
#0000FF	0.108872368340381	14.6100825891364	Tail	59
#000000	0.425963781415485	14.3329961032607	Head	59
#000000	0.0864436114113778	15.8426109554712	Head	59
#000000	0.411709271012805	11.627565982705	Head	59
#000000	0.283413078277372	10.631277176179	Head	59
#000000	0.341158821005374	11.3939046303742	Head	59
#000000	0.0958492469415069	8.28164347228594	Head	59
#000000	0.326527679911815	9.63402628726326	Head	59
#000000	0.165934873386286	14.7732886873186	Head	59
#000000	0.372277173204348	10.0030619000085	Head	59
#000000	0.209469912331551	10.0649796540849	Head	59
#0000FF	0.494678205568343	8.79819108960219	Tail	59
#000000	0.493699185308069	10.1166446886491	Head	59
#0000FF	0.373351269508712	13.9106546031311	Tail	59
#000000	0.138608373226598	14.8101346877869	Head	59
#000000	0.120893967328593	12.080712683266	Head	59
#0000FF	0.306522825839929	11.2256904327776	Tail	59
#000000	0.143760716067627	10.1223021543585	Head	59
#0000FF	0.275535199432634	9.06655239816755	Tail	59
#000000	0.402645835643634	11.2419565949123	Head	59
#000000	0.0940304052690044	12.6610954490956	Head	59
#0000FF	0.212199590508826	9.89176354990341	Tail	59
#0000FF	0.245788138816133	11.6691904157866	Tail	59
#000000	0.129363013422117	12.8799138822593	Head	60
#0000FF	0.491179468217306	10.7960236144718	Tail	60
#000000	0.310682862987742	12.0111816626042	Head	60
#0000FF	0.267514863624238	15.6448958544992	Tail	60
#FF0000	0.211286671101116	11.9666386979166	Stand	60
#000000	0.450123270615004	15.144731732551	Head	60
#0000FF	0.192045932393521	15.3326178579126	Tail	60
#0000FF	0.154119640346617	12.9481328621041	Tail	60
#0000FF	0.0953226175531745	11.4033802569378	Tail	60
#0000FF	0.0960858731903136	9.34733858932741	Tail	60
#FF0000	0.25102130276151	15.4953384655062	Stand	60
#0000FF	0.136482464256696	10.5495854198001	Tail	60
#0000FF	0.118127394807525	8.67362045808695	Tail	60
#0000FF	0.347188194040209	15.5922701322939	Tail	60
#000000	0.0338318137126043	13.8206509327516	Head	60
#0000FF	0.36042654373683	9.30989550566301	Tail	60
#000000	0.18594431922771	12.4844203173183	Head	60
#000000	0.214471998964436	15.6419116607402	Head	60
#000000	0.420475661978126	12.7667701543309	Head	60
#FF0000	0.469428674075753	11.3551801976282	Stand	60
#0000FF	0.151264165053144	13.2535691387486	Tail	60
#0000FF	0.490552396853454	10.6946008133236	Tail	60
#0000FF	0.374197214134038	10.6002160847653	Tail	60
#FF0000	0.353187541002408	9.91418752386235	Stand	60
#0000FF	0.0364219713862985	11.0820131535176	Tail	60
#0000FF	0.207610067320056	15.8769097870681	Tail	60
#0000FF	0.248922689924948	9.40277794641442	Tail	60
#0000FF	0.290126631841995	8.91014319909736	Tail	60
#000000	0.359130797432736	9.30687388069928	Head	60
#000000	0.467841769210063	13.5820553917903	Head	60
#FF0000	0.319175613685511	13.0302005704492	Stand	60
#FF0000	0.224210754376836	15.152874113759	Stand	60
#0000FF	0.28104018360842	13.4493929223623	Tail	60
#0000FF	0.0392392442934215	13.9492063558195	Tail	60
#000000	0.14042842852883	12.2648586610798	Head	60
#0000FF	0.208575976653956	13.3467399074696	Tail	60
#0000FF	0.108872368340381	14.6100825891364	Tail	60
#000000	0.425963781415485	14.3329961032607	Head	60
#000000	0.0864436114113778	15.8426109554712	Head	60
#000000	0.411709271012805	11.627565982705	Head	60
#000000	0.283413078277372	10.631277176179	Head	60
#000000	0.341158821005374	11.3939046303742	Head	60
#000000	0.0958492469415069	8.28164347228594	Head	60
#000000	0.326527679911815	9.63402628726326	Head	60
#000000	0.165934873386286	14.7732886873186	Head	60
#000000	0.372277173204348	10.0030619000085	Head	60
#000000	0.209469912331551	10.0649796540849	Head	60
#0000FF	0.494678205568343	8.79819108960219	Tail	60
#000000	0.493699185308069	10.1166446886491	Head	60
#0000FF	0.373351269508712	13.9106546031311	Tail	60
#000000	0.138608373226598	14.8101346877869	Head	60
#000000	0.120893967328593	12.080712683266	Head	60
#0000FF	0.306522825839929	11.2256904327776	Tail	60
#000000	0.143760716067627	10.1223021543585	Head	60
#0000FF	0.275535199432634	9.06655239816755	Tail	60
#000000	0.402645835643634	11.2419565949123	Head	60
#000000	0.0940304052690044	12.6610954490956	Head	60
#0000FF	0.212199590508826	9.89176354990341	Tail	60
#0000FF	0.245788138816133	11.6691904157866	Tail	60
#000000	0.444053403441794	9.90032721604221	Head	60
#000000	0.129363013422117	12.8799138822593	Head	61
#0000FF	0.491179468217306	10.7960236144718	Tail	61
#000000	0.310682862987742	12.0111816626042	Head	61
#0000FF	0.267514863624238	15.6448958544992	Tail	61
#FF0000	0.211286671101116	11.9666386979166	Stand	61
#000000	0.450123270615004	15.144731732551	Head	61
#0000FF	0.192045932393521	15.3326178579126	Tail	61
#0000FF	0.154119640346617	12.9481328621041	Tail	61
#0000FF	0.0953226175531745	11.4033802569378	Tail	61
#0000FF	0.0960858731903136	9.34733858932741	Tail	61
#FF0000	0.25102130276151	15.4953384655062	Stand	61
#0000FF	0.136482464256696	10.5495854198001	Tail	61
#0000FF	0.118127394807525	8.67362045808695	Tail	61
#0000FF	0.347188194040209	15.5922701322939	Tail	61
#000000	0.0338318137126043	13.8206509327516	Head	61
#0000FF	0.36042654373683	9.30989550566301	Tail	61
#000000	0.18594431922771	12.4844203173183	Head	61
#000000	0.214471998964436	15.6419116607402	Head	61
#000000	0.420475661978126	12.7667701543309	Head	61
#FF0000	0.469428674075753	11.3551801976282	Stand	61
#0000FF	0.151264165053144	13.2535691387486	Tail	61
#0000FF	0.490552396853454	10.6946008133236	Tail	61
#0000FF	0.374197214134038	10.6002160847653	Tail	61
#FF0000	0.353187541002408	9.91418752386235	Stand	61
#0000FF	0.0364219713862985	11.0820131535176	Tail	61
#0000FF	0.207610067320056	15.8769097870681	Tail	61
#0000FF	0.248922689924948	9.40277794641442	Tail	61
#0000FF	0.290126631841995	8.91014319909736	Tail	61
#000000	0.359130797432736	9.30687388069928	Head	61
#000000	0.467841769210063	13.5820553917903	Head	61
#FF0000	0.319175613685511	13.0302005704492	Stand	61
#FF0000	0.224210754376836	15.152874113759	Stand	61
#0000FF	0.28104018360842	13.4493929223623	Tail	61
#0000FF	0.0392392442934215	13.9492063558195	Tail	61
#000000	0.14042842852883	12.2648586610798	Head	61
#0000FF	0.208575976653956	13.3467399074696	Tail	61
#0000FF	0.108872368340381	14.6100825891364	Tail	61
#000000	0.425963781415485	14.3329961032607	Head	61
#000000	0.0864436114113778	15.8426109554712	Head	61
#000000	0.411709271012805	11.627565982705	Head	61
#000000	0.283413078277372	10.631277176179	Head	61
#000000	0.341158821005374	11.3939046303742	Head	61
#000000	0.0958492469415069	8.28164347228594	Head	61
#000000	0.326527679911815	9.63402628726326	Head	61
#000000	0.165934873386286	14.7732886873186	Head	61
#000000	0.372277173204348	10.0030619000085	Head	61
#000000	0.209469912331551	10.0649796540849	Head	61
#0000FF	0.494678205568343	8.79819108960219	Tail	61
#000000	0.493699185308069	10.1166446886491	Head	61
#0000FF	0.373351269508712	13.9106546031311	Tail	61
#000000	0.138608373226598	14.8101346877869	Head	61
#000000	0.120893967328593	12.080712683266	Head	61
#0000FF	0.306522825839929	11.2256904327776	Tail	61
#000000	0.143760716067627	10.1223021543585	Head	61
#0000FF	0.275535199432634	9.06655239816755	Tail	61
#000000	0.402645835643634	11.2419565949123	Head	61
#000000	0.0940304052690044	12.6610954490956	Head	61
#0000FF	0.212199590508826	9.89176354990341	Tail	61
#0000FF	0.245788138816133	11.6691904157866	Tail	61
#000000	0.444053403441794	9.90032721604221	Head	61
#0000FF	0.47285397792235	12.1179365934338	Tail	61
#000000	0.129363013422117	12.8799138822593	Head	62
#0000FF	0.491179468217306	10.7960236144718	Tail	62
#000000	0.310682862987742	12.0111816626042	Head	62
#0000FF	0.267514863624238	15.6448958544992	Tail	62
#FF0000	0.211286671101116	11.9666386979166	Stand	62
#000000	0.450123270615004	15.144731732551	Head	62
#0000FF	0.192045932393521	15.3326178579126	Tail	62
#0000FF	0.154119640346617	12.9481328621041	Tail	62
#0000FF	0.0953226175531745	11.4033802569378	Tail	62
#0000FF	0.0960858731903136	9.34733858932741	Tail	62
#FF0000	0.25102130276151	15.4953384655062	Stand	62
#0000FF	0.136482464256696	10.5495854198001	Tail	62
#0000FF	0.118127394807525	8.67362045808695	Tail	62
#0000FF	0.347188194040209	15.5922701322939	Tail	62
#000000	0.0338318137126043	13.8206509327516	Head	62
#0000FF	0.36042654373683	9.30989550566301	Tail	62
#000000	0.18594431922771	12.4844203173183	Head	62
#000000	0.214471998964436	15.6419116607402	Head	62
#000000	0.420475661978126	12.7667701543309	Head	62
#FF0000	0.469428674075753	11.3551801976282	Stand	62
#0000FF	0.151264165053144	13.2535691387486	Tail	62
#0000FF	0.490552396853454	10.6946008133236	Tail	62
#0000FF	0.374197214134038	10.6002160847653	Tail	62
#FF0000	0.353187541002408	9.91418752386235	Stand	62
#0000FF	0.0364219713862985	11.0820131535176	Tail	62
#0000FF	0.207610067320056	15.8769097870681	Tail	62
#0000FF	0.248922689924948	9.40277794641442	Tail	62
#0000FF	0.290126631841995	8.91014319909736	Tail	62
#000000	0.359130797432736	9.30687388069928	Head	62
#000000	0.467841769210063	13.5820553917903	Head	62
#FF0000	0.319175613685511	13.0302005704492	Stand	62
#FF0000	0.224210754376836	15.152874113759	Stand	62
#0000FF	0.28104018360842	13.4493929223623	Tail	62
#0000FF	0.0392392442934215	13.9492063558195	Tail	62
#000000	0.14042842852883	12.2648586610798	Head	62
#0000FF	0.208575976653956	13.3467399074696	Tail	62
#0000FF	0.108872368340381	14.6100825891364	Tail	62
#000000	0.425963781415485	14.3329961032607	Head	62
#000000	0.0864436114113778	15.8426109554712	Head	62
#000000	0.411709271012805	11.627565982705	Head	62
#000000	0.283413078277372	10.631277176179	Head	62
#000000	0.341158821005374	11.3939046303742	Head	62
#000000	0.0958492469415069	8.28164347228594	Head	62
#000000	0.326527679911815	9.63402628726326	Head	62
#000000	0.165934873386286	14.7732886873186	Head	62
#000000	0.372277173204348	10.0030619000085	Head	62
#000000	0.209469912331551	10.0649796540849	Head	62
#0000FF	0.494678205568343	8.79819108960219	Tail	62
#000000	0.493699185308069	10.1166446886491	Head	62
#0000FF	0.373351269508712	13.9106546031311	Tail	62
#000000	0.138608373226598	14.8101346877869	Head	62
#000000	0.120893967328593	12.080712683266	Head	62
#0000FF	0.306522825839929	11.2256904327776	Tail	62
#000000	0.143760716067627	10.1223021543585	Head	62
#0000FF	0.275535199432634	9.06655239816755	Tail	62
#000000	0.402645835643634	11.2419565949123	Head	62
#000000	0.0940304052690044	12.6610954490956	Head	62
#0000FF	0.212199590508826	9.89176354990341	Tail	62
#0000FF	0.245788138816133	11.6691904157866	Tail	62
#000000	0.444053403441794	9.90032721604221	Head	62
#0000FF	0.47285397792235	12.1179365934338	Tail	62
#000000	0.45098877965007	10.9604556604289	Head	62
#000000	0.129363013422117	12.8799138822593	Head	63
#0000FF	0.491179468217306	10.7960236144718	Tail	63
#000000	0.310682862987742	12.0111816626042	Head	63
#0000FF	0.267514863624238	15.6448958544992	Tail	63
#FF0000	0.211286671101116	11.9666386979166	Stand	63
#000000	0.450123270615004	15.144731732551	Head	63
#0000FF	0.192045932393521	15.3326178579126	Tail	63
#0000FF	0.154119640346617	12.9481328621041	Tail	63
#0000FF	0.0953226175531745	11.4033802569378	Tail	63
#0000FF	0.0960858731903136	9.34733858932741	Tail	63
#FF0000	0.25102130276151	15.4953384655062	Stand	63
#0000FF	0.136482464256696	10.5495854198001	Tail	63
#0000FF	0.118127394807525	8.67362045808695	Tail	63
#0000FF	0.347188194040209	15.5922701322939	Tail	63
#000000	0.0338318137126043	13.8206509327516	Head	63
#0000FF	0.36042654373683	9.30989550566301	Tail	63
#000000	0.18594431922771	12.4844203173183	Head	63
#000000	0.214471998964436	15.6419116607402	Head	63
#000000	0.420475661978126	12.7667701543309	Head	63
#FF0000	0.469428674075753	11.3551801976282	Stand	63
#0000FF	0.151264165053144	13.2535691387486	Tail	63
#0000FF	0.490552396853454	10.6946008133236	Tail	63
#0000FF	0.374197214134038	10.6002160847653	Tail	63
#FF0000	0.353187541002408	9.91418752386235	Stand	63
#0000FF	0.0364219713862985	11.0820131535176	Tail	63
#0000FF	0.207610067320056	15.8769097870681	Tail	63
#0000FF	0.248922689924948	9.40277794641442	Tail	63
#0000FF	0.290126631841995	8.91014319909736	Tail	63
#000000	0.359130797432736	9.30687388069928	Head	63
#000000	0.467841769210063	13.5820553917903	Head	63
#FF0000	0.319175613685511	13.0302005704492	Stand	63
#FF0000	0.224210754376836	15.152874113759	Stand	63
#0000FF	0.28104018360842	13.4493929223623	Tail	63
#0000FF	0.0392392442934215	13.9492063558195	Tail	63
#000000	0.14042842852883	12.2648586610798	Head	63
#0000FF	0.208575976653956	13.3467399074696	Tail	63
#0000FF	0.108872368340381	14.6100825891364	Tail	63
#000000	0.425963781415485	14.3329961032607	Head	63
#000000	0.0864436114113778	15.8426109554712	Head	63
#000000	0.411709271012805	11.627565982705	Head	63
#000000	0.283413078277372	10.631277176179	Head	63
#000000	0.341158821005374	11.3939046303742	Head	63
#000000	0.0958492469415069	8.28164347228594	Head	63
#000000	0.326527679911815	9.63402628726326	Head	63
#000000	0.165934873386286	14.7732886873186	Head	63
#000000	0.372277173204348	10.0030619000085	Head	63
#000000	0.209469912331551	10.0649796540849	Head	63
#0000FF	0.494678205568343	8.79819108960219	Tail	63
#000000	0.493699185308069	10.1166446886491	Head	63
#0000FF	0.373351269508712	13.9106546031311	Tail	63
#000000	0.138608373226598	14.8101346877869	Head	63
#000000	0.120893967328593	12.080712683266	Head	63
#0000FF	0.306522825839929	11.2256904327776	Tail	63
#000000	0.143760716067627	10.1223021543585	Head	63
#0000FF	0.275535199432634	9.06655239816755	Tail	63
#000000	0.402645835643634	11.2419565949123	Head	63
#000000	0.0940304052690044	12.6610954490956	Head	63
#0000FF	0.212199590508826	9.89176354990341	Tail	63
#0000FF	0.245788138816133	11.6691904157866	Tail	63
#000000	0.444053403441794	9.90032721604221	Head	63
#0000FF	0.47285397792235	12.1179365934338	Tail	63
#000000	0.45098877965007	10.9604556604289	Head	63
#000000	0.347093421258032	13.2698842387646	Head	63
#000000	0.129363013422117	12.8799138822593	Head	64
#0000FF	0.491179468217306	10.7960236144718	Tail	64
#000000	0.310682862987742	12.0111816626042	Head	64
#0000FF	0.267514863624238	15.6448958544992	Tail	64
#FF0000	0.211286671101116	11.9666386979166	Stand	64
#000000	0.450123270615004	15.144731732551	Head	64
#0000FF	0.192045932393521	15.3326178579126	Tail	64
#0000FF	0.154119640346617	12.9481328621041	Tail	64
#0000FF	0.0953226175531745	11.4033802569378	Tail	64
#0000FF	0.0960858731903136	9.34733858932741	Tail	64
#FF0000	0.25102130276151	15.4953384655062	Stand	64
#0000FF	0.136482464256696	10.5495854198001	Tail	64
#0000FF	0.118127394807525	8.67362045808695	Tail	64
#0000FF	0.347188194040209	15.5922701322939	Tail	64
#000000	0.0338318137126043	13.8206509327516	Head	64
#0000FF	0.36042654373683	9.30989550566301	Tail	64
#000000	0.18594431922771	12.4844203173183	Head	64
#000000	0.214471998964436	15.6419116607402	Head	64
#000000	0.420475661978126	12.7667701543309	Head	64
#FF0000	0.469428674075753	11.3551801976282	Stand	64
#0000FF	0.151264165053144	13.2535691387486	Tail	64
#0000FF	0.490552396853454	10.6946008133236	Tail	64
#0000FF	0.374197214134038	10.6002160847653	Tail	64
#FF0000	0.353187541002408	9.91418752386235	Stand	64
#0000FF	0.0364219713862985	11.0820131535176	Tail	64
#0000FF	0.207610067320056	15.8769097870681	Tail	64
#0000FF	0.248922689924948	9.40277794641442	Tail	64
#0000FF	0.290126631841995	8.91014319909736	Tail	64
#000000	0.359130797432736	9.30687388069928	Head	64
#000000	0.467841769210063	13.5820553917903	Head	64
#FF0000	0.319175613685511	13.0302005704492	Stand	64
#FF0000	0.224210754376836	15.152874113759	Stand	64
#0000FF	0.28104018360842	13.4493929223623	Tail	64
#0000FF	0.0392392442934215	13.9492063558195	Tail	64
#000000	0.14042842852883	12.2648586610798	Head	64
#0000FF	0.208575976653956	13.3467399074696	Tail	64
#0000FF	0.108872368340381	14.6100825891364	Tail	64
#000000	0.425963781415485	14.3329961032607	Head	64
#000000	0.0864436114113778	15.8426109554712	Head	64
#000000	0.411709271012805	11.627565982705	Head	64
#000000	0.283413078277372	10.631277176179	Head	64
#000000	0.341158821005374	11.3939046303742	Head	64
#000000	0.0958492469415069	8.28164347228594	Head	64
#000000	0.326527679911815	9.63402628726326	Head	64
#000000	0.165934873386286	14.7732886873186	Head	64
#000000	0.372277173204348	10.0030619000085	Head	64
#000000	0.209469912331551	10.0649796540849	Head	64
#0000FF	0.494678205568343	8.79819108960219	Tail	64
#000000	0.493699185308069	10.1166446886491	Head	64
#0000FF	0.373351269508712	13.9106546031311	Tail	64
#000000	0.138608373226598	14.8101346877869	Head	64
#000000	0.120893967328593	12.080712683266	Head	64
#0000FF	0.306522825839929	11.2256904327776	Tail	64
#000000	0.143760716067627	10.1223021543585	Head	64
#0000FF	0.275535199432634	9.06655239816755	Tail	64
#000000	0.402645835643634	11.2419565949123	Head	64
#000000	0.0940304052690044	12.6610954490956	Head	64
#0000FF	0.212199590508826	9.89176354990341	Tail	64
#0000FF	0.245788138816133	11.6691904157866	Tail	64
#000000	0.444053403441794	9.90032721604221	Head	64
#0000FF	0.47285397792235	12.1179365934338	Tail	64
#000000	0.45098877965007	10.9604556604289	Head	64
#000000	0.347093421258032	13.2698842387646	Head	64
#000000	0.485083489669487	11.1227688615676	Head	64
#000000	0.129363013422117	12.8799138822593	Head	65
#0000FF	0.491179468217306	10.7960236144718	Tail	65
#000000	0.310682862987742	12.0111816626042	Head	65
#0000FF	0.267514863624238	15.6448958544992	Tail	65
#FF0000	0.211286671101116	11.9666386979166	Stand	65
#000000	0.450123270615004	15.144731732551	Head	65
#0000FF	0.192045932393521	15.3326178579126	Tail	65
#0000FF	0.154119640346617	12.9481328621041	Tail	65
#0000FF	0.0953226175531745	11.4033802569378	Tail	65
#0000FF	0.0960858731903136	9.34733858932741	Tail	65
#FF0000	0.25102130276151	15.4953384655062	Stand	65
#0000FF	0.136482464256696	10.5495854198001	Tail	65
#0000FF	0.118127394807525	8.67362045808695	Tail	65
#0000FF	0.347188194040209	15.5922701322939	Tail	65
#000000	0.0338318137126043	13.8206509327516	Head	65
#0000FF	0.36042654373683	9.30989550566301	Tail	65
#000000	0.18594431922771	12.4844203173183	Head	65
#000000	0.214471998964436	15.6419116607402	Head	65
#000000	0.420475661978126	12.7667701543309	Head	65
#FF0000	0.469428674075753	11.3551801976282	Stand	65
#0000FF	0.151264165053144	13.2535691387486	Tail	65
#0000FF	0.490552396853454	10.6946008133236	Tail	65
#0000FF	0.374197214134038	10.6002160847653	Tail	65
#FF0000	0.353187541002408	9.91418752386235	Stand	65
#0000FF	0.0364219713862985	11.0820131535176	Tail	65
#0000FF	0.207610067320056	15.8769097870681	Tail	65
#0000FF	0.248922689924948	9.40277794641442	Tail	65
#0000FF	0.290126631841995	8.91014319909736	Tail	65
#000000	0.359130797432736	9.30687388069928	Head	65
#000000	0.467841769210063	13.5820553917903	Head	65
#FF0000	0.319175613685511	13.0302005704492	Stand	65
#FF0000	0.224210754376836	15.152874113759	Stand	65
#0000FF	0.28104018360842	13.4493929223623	Tail	65
#0000FF	0.0392392442934215	13.9492063558195	Tail	65
#000000	0.14042842852883	12.2648586610798	Head	65
#0000FF	0.208575976653956	13.3467399074696	Tail	65
#0000FF	0.108872368340381	14.6100825891364	Tail	65
#000000	0.425963781415485	14.3329961032607	Head	65
#000000	0.0864436114113778	15.8426109554712	Head	65
#000000	0.411709271012805	11.627565982705	Head	65
#000000	0.283413078277372	10.631277176179	Head	65
#000000	0.341158821005374	11.3939046303742	Head	65
#000000	0.0958492469415069	8.28164347228594	Head	65
#000000	0.326527679911815	9.63402628726326	Head	65
#000000	0.165934873386286	14.7732886873186	Head	65
#000000	0.372277173204348	10.0030619000085	Head	65
#000000	0.209469912331551	10.0649796540849	Head	65
#0000FF	0.494678205568343	8.79819108960219	Tail	65
#000000	0.493699185308069	10.1166446886491	Head	65
#0000FF	0.373351269508712	13.9106546031311	Tail	65
#000000	0.138608373226598	14.8101346877869	Head	65
#000000	0.120893967328593	12.080712683266	Head	65
#0000FF	0.306522825839929	11.2256904327776	Tail	65
#000000	0.143760716067627	10.1223021543585	Head	65
#0000FF	0.275535199432634	9.06655239816755	Tail	65
#000000	0.402645835643634	11.2419565949123	Head	65
#000000	0.0940304052690044	12.6610954490956	Head	65
#0000FF	0.212199590508826	9.89176354990341	Tail	65
#0000FF	0.245788138816133	11.6691904157866	Tail	65
#000000	0.444053403441794	9.90032721604221	Head	65
#0000FF	0.47285397792235	12.1179365934338	Tail	65
#000000	0.45098877965007	10.9604556604289	Head	65
#000000	0.347093421258032	13.2698842387646	Head	65
#000000	0.485083489669487	11.1227688615676	Head	65
#0000FF	0.268222447126173	10.9724739701487	Tail	65
#000000	0.129363013422117	12.8799138822593	Head	66
#0000FF	0.491179468217306	10.7960236144718	Tail	66
#000000	0.310682862987742	12.0111816626042	Head	66
#0000FF	0.267514863624238	15.6448958544992	Tail	66
#FF0000	0.211286671101116	11.9666386979166	Stand	66
#000000	0.450123270615004	15.144731732551	Head	66
#0000FF	0.192045932393521	15.3326178579126	Tail	66
#0000FF	0.154119640346617	12.9481328621041	Tail	66
#0000FF	0.0953226175531745	11.4033802569378	Tail	66
#0000FF	0.0960858731903136	9.34733858932741	Tail	66
#FF0000	0.25102130276151	15.4953384655062	Stand	66
#0000FF	0.136482464256696	10.5495854198001	Tail	66
#0000FF	0.118127394807525	8.67362045808695	Tail	66
#0000FF	0.347188194040209	15.5922701322939	Tail	66
#000000	0.0338318137126043	13.8206509327516	Head	66
#0000FF	0.36042654373683	9.30989550566301	Tail	66
#000000	0.18594431922771	12.4844203173183	Head	66
#000000	0.214471998964436	15.6419116607402	Head	66
#000000	0.420475661978126	12.7667701543309	Head	66
#FF0000	0.469428674075753	11.3551801976282	Stand	66
#0000FF	0.151264165053144	13.2535691387486	Tail	66
#0000FF	0.490552396853454	10.6946008133236	Tail	66
#0000FF	0.374197214134038	10.6002160847653	Tail	66
#FF0000	0.353187541002408	9.91418752386235	Stand	66
#0000FF	0.0364219713862985	11.0820131535176	Tail	66
#0000FF	0.207610067320056	15.8769097870681	Tail	66
#0000FF	0.248922689924948	9.40277794641442	Tail	66
#0000FF	0.290126631841995	8.91014319909736	Tail	66
#000000	0.359130797432736	9.30687388069928	Head	66
#000000	0.467841769210063	13.5820553917903	Head	66
#FF0000	0.319175613685511	13.0302005704492	Stand	66
#FF0000	0.224210754376836	15.152874113759	Stand	66
#0000FF	0.28104018360842	13.4493929223623	Tail	66
#0000FF	0.0392392442934215	13.9492063558195	Tail	66
#000000	0.14042842852883	12.2648586610798	Head	66
#0000FF	0.208575976653956	13.3467399074696	Tail	66
#0000FF	0.108872368340381	14.6100825891364	Tail	66
#000000	0.425963781415485	14.3329961032607	Head	66
#000000	0.0864436114113778	15.8426109554712	Head	66
#000000	0.411709271012805	11.627565982705	Head	66
#000000	0.283413078277372	10.631277176179	Head	66
#000000	0.341158821005374	11.3939046303742	Head	66
#000000	0.0958492469415069	8.28164347228594	Head	66
#000000	0.326527679911815	9.63402628726326	Head	66
#000000	0.165934873386286	14.7732886873186	Head	66
#000000	0.372277173204348	10.0030619000085	Head	66
#000000	0.209469912331551	10.0649796540849	Head	66
#0000FF	0.494678205568343	8.79819108960219	Tail	66
#000000	0.493699185308069	10.1166446886491	Head	66
#0000FF	0.373351269508712	13.9106546031311	Tail	66
#000000	0.138608373226598	14.8101346877869	Head	66
#000000	0.120893967328593	12.080712683266	Head	66
#0000FF	0.306522825839929	11.2256904327776	Tail	66
#000000	0.143760716067627	10.1223021543585	Head	66
#0000FF	0.275535199432634	9.06655239816755	Tail	66
#000000	0.402645835643634	11.2419565949123	Head	66
#000000	0.0940304052690044	12.6610954490956	Head	66
#0000FF	0.212199590508826	9.89176354990341	Tail	66
#0000FF	0.245788138816133	11.6691904157866	Tail	66
#000000	0.444053403441794	9.90032721604221	Head	66
#0000FF	0.47285397792235	12.1179365934338	Tail	66
#000000	0.45098877965007	10.9604556604289	Head	66
#000000	0.347093421258032	13.2698842387646	Head	66
#000000	0.485083489669487	11.1227688615676	Head	66
#0000FF	0.268222447126173	10.9724739701487	Tail	66
#000000	0.298259510649368	12.3627659745514	Head	66
#000000	0.129363013422117	12.8799138822593	Head	67
#0000FF	0.491179468217306	10.7960236144718	Tail	67
#000000	0.310682862987742	12.0111816626042	Head	67
#0000FF	0.267514863624238	15.6448958544992	Tail	67
#FF0000	0.211286671101116	11.9666386979166	Stand	67
#000000	0.450123270615004	15.144731732551	Head	67
#0000FF	0.192045932393521	15.3326178579126	Tail	67
#0000FF	0.154119640346617	12.9481328621041	Tail	67
#0000FF	0.0953226175531745	11.4033802569378	Tail	67
#0000FF	0.0960858731903136	9.34733858932741	Tail	67
#FF0000	0.25102130276151	15.4953384655062	Stand	67
#0000FF	0.136482464256696	10.5495854198001	Tail	67
#0000FF	0.118127394807525	8.67362045808695	Tail	67
#0000FF	0.347188194040209	15.5922701322939	Tail	67
#000000	0.0338318137126043	13.8206509327516	Head	67
#0000FF	0.36042654373683	9.30989550566301	Tail	67
#000000	0.18594431922771	12.4844203173183	Head	67
#000000	0.214471998964436	15.6419116607402	Head	67
#000000	0.420475661978126	12.7667701543309	Head	67
#FF0000	0.469428674075753	11.3551801976282	Stand	67
#0000FF	0.151264165053144	13.2535691387486	Tail	67
#0000FF	0.490552396853454	10.6946008133236	Tail	67
#0000FF	0.374197214134038	10.6002160847653	Tail	67
#FF0000	0.353187541002408	9.91418752386235	Stand	67
#0000FF	0.0364219713862985	11.0820131535176	Tail	67
#0000FF	0.207610067320056	15.8769097870681	Tail	67
#0000FF	0.248922689924948	9.40277794641442	Tail	67
#0000FF	0.290126631841995	8.91014319909736	Tail	67
#000000	0.359130797432736	9.30687388069928	Head	67
#000000	0.467841769210063	13.5820553917903	Head	67
#FF0000	0.319175613685511	13.0302005704492	Stand	67
#FF0000	0.224210754376836	15.152874113759	Stand	67
#0000FF	0.28104018360842	13.4493929223623	Tail	67
#0000FF	0.0392392442934215	13.9492063558195	Tail	67
#000000	0.14042842852883	12.2648586610798	Head	67
#0000FF	0.208575976653956	13.3467399074696	Tail	67
#0000FF	0.108872368340381	14.6100825891364	Tail	67
#000000	0.425963781415485	14.3329961032607	Head	67
#000000	0.0864436114113778	15.8426109554712	Head	67
#000000	0.411709271012805	11.627565982705	Head	67
#000000	0.283413078277372	10.631277176179	Head	67
#000000	0.341158821005374	11.3939046303742	Head	67
#000000	0.0958492469415069	8.28164347228594	Head	67
#000000	0.326527679911815	9.63402628726326	Head	67
#000000	0.165934873386286	14.7732886873186	Head	67
#000000	0.372277173204348	10.0030619000085	Head	67
#000000	0.209469912331551	10.0649796540849	Head	67
#0000FF	0.494678205568343	8.79819108960219	Tail	67
#000000	0.493699185308069	10.1166446886491	Head	67
#0000FF	0.373351269508712	13.9106546031311	Tail	67
#000000	0.138608373226598	14.8101346877869	Head	67
#000000	0.120893967328593	12.080712683266	Head	67
#0000FF	0.306522825839929	11.2256904327776	Tail	67
#000000	0.143760716067627	10.1223021543585	Head	67
#0000FF	0.275535199432634	9.06655239816755	Tail	67
#000000	0.402645835643634	11.2419565949123	Head	67
#000000	0.0940304052690044	12.6610954490956	Head	67
#0000FF	0.212199590508826	9.89176354990341	Tail	67
#0000FF	0.245788138816133	11.6691904157866	Tail	67
#000000	0.444053403441794	9.90032721604221	Head	67
#0000FF	0.47285397792235	12.1179365934338	Tail	67
#000000	0.45098877965007	10.9604556604289	Head	67
#000000	0.347093421258032	13.2698842387646	Head	67
#000000	0.485083489669487	11.1227688615676	Head	67
#0000FF	0.268222447126173	10.9724739701487	Tail	67
#000000	0.298259510649368	12.3627659745514	Head	67
#0000FF	0.178165602954105	13.9746080110781	Tail	67
#000000	0.129363013422117	12.8799138822593	Head	68
#0000FF	0.491179468217306	10.7960236144718	Tail	68
#000000	0.310682862987742	12.0111816626042	Head	68
#0000FF	0.267514863624238	15.6448958544992	Tail	68
#FF0000	0.211286671101116	11.9666386979166	Stand	68
#000000	0.450123270615004	15.144731732551	Head	68
#0000FF	0.192045932393521	15.3326178579126	Tail	68
#0000FF	0.154119640346617	12.9481328621041	Tail	68
#0000FF	0.0953226175531745	11.4033802569378	Tail	68
#0000FF	0.0960858731903136	9.34733858932741	Tail	68
#FF0000	0.25102130276151	15.4953384655062	Stand	68
#0000FF	0.136482464256696	10.5495854198001	Tail	68
#0000FF	0.118127394807525	8.67362045808695	Tail	68
#0000FF	0.347188194040209	15.5922701322939	Tail	68
#000000	0.0338318137126043	13.8206509327516	Head	68
#0000FF	0.36042654373683	9.30989550566301	Tail	68
#000000	0.18594431922771	12.4844203173183	Head	68
#000000	0.214471998964436	15.6419116607402	Head	68
#000000	0.420475661978126	12.7667701543309	Head	68
#FF0000	0.469428674075753	11.3551801976282	Stand	68
#0000FF	0.151264165053144	13.2535691387486	Tail	68
#0000FF	0.490552396853454	10.6946008133236	Tail	68
#0000FF	0.374197214134038	10.6002160847653	Tail	68
#FF0000	0.353187541002408	9.91418752386235	Stand	68
#0000FF	0.0364219713862985	11.0820131535176	Tail	68
#0000FF	0.207610067320056	15.8769097870681	Tail	68
#0000FF	0.248922689924948	9.40277794641442	Tail	68
#0000FF	0.290126631841995	8.91014319909736	Tail	68
#000000	0.359130797432736	9.30687388069928	Head	68
#000000	0.467841769210063	13.5820553917903	Head	68
#FF0000	0.319175613685511	13.0302005704492	Stand	68
#FF0000	0.224210754376836	15.152874113759	Stand	68
#0000FF	0.28104018360842	13.4493929223623	Tail	68
#0000FF	0.0392392442934215	13.9492063558195	Tail	68
#000000	0.14042842852883	12.2648586610798	Head	68
#0000FF	0.208575976653956	13.3467399074696	Tail	68
#0000FF	0.108872368340381	14.6100825891364	Tail	68
#000000	0.425963781415485	14.3329961032607	Head	68
#000000	0.0864436114113778	15.8426109554712	Head	68
#000000	0.411709271012805	11.627565982705	Head	68
#000000	0.283413078277372	10.631277176179	Head	68
#000000	0.341158821005374	11.3939046303742	Head	68
#000000	0.0958492469415069	8.28164347228594	Head	68
#000000	0.326527679911815	9.63402628726326	Head	68
#000000	0.165934873386286	14.7732886873186	Head	68
#000000	0.372277173204348	10.0030619000085	Head	68
#000000	0.209469912331551	10.0649796540849	Head	68
#0000FF	0.494678205568343	8.79819108960219	Tail	68
#000000	0.493699185308069	10.1166446886491	Head	68
#0000FF	0.373351269508712	13.9106546031311	Tail	68
#000000	0.138608373226598	14.8101346877869	Head	68
#000000	0.120893967328593	12.080712683266	Head	68
#0000FF	0.306522825839929	11.2256904327776	Tail	68
#000000	0.143760716067627	10.1223021543585	Head	68
#0000FF	0.275535199432634	9.06655239816755	Tail	68
#000000	0.402645835643634	11.2419565949123	Head	68
#000000	0.0940304052690044	12.6610954490956	Head	68
#0000FF	0.212199590508826	9.89176354990341	Tail	68
#0000FF	0.245788138816133	11.6691904157866	Tail	68
#000000	0.444053403441794	9.90032721604221	Head	68
#0000FF	0.47285397792235	12.1179365934338	Tail	68
#000000	0.45098877965007	10.9604556604289	Head	68
#000000	0.347093421258032	13.2698842387646	Head	68
#000000	0.485083489669487	11.1227688615676	Head	68
#0000FF	0.268222447126173	10.9724739701487	Tail	68
#000000	0.298259510649368	12.3627659745514	Head	68
#0000FF	0.178165602954105	13.9746080110781	Tail	68
#0000FF	0.18366231570486	9.92460291502066	Tail	68
#000000	0.129363013422117	12.8799138822593	Head	69
#0000FF	0.491179468217306	10.7960236144718	Tail	69
#000000	0.310682862987742	12.0111816626042	Head	69
#0000FF	0.267514863624238	15.6448958544992	Tail	69
#FF0000	0.211286671101116	11.9666386979166	Stand	69
#000000	0.450123270615004	15.144731732551	Head	69
#0000FF	0.192045932393521	15.3326178579126	Tail	69
#0000FF	0.154119640346617	12.9481328621041	Tail	69
#0000FF	0.0953226175531745	11.4033802569378	Tail	69
#0000FF	0.0960858731903136	9.34733858932741	Tail	69
#FF0000	0.25102130276151	15.4953384655062	Stand	69
#0000FF	0.136482464256696	10.5495854198001	Tail	69
#0000FF	0.118127394807525	8.67362045808695	Tail	69
#0000FF	0.347188194040209	15.5922701322939	Tail	69
#000000	0.0338318137126043	13.8206509327516	Head	69
#0000FF	0.36042654373683	9.30989550566301	Tail	69
#000000	0.18594431922771	12.4844203173183	Head	69
#000000	0.214471998964436	15.6419116607402	Head	69
#000000	0.420475661978126	12.7667701543309	Head	69
#FF0000	0.469428674075753	11.3551801976282	Stand	69
#0000FF	0.151264165053144	13.2535691387486	Tail	69
#0000FF	0.490552396853454	10.6946008133236	Tail	69
#0000FF	0.374197214134038	10.6002160847653	Tail	69
#FF0000	0.353187541002408	9.91418752386235	Stand	69
#0000FF	0.0364219713862985	11.0820131535176	Tail	69
#0000FF	0.207610067320056	15.8769097870681	Tail	69
#0000FF	0.248922689924948	9.40277794641442	Tail	69
#0000FF	0.290126631841995	8.91014319909736	Tail	69
#000000	0.359130797432736	9.30687388069928	Head	69
#000000	0.467841769210063	13.5820553917903	Head	69
#FF0000	0.319175613685511	13.0302005704492	Stand	69
#FF0000	0.224210754376836	15.152874113759	Stand	69
#0000FF	0.28104018360842	13.4493929223623	Tail	69
#0000FF	0.0392392442934215	13.9492063558195	Tail	69
#000000	0.14042842852883	12.2648586610798	Head	69
#0000FF	0.208575976653956	13.3467399074696	Tail	69
#0000FF	0.108872368340381	14.6100825891364	Tail	69
#000000	0.425963781415485	14.3329961032607	Head	69
#000000	0.0864436114113778	15.8426109554712	Head	69
#000000	0.411709271012805	11.627565982705	Head	69
#000000	0.283413078277372	10.631277176179	Head	69
#000000	0.341158821005374	11.3939046303742	Head	69
#000000	0.0958492469415069	8.28164347228594	Head	69
#000000	0.326527679911815	9.63402628726326	Head	69
#000000	0.165934873386286	14.7732886873186	Head	69
#000000	0.372277173204348	10.0030619000085	Head	69
#000000	0.209469912331551	10.0649796540849	Head	69
#0000FF	0.494678205568343	8.79819108960219	Tail	69
#000000	0.493699185308069	10.1166446886491	Head	69
#0000FF	0.373351269508712	13.9106546031311	Tail	69
#000000	0.138608373226598	14.8101346877869	Head	69
#000000	0.120893967328593	12.080712683266	Head	69
#0000FF	0.306522825839929	11.2256904327776	Tail	69
#000000	0.143760716067627	10.1223021543585	Head	69
#0000FF	0.275535199432634	9.06655239816755	Tail	69
#000000	0.402645835643634	11.2419565949123	Head	69
#000000	0.0940304052690044	12.6610954490956	Head	69
#0000FF	0.212199590508826	9.89176354990341	Tail	69
#0000FF	0.245788138816133	11.6691904157866	Tail	69
#000000	0.444053403441794	9.90032721604221	Head	69
#0000FF	0.47285397792235	12.1179365934338	Tail	69
#000000	0.45098877965007	10.9604556604289	Head	69
#000000	0.347093421258032	13.2698842387646	Head	69
#000000	0.485083489669487	11.1227688615676	Head	69
#0000FF	0.268222447126173	10.9724739701487	Tail	69
#000000	0.298259510649368	12.3627659745514	Head	69
#0000FF	0.178165602954105	13.9746080110781	Tail	69
#0000FF	0.18366231570486	9.92460291502066	Tail	69
#0000FF	0.0200121502764523	11.4194197251927	Tail	69
#000000	0.129363013422117	12.8799138822593	Head	70
#0000FF	0.491179468217306	10.7960236144718	Tail	70
#000000	0.310682862987742	12.0111816626042	Head	70
#0000FF	0.267514863624238	15.6448958544992	Tail	70
#FF0000	0.211286671101116	11.9666386979166	Stand	70
#000000	0.450123270615004	15.144731732551	Head	70
#0000FF	0.192045932393521	15.3326178579126	Tail	70
#0000FF	0.154119640346617	12.9481328621041	Tail	70
#0000FF	0.0953226175531745	11.4033802569378	Tail	70
#0000FF	0.0960858731903136	9.34733858932741	Tail	70
#FF0000	0.25102130276151	15.4953384655062	Stand	70
#0000FF	0.136482464256696	10.5495854198001	Tail	70
#0000FF	0.118127394807525	8.67362045808695	Tail	70
#0000FF	0.347188194040209	15.5922701322939	Tail	70
#000000	0.0338318137126043	13.8206509327516	Head	70
#0000FF	0.36042654373683	9.30989550566301	Tail	70
#000000	0.18594431922771	12.4844203173183	Head	70
#000000	0.214471998964436	15.6419116607402	Head	70
#000000	0.420475661978126	12.7667701543309	Head	70
#FF0000	0.469428674075753	11.3551801976282	Stand	70
#0000FF	0.151264165053144	13.2535691387486	Tail	70
#0000FF	0.490552396853454	10.6946008133236	Tail	70
#0000FF	0.374197214134038	10.6002160847653	Tail	70
#FF0000	0.353187541002408	9.91418752386235	Stand	70
#0000FF	0.0364219713862985	11.0820131535176	Tail	70
#0000FF	0.207610067320056	15.8769097870681	Tail	70
#0000FF	0.248922689924948	9.40277794641442	Tail	70
#0000FF	0.290126631841995	8.91014319909736	Tail	70
#000000	0.359130797432736	9.30687388069928	Head	70
#000000	0.467841769210063	13.5820553917903	Head	70
#FF0000	0.319175613685511	13.0302005704492	Stand	70
#FF0000	0.224210754376836	15.152874113759	Stand	70
#0000FF	0.28104018360842	13.4493929223623	Tail	70
#0000FF	0.0392392442934215	13.9492063558195	Tail	70
#000000	0.14042842852883	12.2648586610798	Head	70
#0000FF	0.208575976653956	13.3467399074696	Tail	70
#0000FF	0.108872368340381	14.6100825891364	Tail	70
#000000	0.425963781415485	14.3329961032607	Head	70
#000000	0.0864436114113778	15.8426109554712	Head	70
#000000	0.411709271012805	11.627565982705	Head	70
#000000	0.283413078277372	10.631277176179	Head	70
#000000	0.341158821005374	11.3939046303742	Head	70
#000000	0.0958492469415069	8.28164347228594	Head	70
#000000	0.326527679911815	9.63402628726326	Head	70
#000000	0.165934873386286	14.7732886873186	Head	70
#000000	0.372277173204348	10.0030619000085	Head	70
#000000	0.209469912331551	10.0649796540849	Head	70
#0000FF	0.494678205568343	8.79819108960219	Tail	70
#000000	0.493699185308069	10.1166446886491	Head	70
#0000FF	0.373351269508712	13.9106546031311	Tail	70
#000000	0.138608373226598	14.8101346877869	Head	70
#000000	0.120893967328593	12.080712683266	Head	70
#0000FF	0.306522825839929	11.2256904327776	Tail	70
#000000	0.143760716067627	10.1223021543585	Head	70
#0000FF	0.275535199432634	9.06655239816755	Tail	70
#000000	0.402645835643634	11.2419565949123	Head	70
#000000	0.0940304052690044	12.6610954490956	Head	70
#0000FF	0.212199590508826	9.89176354990341	Tail	70
#0000FF	0.245788138816133	11.6691904157866	Tail	70
#000000	0.444053403441794	9.90032721604221	Head	70
#0000FF	0.47285397792235	12.1179365934338	Tail	70
#000000	0.45098877965007	10.9604556604289	Head	70
#000000	0.347093421258032	13.2698842387646	Head	70
#000000	0.485083489669487	11.1227688615676	Head	70
#0000FF	0.268222447126173	10.9724739701487	Tail	70
#000000	0.298259510649368	12.3627659745514	Head	70
#0000FF	0.178165602954105	13.9746080110781	Tail	70
#0000FF	0.18366231570486	9.92460291502066	Tail	70
#0000FF	0.0200121502764523	11.4194197251927	Tail	70
#000000	0.261406522816978	10.2723561574239	Head	70
#000000	0.129363013422117	12.8799138822593	Head	71
#0000FF	0.491179468217306	10.7960236144718	Tail	71
#000000	0.310682862987742	12.0111816626042	Head	71
#0000FF	0.267514863624238	15.6448958544992	Tail	71
#FF0000	0.211286671101116	11.9666386979166	Stand	71
#000000	0.450123270615004	15.144731732551	Head	71
#0000FF	0.192045932393521	15.3326178579126	Tail	71
#0000FF	0.154119640346617	12.9481328621041	Tail	71
#0000FF	0.0953226175531745	11.4033802569378	Tail	71
#0000FF	0.0960858731903136	9.34733858932741	Tail	71
#FF0000	0.25102130276151	15.4953384655062	Stand	71
#0000FF	0.136482464256696	10.5495854198001	Tail	71
#0000FF	0.118127394807525	8.67362045808695	Tail	71
#0000FF	0.347188194040209	15.5922701322939	Tail	71
#000000	0.0338318137126043	13.8206509327516	Head	71
#0000FF	0.36042654373683	9.30989550566301	Tail	71
#000000	0.18594431922771	12.4844203173183	Head	71
#000000	0.214471998964436	15.6419116607402	Head	71
#000000	0.420475661978126	12.7667701543309	Head	71
#FF0000	0.469428674075753	11.3551801976282	Stand	71
#0000FF	0.151264165053144	13.2535691387486	Tail	71
#0000FF	0.490552396853454	10.6946008133236	Tail	71
#0000FF	0.374197214134038	10.6002160847653	Tail	71
#FF0000	0.353187541002408	9.91418752386235	Stand	71
#0000FF	0.0364219713862985	11.0820131535176	Tail	71
#0000FF	0.207610067320056	15.8769097870681	Tail	71
#0000FF	0.248922689924948	9.40277794641442	Tail	71
#0000FF	0.290126631841995	8.91014319909736	Tail	71
#000000	0.359130797432736	9.30687388069928	Head	71
#000000	0.467841769210063	13.5820553917903	Head	71
#FF0000	0.319175613685511	13.0302005704492	Stand	71
#FF0000	0.224210754376836	15.152874113759	Stand	71
#0000FF	0.28104018360842	13.4493929223623	Tail	71
#0000FF	0.0392392442934215	13.9492063558195	Tail	71
#000000	0.14042842852883	12.2648586610798	Head	71
#0000FF	0.208575976653956	13.3467399074696	Tail	71
#0000FF	0.108872368340381	14.6100825891364	Tail	71
#000000	0.425963781415485	14.3329961032607	Head	71
#000000	0.0864436114113778	15.8426109554712	Head	71
#000000	0.411709271012805	11.627565982705	Head	71
#000000	0.283413078277372	10.631277176179	Head	71
#000000	0.341158821005374	11.3939046303742	Head	71
#000000	0.0958492469415069	8.28164347228594	Head	71
#000000	0.326527679911815	9.63402628726326	Head	71
#000000	0.165934873386286	14.7732886873186	Head	71
#000000	0.372277173204348	10.0030619000085	Head	71
#000000	0.209469912331551	10.0649796540849	Head	71
#0000FF	0.494678205568343	8.79819108960219	Tail	71
#000000	0.493699185308069	10.1166446886491	Head	71
#0000FF	0.373351269508712	13.9106546031311	Tail	71
#000000	0.138608373226598	14.8101346877869	Head	71
#000000	0.120893967328593	12.080712683266	Head	71
#0000FF	0.306522825839929	11.2256904327776	Tail	71
#000000	0.143760716067627	10.1223021543585	Head	71
#0000FF	0.275535199432634	9.06655239816755	Tail	71
#000000	0.402645835643634	11.2419565949123	Head	71
#000000	0.0940304052690044	12.6610954490956	Head	71
#0000FF	0.212199590508826	9.89176354990341	Tail	71
#0000FF	0.245788138816133	11.6691904157866	Tail	71
#000000	0.444053403441794	9.90032721604221	Head	71
#0000FF	0.47285397792235	12.1179365934338	Tail	71
#000000	0.45098877965007	10.9604556604289	Head	71
#000000	0.347093421258032	13.2698842387646	Head	71
#000000	0.485083489669487	11.1227688615676	Head	71
#0000FF	0.268222447126173	10.9724739701487	Tail	71
#000000	0.298259510649368	12.3627659745514	Head	71
#0000FF	0.178165602954105	13.9746080110781	Tail	71
#0000FF	0.18366231570486	9.92460291502066	Tail	71
#0000FF	0.0200121502764523	11.4194197251927	Tail	71
#000000	0.261406522816978	10.2723561574239	Head	71
#0000FF	0.445521706822328	13.1137898170389	Tail	71
#000000	0.129363013422117	12.8799138822593	Head	72
#0000FF	0.491179468217306	10.7960236144718	Tail	72
#000000	0.310682862987742	12.0111816626042	Head	72
#0000FF	0.267514863624238	15.6448958544992	Tail	72
#FF0000	0.211286671101116	11.9666386979166	Stand	72
#000000	0.450123270615004	15.144731732551	Head	72
#0000FF	0.192045932393521	15.3326178579126	Tail	72
#0000FF	0.154119640346617	12.9481328621041	Tail	72
#0000FF	0.0953226175531745	11.4033802569378	Tail	72
#0000FF	0.0960858731903136	9.34733858932741	Tail	72
#FF0000	0.25102130276151	15.4953384655062	Stand	72
#0000FF	0.136482464256696	10.5495854198001	Tail	72
#0000FF	0.118127394807525	8.67362045808695	Tail	72
#0000FF	0.347188194040209	15.5922701322939	Tail	72
#000000	0.0338318137126043	13.8206509327516	Head	72
#0000FF	0.36042654373683	9.30989550566301	Tail	72
#000000	0.18594431922771	12.4844203173183	Head	72
#000000	0.214471998964436	15.6419116607402	Head	72
#000000	0.420475661978126	12.7667701543309	Head	72
#FF0000	0.469428674075753	11.3551801976282	Stand	72
#0000FF	0.151264165053144	13.2535691387486	Tail	72
#0000FF	0.490552396853454	10.6946008133236	Tail	72
#0000FF	0.374197214134038	10.6002160847653	Tail	72
#FF0000	0.353187541002408	9.91418752386235	Stand	72
#0000FF	0.0364219713862985	11.0820131535176	Tail	72
#0000FF	0.207610067320056	15.8769097870681	Tail	72
#0000FF	0.248922689924948	9.40277794641442	Tail	72
#0000FF	0.290126631841995	8.91014319909736	Tail	72
#000000	0.359130797432736	9.30687388069928	Head	72
#000000	0.467841769210063	13.5820553917903	Head	72
#FF0000	0.319175613685511	13.0302005704492	Stand	72
#FF0000	0.224210754376836	15.152874113759	Stand	72
#0000FF	0.28104018360842	13.4493929223623	Tail	72
#0000FF	0.0392392442934215	13.9492063558195	Tail	72
#000000	0.14042842852883	12.2648586610798	Head	72
#0000FF	0.208575976653956	13.3467399074696	Tail	72
#0000FF	0.108872368340381	14.6100825891364	Tail	72
#000000	0.425963781415485	14.3329961032607	Head	72
#000000	0.0864436114113778	15.8426109554712	Head	72
#000000	0.411709271012805	11.627565982705	Head	72
#000000	0.283413078277372	10.631277176179	Head	72
#000000	0.341158821005374	11.3939046303742	Head	72
#000000	0.0958492469415069	8.28164347228594	Head	72
#000000	0.326527679911815	9.63402628726326	Head	72
#000000	0.165934873386286	14.7732886873186	Head	72
#000000	0.372277173204348	10.0030619000085	Head	72
#000000	0.209469912331551	10.0649796540849	Head	72
#0000FF	0.494678205568343	8.79819108960219	Tail	72
#000000	0.493699185308069	10.1166446886491	Head	72
#0000FF	0.373351269508712	13.9106546031311	Tail	72
#000000	0.138608373226598	14.8101346877869	Head	72
#000000	0.120893967328593	12.080712683266	Head	72
#0000FF	0.306522825839929	11.2256904327776	Tail	72
#000000	0.143760716067627	10.1223021543585	Head	72
#0000FF	0.275535199432634	9.06655239816755	Tail	72
#000000	0.402645835643634	11.2419565949123	Head	72
#000000	0.0940304052690044	12.6610954490956	Head	72
#0000FF	0.212199590508826	9.89176354990341	Tail	72
#0000FF	0.245788138816133	11.6691904157866	Tail	72
#000000	0.444053403441794	9.90032721604221	Head	72
#0000FF	0.47285397792235	12.1179365934338	Tail	72
#000000	0.45098877965007	10.9604556604289	Head	72
#000000	0.347093421258032	13.2698842387646	Head	72
#000000	0.485083489669487	11.1227688615676	Head	72
#0000FF	0.268222447126173	10.9724739701487	Tail	72
#000000	0.298259510649368	12.3627659745514	Head	72
#0000FF	0.178165602954105	13.9746080110781	Tail	72
#0000FF	0.18366231570486	9.92460291502066	Tail	72
#0000FF	0.0200121502764523	11.4194197251927	Tail	72
#000000	0.261406522816978	10.2723561574239	Head	72
#0000FF	0.445521706822328	13.1137898170389	Tail	72
#0000FF	0.0131503919744864	9.63386222813278	Tail	72
#000000	0.129363013422117	12.8799138822593	Head	73
#0000FF	0.491179468217306	10.7960236144718	Tail	73
#000000	0.310682862987742	12.0111816626042	Head	73
#0000FF	0.267514863624238	15.6448958544992	Tail	73
#FF0000	0.211286671101116	11.9666386979166	Stand	73
#000000	0.450123270615004	15.144731732551	Head	73
#0000FF	0.192045932393521	15.3326178579126	Tail	73
#0000FF	0.154119640346617	12.9481328621041	Tail	73
#0000FF	0.0953226175531745	11.4033802569378	Tail	73
#0000FF	0.0960858731903136	9.34733858932741	Tail	73
#FF0000	0.25102130276151	15.4953384655062	Stand	73
#0000FF	0.136482464256696	10.5495854198001	Tail	73
#0000FF	0.118127394807525	8.67362045808695	Tail	73
#0000FF	0.347188194040209	15.5922701322939	Tail	73
#000000	0.0338318137126043	13.8206509327516	Head	73
#0000FF	0.36042654373683	9.30989550566301	Tail	73
#000000	0.18594431922771	12.4844203173183	Head	73
#000000	0.214471998964436	15.6419116607402	Head	73
#000000	0.420475661978126	12.7667701543309	Head	73
#FF0000	0.469428674075753	11.3551801976282	Stand	73
#0000FF	0.151264165053144	13.2535691387486	Tail	73
#0000FF	0.490552396853454	10.6946008133236	Tail	73
#0000FF	0.374197214134038	10.6002160847653	Tail	73
#FF0000	0.353187541002408	9.91418752386235	Stand	73
#0000FF	0.0364219713862985	11.0820131535176	Tail	73
#0000FF	0.207610067320056	15.8769097870681	Tail	73
#0000FF	0.248922689924948	9.40277794641442	Tail	73
#0000FF	0.290126631841995	8.91014319909736	Tail	73
#000000	0.359130797432736	9.30687388069928	Head	73
#000000	0.467841769210063	13.5820553917903	Head	73
#FF0000	0.319175613685511	13.0302005704492	Stand	73
#FF0000	0.224210754376836	15.152874113759	Stand	73
#0000FF	0.28104018360842	13.4493929223623	Tail	73
#0000FF	0.0392392442934215	13.9492063558195	Tail	73
#000000	0.14042842852883	12.2648586610798	Head	73
#0000FF	0.208575976653956	13.3467399074696	Tail	73
#0000FF	0.108872368340381	14.6100825891364	Tail	73
#000000	0.425963781415485	14.3329961032607	Head	73
#000000	0.0864436114113778	15.8426109554712	Head	73
#000000	0.411709271012805	11.627565982705	Head	73
#000000	0.283413078277372	10.631277176179	Head	73
#000000	0.341158821005374	11.3939046303742	Head	73
#000000	0.0958492469415069	8.28164347228594	Head	73
#000000	0.326527679911815	9.63402628726326	Head	73
#000000	0.165934873386286	14.7732886873186	Head	73
#000000	0.372277173204348	10.0030619000085	Head	73
#000000	0.209469912331551	10.0649796540849	Head	73
#0000FF	0.494678205568343	8.79819108960219	Tail	73
#000000	0.493699185308069	10.1166446886491	Head	73
#0000FF	0.373351269508712	13.9106546031311	Tail	73
#000000	0.138608373226598	14.8101346877869	Head	73
#000000	0.120893967328593	12.080712683266	Head	73
#0000FF	0.306522825839929	11.2256904327776	Tail	73
#000000	0.143760716067627	10.1223021543585	Head	73
#0000FF	0.275535199432634	9.06655239816755	Tail	73
#000000	0.402645835643634	11.2419565949123	Head	73
#000000	0.0940304052690044	12.6610954490956	Head	73
#0000FF	0.212199590508826	9.89176354990341	Tail	73
#0000FF	0.245788138816133	11.6691904157866	Tail	73
#000000	0.444053403441794	9.90032721604221	Head	73
#0000FF	0.47285397792235	12.1179365934338	Tail	73
#000000	0.45098877965007	10.9604556604289	Head	73
#000000	0.347093421258032	13.2698842387646	Head	73
#000000	0.485083489669487	11.1227688615676	Head	73
#0000FF	0.268222447126173	10.9724739701487	Tail	73
#000000	0.298259510649368	12.3627659745514	Head	73
#0000FF	0.178165602954105	13.9746080110781	Tail	73
#0000FF	0.18366231570486	9.92460291502066	Tail	73
#0000FF	0.0200121502764523	11.4194197251927	Tail	73
#000000	0.261406522816978	10.2723561574239	Head	73
#0000FF	0.445521706822328	13.1137898170389	Tail	73
#0000FF	0.0131503919744864	9.63386222813278	Tail	73
#0000FF	0.0460285619972274	14.9364240691997	Tail	73
#000000	0.129363013422117	12.8799138822593	Head	74
#0000FF	0.491179468217306	10.7960236144718	Tail	74
#000000	0.310682862987742	12.0111816626042	Head	74
#0000FF	0.267514863624238	15.6448958544992	Tail	74
#FF0000	0.211286671101116	11.9666386979166	Stand	74
#000000	0.450123270615004	15.144731732551	Head	74
#0000FF	0.192045932393521	15.3326178579126	Tail	74
#0000FF	0.154119640346617	12.9481328621041	Tail	74
#0000FF	0.0953226175531745	11.4033802569378	Tail	74
#0000FF	0.0960858731903136	9.34733858932741	Tail	74
#FF0000	0.25102130276151	15.4953384655062	Stand	74
#0000FF	0.136482464256696	10.5495854198001	Tail	74
#0000FF	0.118127394807525	8.67362045808695	Tail	74
#0000FF	0.347188194040209	15.5922701322939	Tail	74
#000000	0.0338318137126043	13.8206509327516	Head	74
#0000FF	0.36042654373683	9.30989550566301	Tail	74
#000000	0.18594431922771	12.4844203173183	Head	74
#000000	0.214471998964436	15.6419116607402	Head	74
#000000	0.420475661978126	12.7667701543309	Head	74
#FF0000	0.469428674075753	11.3551801976282	Stand	74
#0000FF	0.151264165053144	13.2535691387486	Tail	74
#0000FF	0.490552396853454	10.6946008133236	Tail	74
#0000FF	0.374197214134038	10.6002160847653	Tail	74
#FF0000	0.353187541002408	9.91418752386235	Stand	74
#0000FF	0.0364219713862985	11.0820131535176	Tail	74
#0000FF	0.207610067320056	15.8769097870681	Tail	74
#0000FF	0.248922689924948	9.40277794641442	Tail	74
#0000FF	0.290126631841995	8.91014319909736	Tail	74
#000000	0.359130797432736	9.30687388069928	Head	74
#000000	0.467841769210063	13.5820553917903	Head	74
#FF0000	0.319175613685511	13.0302005704492	Stand	74
#FF0000	0.224210754376836	15.152874113759	Stand	74
#0000FF	0.28104018360842	13.4493929223623	Tail	74
#0000FF	0.0392392442934215	13.9492063558195	Tail	74
#000000	0.14042842852883	12.2648586610798	Head	74
#0000FF	0.208575976653956	13.3467399074696	Tail	74
#0000FF	0.108872368340381	14.6100825891364	Tail	74
#000000	0.425963781415485	14.3329961032607	Head	74
#000000	0.0864436114113778	15.8426109554712	Head	74
#000000	0.411709271012805	11.627565982705	Head	74
#000000	0.283413078277372	10.631277176179	Head	74
#000000	0.341158821005374	11.3939046303742	Head	74
#000000	0.0958492469415069	8.28164347228594	Head	74
#000000	0.326527679911815	9.63402628726326	Head	74
#000000	0.165934873386286	14.7732886873186	Head	74
#000000	0.372277173204348	10.0030619000085	Head	74
#000000	0.209469912331551	10.0649796540849	Head	74
#0000FF	0.494678205568343	8.79819108960219	Tail	74
#000000	0.493699185308069	10.1166446886491	Head	74
#0000FF	0.373351269508712	13.9106546031311	Tail	74
#000000	0.138608373226598	14.8101346877869	Head	74
#000000	0.120893967328593	12.080712683266	Head	74
#0000FF	0.306522825839929	11.2256904327776	Tail	74
#000000	0.143760716067627	10.1223021543585	Head	74
#0000FF	0.275535199432634	9.06655239816755	Tail	74
#000000	0.402645835643634	11.2419565949123	Head	74
#000000	0.0940304052690044	12.6610954490956	Head	74
#0000FF	0.212199590508826	9.89176354990341	Tail	74
#0000FF	0.245788138816133	11.6691904157866	Tail	74
#000000	0.444053403441794	9.90032721604221	Head	74
#0000FF	0.47285397792235	12.1179365934338	Tail	74
#000000	0.45098877965007	10.9604556604289	Head	74
#000000	0.347093421258032	13.2698842387646	Head	74
#000000	0.485083489669487	11.1227688615676	Head	74
#0000FF	0.268222447126173	10.9724739701487	Tail	74
#000000	0.298259510649368	12.3627659745514	Head	74
#0000FF	0.178165602954105	13.9746080110781	Tail	74
#0000FF	0.18366231570486	9.92460291502066	Tail	74
#0000FF	0.0200121502764523	11.4194197251927	Tail	74
#000000	0.261406522816978	10.2723561574239	Head	74
#0000FF	0.445521706822328	13.1137898170389	Tail	74
#0000FF	0.0131503919744864	9.63386222813278	Tail	74
#0000FF	0.0460285619972274	14.9364240691997	Tail	74
#000000	0.0921056124987081	14.0232304322533	Head	74
#000000	0.129363013422117	12.8799138822593	Head	75
#0000FF	0.491179468217306	10.7960236144718	Tail	75
#000000	0.310682862987742	12.0111816626042	Head	75
#0000FF	0.267514863624238	15.6448958544992	Tail	75
#FF0000	0.211286671101116	11.9666386979166	Stand	75
#000000	0.450123270615004	15.144731732551	Head	75
#0000FF	0.192045932393521	15.3326178579126	Tail	75
#0000FF	0.154119640346617	12.9481328621041	Tail	75
#0000FF	0.0953226175531745	11.4033802569378	Tail	75
#0000FF	0.0960858731903136	9.34733858932741	Tail	75
#FF0000	0.25102130276151	15.4953384655062	Stand	75
#0000FF	0.136482464256696	10.5495854198001	Tail	75
#0000FF	0.118127394807525	8.67362045808695	Tail	75
#0000FF	0.347188194040209	15.5922701322939	Tail	75
#000000	0.0338318137126043	13.8206509327516	Head	75
#0000FF	0.36042654373683	9.30989550566301	Tail	75
#000000	0.18594431922771	12.4844203173183	Head	75
#000000	0.214471998964436	15.6419116607402	Head	75
#000000	0.420475661978126	12.7667701543309	Head	75
#FF0000	0.469428674075753	11.3551801976282	Stand	75
#0000FF	0.151264165053144	13.2535691387486	Tail	75
#0000FF	0.490552396853454	10.6946008133236	Tail	75
#0000FF	0.374197214134038	10.6002160847653	Tail	75
#FF0000	0.353187541002408	9.91418752386235	Stand	75
#0000FF	0.0364219713862985	11.0820131535176	Tail	75
#0000FF	0.207610067320056	15.8769097870681	Tail	75
#0000FF	0.248922689924948	9.40277794641442	Tail	75
#0000FF	0.290126631841995	8.91014319909736	Tail	75
#000000	0.359130797432736	9.30687388069928	Head	75
#000000	0.467841769210063	13.5820553917903	Head	75
#FF0000	0.319175613685511	13.0302005704492	Stand	75
#FF0000	0.224210754376836	15.152874113759	Stand	75
#0000FF	0.28104018360842	13.4493929223623	Tail	75
#0000FF	0.0392392442934215	13.9492063558195	Tail	75
#000000	0.14042842852883	12.2648586610798	Head	75
#0000FF	0.208575976653956	13.3467399074696	Tail	75
#0000FF	0.108872368340381	14.6100825891364	Tail	75
#000000	0.425963781415485	14.3329961032607	Head	75
#000000	0.0864436114113778	15.8426109554712	Head	75
#000000	0.411709271012805	11.627565982705	Head	75
#000000	0.283413078277372	10.631277176179	Head	75
#000000	0.341158821005374	11.3939046303742	Head	75
#000000	0.0958492469415069	8.28164347228594	Head	75
#000000	0.326527679911815	9.63402628726326	Head	75
#000000	0.165934873386286	14.7732886873186	Head	75
#000000	0.372277173204348	10.0030619000085	Head	75
#000000	0.209469912331551	10.0649796540849	Head	75
#0000FF	0.494678205568343	8.79819108960219	Tail	75
#000000	0.493699185308069	10.1166446886491	Head	75
#0000FF	0.373351269508712	13.9106546031311	Tail	75
#000000	0.138608373226598	14.8101346877869	Head	75
#000000	0.120893967328593	12.080712683266	Head	75
#0000FF	0.306522825839929	11.2256904327776	Tail	75
#000000	0.143760716067627	10.1223021543585	Head	75
#0000FF	0.275535199432634	9.06655239816755	Tail	75
#000000	0.402645835643634	11.2419565949123	Head	75
#000000	0.0940304052690044	12.6610954490956	Head	75
#0000FF	0.212199590508826	9.89176354990341	Tail	75
#0000FF	0.245788138816133	11.6691904157866	Tail	75
#000000	0.444053403441794	9.90032721604221	Head	75
#0000FF	0.47285397792235	12.1179365934338	Tail	75
#000000	0.45098877965007	10.9604556604289	Head	75
#000000	0.347093421258032	13.2698842387646	Head	75
#000000	0.485083489669487	11.1227688615676	Head	75
#0000FF	0.268222447126173	10.9724739701487	Tail	75
#000000	0.298259510649368	12.3627659745514	Head	75
#0000FF	0.178165602954105	13.9746080110781	Tail	75
#0000FF	0.18366231570486	9.92460291502066	Tail	75
#0000FF	0.0200121502764523	11.4194197251927	Tail	75
#000000	0.261406522816978	10.2723561574239	Head	75
#0000FF	0.445521706822328	13.1137898170389	Tail	75
#0000FF	0.0131503919744864	9.63386222813278	Tail	75
#0000FF	0.0460285619972274	14.9364240691997	Tail	75
#000000	0.0921056124987081	14.0232304322533	Head	75
#0000FF	0.395167037136853	13.4126202678774	Tail	75
#000000	0.129363013422117	12.8799138822593	Head	76
#0000FF	0.491179468217306	10.7960236144718	Tail	76
#000000	0.310682862987742	12.0111816626042	Head	76
#0000FF	0.267514863624238	15.6448958544992	Tail	76
#FF0000	0.211286671101116	11.9666386979166	Stand	76
#000000	0.450123270615004	15.144731732551	Head	76
#0000FF	0.192045932393521	15.3326178579126	Tail	76
#0000FF	0.154119640346617	12.9481328621041	Tail	76
#0000FF	0.0953226175531745	11.4033802569378	Tail	76
#0000FF	0.0960858731903136	9.34733858932741	Tail	76
#FF0000	0.25102130276151	15.4953384655062	Stand	76
#0000FF	0.136482464256696	10.5495854198001	Tail	76
#0000FF	0.118127394807525	8.67362045808695	Tail	76
#0000FF	0.347188194040209	15.5922701322939	Tail	76
#000000	0.0338318137126043	13.8206509327516	Head	76
#0000FF	0.36042654373683	9.30989550566301	Tail	76
#000000	0.18594431922771	12.4844203173183	Head	76
#000000	0.214471998964436	15.6419116607402	Head	76
#000000	0.420475661978126	12.7667701543309	Head	76
#FF0000	0.469428674075753	11.3551801976282	Stand	76
#0000FF	0.151264165053144	13.2535691387486	Tail	76
#0000FF	0.490552396853454	10.6946008133236	Tail	76
#0000FF	0.374197214134038	10.6002160847653	Tail	76
#FF0000	0.353187541002408	9.91418752386235	Stand	76
#0000FF	0.0364219713862985	11.0820131535176	Tail	76
#0000FF	0.207610067320056	15.8769097870681	Tail	76
#0000FF	0.248922689924948	9.40277794641442	Tail	76
#0000FF	0.290126631841995	8.91014319909736	Tail	76
#000000	0.359130797432736	9.30687388069928	Head	76
#000000	0.467841769210063	13.5820553917903	Head	76
#FF0000	0.319175613685511	13.0302005704492	Stand	76
#FF0000	0.224210754376836	15.152874113759	Stand	76
#0000FF	0.28104018360842	13.4493929223623	Tail	76
#0000FF	0.0392392442934215	13.9492063558195	Tail	76
#000000	0.14042842852883	12.2648586610798	Head	76
#0000FF	0.208575976653956	13.3467399074696	Tail	76
#0000FF	0.108872368340381	14.6100825891364	Tail	76
#000000	0.425963781415485	14.3329961032607	Head	76
#000000	0.0864436114113778	15.8426109554712	Head	76
#000000	0.411709271012805	11.627565982705	Head	76
#000000	0.283413078277372	10.631277176179	Head	76
#000000	0.341158821005374	11.3939046303742	Head	76
#000000	0.0958492469415069	8.28164347228594	Head	76
#000000	0.326527679911815	9.63402628726326	Head	76
#000000	0.165934873386286	14.7732886873186	Head	76
#000000	0.372277173204348	10.0030619000085	Head	76
#000000	0.209469912331551	10.0649796540849	Head	76
#0000FF	0.494678205568343	8.79819108960219	Tail	76
#000000	0.493699185308069	10.1166446886491	Head	76
#0000FF	0.373351269508712	13.9106546031311	Tail	76
#000000	0.138608373226598	14.8101346877869	Head	76
#000000	0.120893967328593	12.080712683266	Head	76
#0000FF	0.306522825839929	11.2256904327776	Tail	76
#000000	0.143760716067627	10.1223021543585	Head	76
#0000FF	0.275535199432634	9.06655239816755	Tail	76
#000000	0.402645835643634	11.2419565949123	Head	76
#000000	0.0940304052690044	12.6610954490956	Head	76
#0000FF	0.212199590508826	9.89176354990341	Tail	76
#0000FF	0.245788138816133	11.6691904157866	Tail	76
#000000	0.444053403441794	9.90032721604221	Head	76
#0000FF	0.47285397792235	12.1179365934338	Tail	76
#000000	0.45098877965007	10.9604556604289	Head	76
#000000	0.347093421258032	13.2698842387646	Head	76
#000000	0.485083489669487	11.1227688615676	Head	76
#0000FF	0.268222447126173	10.9724739701487	Tail	76
#000000	0.298259510649368	12.3627659745514	Head	76
#0000FF	0.178165602954105	13.9746080110781	Tail	76
#0000FF	0.18366231570486	9.92460291502066	Tail	76
#0000FF	0.0200121502764523	11.4194197251927	Tail	76
#000000	0.261406522816978	10.2723561574239	Head	76
#0000FF	0.445521706822328	13.1137898170389	Tail	76
#0000FF	0.0131503919744864	9.63386222813278	Tail	76
#0000FF	0.0460285619972274	14.9364240691997	Tail	76
#000000	0.0921056124987081	14.0232304322533	Head	76
#0000FF	0.395167037136853	13.4126202678774	Tail	76
#000000	0.377592152906582	13.0205394114368	Head	76
#000000	0.129363013422117	12.8799138822593	Head	77
#0000FF	0.491179468217306	10.7960236144718	Tail	77
#000000	0.310682862987742	12.0111816626042	Head	77
#0000FF	0.267514863624238	15.6448958544992	Tail	77
#FF0000	0.211286671101116	11.9666386979166	Stand	77
#000000	0.450123270615004	15.144731732551	Head	77
#0000FF	0.192045932393521	15.3326178579126	Tail	77
#0000FF	0.154119640346617	12.9481328621041	Tail	77
#0000FF	0.0953226175531745	11.4033802569378	Tail	77
#0000FF	0.0960858731903136	9.34733858932741	Tail	77
#FF0000	0.25102130276151	15.4953384655062	Stand	77
#0000FF	0.136482464256696	10.5495854198001	Tail	77
#0000FF	0.118127394807525	8.67362045808695	Tail	77
#0000FF	0.347188194040209	15.5922701322939	Tail	77
#000000	0.0338318137126043	13.8206509327516	Head	77
#0000FF	0.36042654373683	9.30989550566301	Tail	77
#000000	0.18594431922771	12.4844203173183	Head	77
#000000	0.214471998964436	15.6419116607402	Head	77
#000000	0.420475661978126	12.7667701543309	Head	77
#FF0000	0.469428674075753	11.3551801976282	Stand	77
#0000FF	0.151264165053144	13.2535691387486	Tail	77
#0000FF	0.490552396853454	10.6946008133236	Tail	77
#0000FF	0.374197214134038	10.6002160847653	Tail	77
#FF0000	0.353187541002408	9.91418752386235	Stand	77
#0000FF	0.0364219713862985	11.0820131535176	Tail	77
#0000FF	0.207610067320056	15.8769097870681	Tail	77
#0000FF	0.248922689924948	9.40277794641442	Tail	77
#0000FF	0.290126631841995	8.91014319909736	Tail	77
#000000	0.359130797432736	9.30687388069928	Head	77
#000000	0.467841769210063	13.5820553917903	Head	77
#FF0000	0.319175613685511	13.0302005704492	Stand	77
#FF0000	0.224210754376836	15.152874113759	Stand	77
#0000FF	0.28104018360842	13.4493929223623	Tail	77
#0000FF	0.0392392442934215	13.9492063558195	Tail	77
#000000	0.14042842852883	12.2648586610798	Head	77
#0000FF	0.208575976653956	13.3467399074696	Tail	77
#0000FF	0.108872368340381	14.6100825891364	Tail	77
#000000	0.425963781415485	14.3329961032607	Head	77
#000000	0.0864436114113778	15.8426109554712	Head	77
#000000	0.411709271012805	11.627565982705	Head	77
#000000	0.283413078277372	10.631277176179	Head	77
#000000	0.341158821005374	11.3939046303742	Head	77
#000000	0.0958492469415069	8.28164347228594	Head	77
#000000	0.326527679911815	9.63402628726326	Head	77
#000000	0.165934873386286	14.7732886873186	Head	77
#000000	0.372277173204348	10.0030619000085	Head	77
#000000	0.209469912331551	10.0649796540849	Head	77
#0000FF	0.494678205568343	8.79819108960219	Tail	77
#000000	0.493699185308069	10.1166446886491	Head	77
#0000FF	0.373351269508712	13.9106546031311	Tail	77
#000000	0.138608373226598	14.8101346877869	Head	77
#000000	0.120893967328593	12.080712683266	Head	77
#0000FF	0.306522825839929	11.2256904327776	Tail	77
#000000	0.143760716067627	10.1223021543585	Head	77
#0000FF	0.275535199432634	9.06655239816755	Tail	77
#000000	0.402645835643634	11.2419565949123	Head	77
#000000	0.0940304052690044	12.6610954490956	Head	77
#0000FF	0.212199590508826	9.89176354990341	Tail	77
#0000FF	0.245788138816133	11.6691904157866	Tail	77
#000000	0.444053403441794	9.90032721604221	Head	77
#0000FF	0.47285397792235	12.1179365934338	Tail	77
#000000	0.45098877965007	10.9604556604289	Head	77
#000000	0.347093421258032	13.2698842387646	Head	77
#000000	0.485083489669487	11.1227688615676	Head	77
#0000FF	0.268222447126173	10.9724739701487	Tail	77
#000000	0.298259510649368	12.3627659745514	Head	77
#0000FF	0.178165602954105	13.9746080110781	Tail	77
#0000FF	0.18366231570486	9.92460291502066	Tail	77
#0000FF	0.0200121502764523	11.4194197251927	Tail	77
#000000	0.261406522816978	10.2723561574239	Head	77
#0000FF	0.445521706822328	13.1137898170389	Tail	77
#0000FF	0.0131503919744864	9.63386222813278	Tail	77
#0000FF	0.0460285619972274	14.9364240691997	Tail	77
#000000	0.0921056124987081	14.0232304322533	Head	77
#0000FF	0.395167037136853	13.4126202678774	Tail	77
#000000	0.377592152906582	13.0205394114368	Head	77
#000000	0.495937817837112	11.103456869768	Head	77
#000000	0.129363013422117	12.8799138822593	Head	78
#0000FF	0.491179468217306	10.7960236144718	Tail	78
#000000	0.310682862987742	12.0111816626042	Head	78
#0000FF	0.267514863624238	15.6448958544992	Tail	78
#FF0000	0.211286671101116	11.9666386979166	Stand	78
#000000	0.450123270615004	15.144731732551	Head	78
#0000FF	0.192045932393521	15.3326178579126	Tail	78
#0000FF	0.154119640346617	12.9481328621041	Tail	78
#0000FF	0.0953226175531745	11.4033802569378	Tail	78
#0000FF	0.0960858731903136	9.34733858932741	Tail	78
#FF0000	0.25102130276151	15.4953384655062	Stand	78
#0000FF	0.136482464256696	10.5495854198001	Tail	78
#0000FF	0.118127394807525	8.67362045808695	Tail	78
#0000FF	0.347188194040209	15.5922701322939	Tail	78
#000000	0.0338318137126043	13.8206509327516	Head	78
#0000FF	0.36042654373683	9.30989550566301	Tail	78
#000000	0.18594431922771	12.4844203173183	Head	78
#000000	0.214471998964436	15.6419116607402	Head	78
#000000	0.420475661978126	12.7667701543309	Head	78
#FF0000	0.469428674075753	11.3551801976282	Stand	78
#0000FF	0.151264165053144	13.2535691387486	Tail	78
#0000FF	0.490552396853454	10.6946008133236	Tail	78
#0000FF	0.374197214134038	10.6002160847653	Tail	78
#FF0000	0.353187541002408	9.91418752386235	Stand	78
#0000FF	0.0364219713862985	11.0820131535176	Tail	78
#0000FF	0.207610067320056	15.8769097870681	Tail	78
#0000FF	0.248922689924948	9.40277794641442	Tail	78
#0000FF	0.290126631841995	8.91014319909736	Tail	78
#000000	0.359130797432736	9.30687388069928	Head	78
#000000	0.467841769210063	13.5820553917903	Head	78
#FF0000	0.319175613685511	13.0302005704492	Stand	78
#FF0000	0.224210754376836	15.152874113759	Stand	78
#0000FF	0.28104018360842	13.4493929223623	Tail	78
#0000FF	0.0392392442934215	13.9492063558195	Tail	78
#000000	0.14042842852883	12.2648586610798	Head	78
#0000FF	0.208575976653956	13.3467399074696	Tail	78
#0000FF	0.108872368340381	14.6100825891364	Tail	78
#000000	0.425963781415485	14.3329961032607	Head	78
#000000	0.0864436114113778	15.8426109554712	Head	78
#000000	0.411709271012805	11.627565982705	Head	78
#000000	0.283413078277372	10.631277176179	Head	78
#000000	0.341158821005374	11.3939046303742	Head	78
#000000	0.0958492469415069	8.28164347228594	Head	78
#000000	0.326527679911815	9.63402628726326	Head	78
#000000	0.165934873386286	14.7732886873186	Head	78
#000000	0.372277173204348	10.0030619000085	Head	78
#000000	0.209469912331551	10.0649796540849	Head	78
#0000FF	0.494678205568343	8.79819108960219	Tail	78
#000000	0.493699185308069	10.1166446886491	Head	78
#0000FF	0.373351269508712	13.9106546031311	Tail	78
#000000	0.138608373226598	14.8101346877869	Head	78
#000000	0.120893967328593	12.080712683266	Head	78
#0000FF	0.306522825839929	11.2256904327776	Tail	78
#000000	0.143760716067627	10.1223021543585	Head	78
#0000FF	0.275535199432634	9.06655239816755	Tail	78
#000000	0.402645835643634	11.2419565949123	Head	78
#000000	0.0940304052690044	12.6610954490956	Head	78
#0000FF	0.212199590508826	9.89176354990341	Tail	78
#0000FF	0.245788138816133	11.6691904157866	Tail	78
#000000	0.444053403441794	9.90032721604221	Head	78
#0000FF	0.47285397792235	12.1179365934338	Tail	78
#000000	0.45098877965007	10.9604556604289	Head	78
#000000	0.347093421258032	13.2698842387646	Head	78
#000000	0.485083489669487	11.1227688615676	Head	78
#0000FF	0.268222447126173	10.9724739701487	Tail	78
#000000	0.298259510649368	12.3627659745514	Head	78
#0000FF	0.178165602954105	13.9746080110781	Tail	78
#0000FF	0.18366231570486	9.92460291502066	Tail	78
#0000FF	0.0200121502764523	11.4194197251927	Tail	78
#000000	0.261406522816978	10.2723561574239	Head	78
#0000FF	0.445521706822328	13.1137898170389	Tail	78
#0000FF	0.0131503919744864	9.63386222813278	Tail	78
#0000FF	0.0460285619972274	14.9364240691997	Tail	78
#000000	0.0921056124987081	14.0232304322533	Head	78
#0000FF	0.395167037136853	13.4126202678774	Tail	78
#000000	0.377592152906582	13.0205394114368	Head	78
#000000	0.495937817837112	11.103456869768	Head	78
#0000FF	0.243236188418232	12.3327183496673	Tail	78
#000000	0.129363013422117	12.8799138822593	Head	79
#0000FF	0.491179468217306	10.7960236144718	Tail	79
#000000	0.310682862987742	12.0111816626042	Head	79
#0000FF	0.267514863624238	15.6448958544992	Tail	79
#FF0000	0.211286671101116	11.9666386979166	Stand	79
#000000	0.450123270615004	15.144731732551	Head	79
#0000FF	0.192045932393521	15.3326178579126	Tail	79
#0000FF	0.154119640346617	12.9481328621041	Tail	79
#0000FF	0.0953226175531745	11.4033802569378	Tail	79
#0000FF	0.0960858731903136	9.34733858932741	Tail	79
#FF0000	0.25102130276151	15.4953384655062	Stand	79
#0000FF	0.136482464256696	10.5495854198001	Tail	79
#0000FF	0.118127394807525	8.67362045808695	Tail	79
#0000FF	0.347188194040209	15.5922701322939	Tail	79
#000000	0.0338318137126043	13.8206509327516	Head	79
#0000FF	0.36042654373683	9.30989550566301	Tail	79
#000000	0.18594431922771	12.4844203173183	Head	79
#000000	0.214471998964436	15.6419116607402	Head	79
#000000	0.420475661978126	12.7667701543309	Head	79
#FF0000	0.469428674075753	11.3551801976282	Stand	79
#0000FF	0.151264165053144	13.2535691387486	Tail	79
#0000FF	0.490552396853454	10.6946008133236	Tail	79
#0000FF	0.374197214134038	10.6002160847653	Tail	79
#FF0000	0.353187541002408	9.91418752386235	Stand	79
#0000FF	0.0364219713862985	11.0820131535176	Tail	79
#0000FF	0.207610067320056	15.8769097870681	Tail	79
#0000FF	0.248922689924948	9.40277794641442	Tail	79
#0000FF	0.290126631841995	8.91014319909736	Tail	79
#000000	0.359130797432736	9.30687388069928	Head	79
#000000	0.467841769210063	13.5820553917903	Head	79
#FF0000	0.319175613685511	13.0302005704492	Stand	79
#FF0000	0.224210754376836	15.152874113759	Stand	79
#0000FF	0.28104018360842	13.4493929223623	Tail	79
#0000FF	0.0392392442934215	13.9492063558195	Tail	79
#000000	0.14042842852883	12.2648586610798	Head	79
#0000FF	0.208575976653956	13.3467399074696	Tail	79
#0000FF	0.108872368340381	14.6100825891364	Tail	79
#000000	0.425963781415485	14.3329961032607	Head	79
#000000	0.0864436114113778	15.8426109554712	Head	79
#000000	0.411709271012805	11.627565982705	Head	79
#000000	0.283413078277372	10.631277176179	Head	79
#000000	0.341158821005374	11.3939046303742	Head	79
#000000	0.0958492469415069	8.28164347228594	Head	79
#000000	0.326527679911815	9.63402628726326	Head	79
#000000	0.165934873386286	14.7732886873186	Head	79
#000000	0.372277173204348	10.0030619000085	Head	79
#000000	0.209469912331551	10.0649796540849	Head	79
#0000FF	0.494678205568343	8.79819108960219	Tail	79
#000000	0.493699185308069	10.1166446886491	Head	79
#0000FF	0.373351269508712	13.9106546031311	Tail	79
#000000	0.138608373226598	14.8101346877869	Head	79
#000000	0.120893967328593	12.080712683266	Head	79
#0000FF	0.306522825839929	11.2256904327776	Tail	79
#000000	0.143760716067627	10.1223021543585	Head	79
#0000FF	0.275535199432634	9.06655239816755	Tail	79
#000000	0.402645835643634	11.2419565949123	Head	79
#000000	0.0940304052690044	12.6610954490956	Head	79
#0000FF	0.212199590508826	9.89176354990341	Tail	79
#0000FF	0.245788138816133	11.6691904157866	Tail	79
#000000	0.444053403441794	9.90032721604221	Head	79
#0000FF	0.47285397792235	12.1179365934338	Tail	79
#000000	0.45098877965007	10.9604556604289	Head	79
#000000	0.347093421258032	13.2698842387646	Head	79
#000000	0.485083489669487	11.1227688615676	Head	79
#0000FF	0.268222447126173	10.9724739701487	Tail	79
#000000	0.298259510649368	12.3627659745514	Head	79
#0000FF	0.178165602954105	13.9746080110781	Tail	79
#0000FF	0.18366231570486	9.92460291502066	Tail	79
#0000FF	0.0200121502764523	11.4194197251927	Tail	79
#000000	0.261406522816978	10.2723561574239	Head	79
#0000FF	0.445521706822328	13.1137898170389	Tail	79
#0000FF	0.0131503919744864	9.63386222813278	Tail	79
#0000FF	0.0460285619972274	14.9364240691997	Tail	79
#000000	0.0921056124987081	14.0232304322533	Head	79
#0000FF	0.395167037136853	13.4126202678774	Tail	79
#000000	0.377592152906582	13.0205394114368	Head	79
#000000	0.495937817837112	11.103456869768	Head	79
#0000FF	0.243236188418232	12.3327183496673	Tail	79
#000000	0.047192256655544	15.0225222743582	Head	79
#000000	0.129363013422117	12.8799138822593	Head	80
#0000FF	0.491179468217306	10.7960236144718	Tail	80
#000000	0.310682862987742	12.0111816626042	Head	80
#0000FF	0.267514863624238	15.6448958544992	Tail	80
#FF0000	0.211286671101116	11.9666386979166	Stand	80
#000000	0.450123270615004	15.144731732551	Head	80
#0000FF	0.192045932393521	15.3326178579126	Tail	80
#0000FF	0.154119640346617	12.9481328621041	Tail	80
#0000FF	0.0953226175531745	11.4033802569378	Tail	80
#0000FF	0.0960858731903136	9.34733858932741	Tail	80
#FF0000	0.25102130276151	15.4953384655062	Stand	80
#0000FF	0.136482464256696	10.5495854198001	Tail	80
#0000FF	0.118127394807525	8.67362045808695	Tail	80
#0000FF	0.347188194040209	15.5922701322939	Tail	80
#000000	0.0338318137126043	13.8206509327516	Head	80
#0000FF	0.36042654373683	9.30989550566301	Tail	80
#000000	0.18594431922771	12.4844203173183	Head	80
#000000	0.214471998964436	15.6419116607402	Head	80
#000000	0.420475661978126	12.7667701543309	Head	80
#FF0000	0.469428674075753	11.3551801976282	Stand	80
#0000FF	0.151264165053144	13.2535691387486	Tail	80
#0000FF	0.490552396853454	10.6946008133236	Tail	80
#0000FF	0.374197214134038	10.6002160847653	Tail	80
#FF0000	0.353187541002408	9.91418752386235	Stand	80
#0000FF	0.0364219713862985	11.0820131535176	Tail	80
#0000FF	0.207610067320056	15.8769097870681	Tail	80
#0000FF	0.248922689924948	9.40277794641442	Tail	80
#0000FF	0.290126631841995	8.91014319909736	Tail	80
#000000	0.359130797432736	9.30687388069928	Head	80
#000000	0.467841769210063	13.5820553917903	Head	80
#FF0000	0.319175613685511	13.0302005704492	Stand	80
#FF0000	0.224210754376836	15.152874113759	Stand	80
#0000FF	0.28104018360842	13.4493929223623	Tail	80
#0000FF	0.0392392442934215	13.9492063558195	Tail	80
#000000	0.14042842852883	12.2648586610798	Head	80
#0000FF	0.208575976653956	13.3467399074696	Tail	80
#0000FF	0.108872368340381	14.6100825891364	Tail	80
#000000	0.425963781415485	14.3329961032607	Head	80
#000000	0.0864436114113778	15.8426109554712	Head	80
#000000	0.411709271012805	11.627565982705	Head	80
#000000	0.283413078277372	10.631277176179	Head	80
#000000	0.341158821005374	11.3939046303742	Head	80
#000000	0.0958492469415069	8.28164347228594	Head	80
#000000	0.326527679911815	9.63402628726326	Head	80
#000000	0.165934873386286	14.7732886873186	Head	80
#000000	0.372277173204348	10.0030619000085	Head	80
#000000	0.209469912331551	10.0649796540849	Head	80
#0000FF	0.494678205568343	8.79819108960219	Tail	80
#000000	0.493699185308069	10.1166446886491	Head	80
#0000FF	0.373351269508712	13.9106546031311	Tail	80
#000000	0.138608373226598	14.8101346877869	Head	80
#000000	0.120893967328593	12.080712683266	Head	80
#0000FF	0.306522825839929	11.2256904327776	Tail	80
#000000	0.143760716067627	10.1223021543585	Head	80
#0000FF	0.275535199432634	9.06655239816755	Tail	80
#000000	0.402645835643634	11.2419565949123	Head	80
#000000	0.0940304052690044	12.6610954490956	Head	80
#0000FF	0.212199590508826	9.89176354990341	Tail	80
#0000FF	0.245788138816133	11.6691904157866	Tail	80
#000000	0.444053403441794	9.90032721604221	Head	80
#0000FF	0.47285397792235	12.1179365934338	Tail	80
#000000	0.45098877965007	10.9604556604289	Head	80
#000000	0.347093421258032	13.2698842387646	Head	80
#000000	0.485083489669487	11.1227688615676	Head	80
#0000FF	0.268222447126173	10.9724739701487	Tail	80
#000000	0.298259510649368	12.3627659745514	Head	80
#0000FF	0.178165602954105	13.9746080110781	Tail	80
#0000FF	0.18366231570486	9.92460291502066	Tail	80
#0000FF	0.0200121502764523	11.4194197251927	Tail	80
#000000	0.261406522816978	10.2723561574239	Head	80
#0000FF	0.445521706822328	13.1137898170389	Tail	80
#0000FF	0.0131503919744864	9.63386222813278	Tail	80
#0000FF	0.0460285619972274	14.9364240691997	Tail	80
#000000	0.0921056124987081	14.0232304322533	Head	80
#0000FF	0.395167037136853	13.4126202678774	Tail	80
#000000	0.377592152906582	13.0205394114368	Head	80
#000000	0.495937817837112	11.103456869768	Head	80
#0000FF	0.243236188418232	12.3327183496673	Tail	80
#000000	0.047192256655544	15.0225222743582	Head	80
#000000	0.334409062159248	12.7376507782843	Head	80
#000000	0.129363013422117	12.8799138822593	Head	81
#0000FF	0.491179468217306	10.7960236144718	Tail	81
#000000	0.310682862987742	12.0111816626042	Head	81
#0000FF	0.267514863624238	15.6448958544992	Tail	81
#FF0000	0.211286671101116	11.9666386979166	Stand	81
#000000	0.450123270615004	15.144731732551	Head	81
#0000FF	0.192045932393521	15.3326178579126	Tail	81
#0000FF	0.154119640346617	12.9481328621041	Tail	81
#0000FF	0.0953226175531745	11.4033802569378	Tail	81
#0000FF	0.0960858731903136	9.34733858932741	Tail	81
#FF0000	0.25102130276151	15.4953384655062	Stand	81
#0000FF	0.136482464256696	10.5495854198001	Tail	81
#0000FF	0.118127394807525	8.67362045808695	Tail	81
#0000FF	0.347188194040209	15.5922701322939	Tail	81
#000000	0.0338318137126043	13.8206509327516	Head	81
#0000FF	0.36042654373683	9.30989550566301	Tail	81
#000000	0.18594431922771	12.4844203173183	Head	81
#000000	0.214471998964436	15.6419116607402	Head	81
#000000	0.420475661978126	12.7667701543309	Head	81
#FF0000	0.469428674075753	11.3551801976282	Stand	81
#0000FF	0.151264165053144	13.2535691387486	Tail	81
#0000FF	0.490552396853454	10.6946008133236	Tail	81
#0000FF	0.374197214134038	10.6002160847653	Tail	81
#FF0000	0.353187541002408	9.91418752386235	Stand	81
#0000FF	0.0364219713862985	11.0820131535176	Tail	81
#0000FF	0.207610067320056	15.8769097870681	Tail	81
#0000FF	0.248922689924948	9.40277794641442	Tail	81
#0000FF	0.290126631841995	8.91014319909736	Tail	81
#000000	0.359130797432736	9.30687388069928	Head	81
#000000	0.467841769210063	13.5820553917903	Head	81
#FF0000	0.319175613685511	13.0302005704492	Stand	81
#FF0000	0.224210754376836	15.152874113759	Stand	81
#0000FF	0.28104018360842	13.4493929223623	Tail	81
#0000FF	0.0392392442934215	13.9492063558195	Tail	81
#000000	0.14042842852883	12.2648586610798	Head	81
#0000FF	0.208575976653956	13.3467399074696	Tail	81
#0000FF	0.108872368340381	14.6100825891364	Tail	81
#000000	0.425963781415485	14.3329961032607	Head	81
#000000	0.0864436114113778	15.8426109554712	Head	81
#000000	0.411709271012805	11.627565982705	Head	81
#000000	0.283413078277372	10.631277176179	Head	81
#000000	0.341158821005374	11.3939046303742	Head	81
#000000	0.0958492469415069	8.28164347228594	Head	81
#000000	0.326527679911815	9.63402628726326	Head	81
#000000	0.165934873386286	14.7732886873186	Head	81
#000000	0.372277173204348	10.0030619000085	Head	81
#000000	0.209469912331551	10.0649796540849	Head	81
#0000FF	0.494678205568343	8.79819108960219	Tail	81
#000000	0.493699185308069	10.1166446886491	Head	81
#0000FF	0.373351269508712	13.9106546031311	Tail	81
#000000	0.138608373226598	14.8101346877869	Head	81
#000000	0.120893967328593	12.080712683266	Head	81
#0000FF	0.306522825839929	11.2256904327776	Tail	81
#000000	0.143760716067627	10.1223021543585	Head	81
#0000FF	0.275535199432634	9.06655239816755	Tail	81
#000000	0.402645835643634	11.2419565949123	Head	81
#000000	0.0940304052690044	12.6610954490956	Head	81
#0000FF	0.212199590508826	9.89176354990341	Tail	81
#0000FF	0.245788138816133	11.6691904157866	Tail	81
#000000	0.444053403441794	9.90032721604221	Head	81
#0000FF	0.47285397792235	12.1179365934338	Tail	81
#000000	0.45098877965007	10.9604556604289	Head	81
#000000	0.347093421258032	13.2698842387646	Head	81
#000000	0.485083489669487	11.1227688615676	Head	81
#0000FF	0.268222447126173	10.9724739701487	Tail	81
#000000	0.298259510649368	12.3627659745514	Head	81
#0000FF	0.178165602954105	13.9746080110781	Tail	81
#0000FF	0.18366231570486	9.92460291502066	Tail	81
#0000FF	0.0200121502764523	11.4194197251927	Tail	81
#000000	0.261406522816978	10.2723561574239	Head	81
#0000FF	0.445521706822328	13.1137898170389	Tail	81
#0000FF	0.0131503919744864	9.63386222813278	Tail	81
#0000FF	0.0460285619972274	14.9364240691997	Tail	81
#000000	0.0921056124987081	14.0232304322533	Head	81
#0000FF	0.395167037136853	13.4126202678774	Tail	81
#000000	0.377592152906582	13.0205394114368	Head	81
#000000	0.495937817837112	11.103456869768	Head	81
#0000FF	0.243236188418232	12.3327183496673	Tail	81
#000000	0.047192256655544	15.0225222743582	Head	81
#000000	0.334409062159248	12.7376507782843	Head	81
#000000	0.38929658475332	14.7501885653473	Head	81
#000000	0.129363013422117	12.8799138822593	Head	82
#0000FF	0.491179468217306	10.7960236144718	Tail	82
#000000	0.310682862987742	12.0111816626042	Head	82
#0000FF	0.267514863624238	15.6448958544992	Tail	82
#FF0000	0.211286671101116	11.9666386979166	Stand	82
#000000	0.450123270615004	15.144731732551	Head	82
#0000FF	0.192045932393521	15.3326178579126	Tail	82
#0000FF	0.154119640346617	12.9481328621041	Tail	82
#0000FF	0.0953226175531745	11.4033802569378	Tail	82
#0000FF	0.0960858731903136	9.34733858932741	Tail	82
#FF0000	0.25102130276151	15.4953384655062	Stand	82
#0000FF	0.136482464256696	10.5495854198001	Tail	82
#0000FF	0.118127394807525	8.67362045808695	Tail	82
#0000FF	0.347188194040209	15.5922701322939	Tail	82
#000000	0.0338318137126043	13.8206509327516	Head	82
#0000FF	0.36042654373683	9.30989550566301	Tail	82
#000000	0.18594431922771	12.4844203173183	Head	82
#000000	0.214471998964436	15.6419116607402	Head	82
#000000	0.420475661978126	12.7667701543309	Head	82
#FF0000	0.469428674075753	11.3551801976282	Stand	82
#0000FF	0.151264165053144	13.2535691387486	Tail	82
#0000FF	0.490552396853454	10.6946008133236	Tail	82
#0000FF	0.374197214134038	10.6002160847653	Tail	82
#FF0000	0.353187541002408	9.91418752386235	Stand	82
#0000FF	0.0364219713862985	11.0820131535176	Tail	82
#0000FF	0.207610067320056	15.8769097870681	Tail	82
#0000FF	0.248922689924948	9.40277794641442	Tail	82
#0000FF	0.290126631841995	8.91014319909736	Tail	82
#000000	0.359130797432736	9.30687388069928	Head	82
#000000	0.467841769210063	13.5820553917903	Head	82
#FF0000	0.319175613685511	13.0302005704492	Stand	82
#FF0000	0.224210754376836	15.152874113759	Stand	82
#0000FF	0.28104018360842	13.4493929223623	Tail	82
#0000FF	0.0392392442934215	13.9492063558195	Tail	82
#000000	0.14042842852883	12.2648586610798	Head	82
#0000FF	0.208575976653956	13.3467399074696	Tail	82
#0000FF	0.108872368340381	14.6100825891364	Tail	82
#000000	0.425963781415485	14.3329961032607	Head	82
#000000	0.0864436114113778	15.8426109554712	Head	82
#000000	0.411709271012805	11.627565982705	Head	82
#000000	0.283413078277372	10.631277176179	Head	82
#000000	0.341158821005374	11.3939046303742	Head	82
#000000	0.0958492469415069	8.28164347228594	Head	82
#000000	0.326527679911815	9.63402628726326	Head	82
#000000	0.165934873386286	14.7732886873186	Head	82
#000000	0.372277173204348	10.0030619000085	Head	82
#000000	0.209469912331551	10.0649796540849	Head	82
#0000FF	0.494678205568343	8.79819108960219	Tail	82
#000000	0.493699185308069	10.1166446886491	Head	82
#0000FF	0.373351269508712	13.9106546031311	Tail	82
#000000	0.138608373226598	14.8101346877869	Head	82
#000000	0.120893967328593	12.080712683266	Head	82
#0000FF	0.306522825839929	11.2256904327776	Tail	82
#000000	0.143760716067627	10.1223021543585	Head	82
#0000FF	0.275535199432634	9.06655239816755	Tail	82
#000000	0.402645835643634	11.2419565949123	Head	82
#000000	0.0940304052690044	12.6610954490956	Head	82
#0000FF	0.212199590508826	9.89176354990341	Tail	82
#0000FF	0.245788138816133	11.6691904157866	Tail	82
#000000	0.444053403441794	9.90032721604221	Head	82
#0000FF	0.47285397792235	12.1179365934338	Tail	82
#000000	0.45098877965007	10.9604556604289	Head	82
#000000	0.347093421258032	13.2698842387646	Head	82
#000000	0.485083489669487	11.1227688615676	Head	82
#0000FF	0.268222447126173	10.9724739701487	Tail	82
#000000	0.298259510649368	12.3627659745514	Head	82
#0000FF	0.178165602954105	13.9746080110781	Tail	82
#0000FF	0.18366231570486	9.92460291502066	Tail	82
#0000FF	0.0200121502764523	11.4194197251927	Tail	82
#000000	0.261406522816978	10.2723561574239	Head	82
#0000FF	0.445521706822328	13.1137898170389	Tail	82
#0000FF	0.0131503919744864	9.63386222813278	Tail	82
#0000FF	0.0460285619972274	14.9364240691997	Tail	82
#000000	0.0921056124987081	14.0232304322533	Head	82
#0000FF	0.395167037136853	13.4126202678774	Tail	82
#000000	0.377592152906582	13.0205394114368	Head	82
#000000	0.495937817837112	11.103456869768	Head	82
#0000FF	0.243236188418232	12.3327183496673	Tail	82
#000000	0.047192256655544	15.0225222743582	Head	82
#000000	0.334409062159248	12.7376507782843	Head	82
#000000	0.38929658475332	14.7501885653473	Head	82
#0000FF	0.0785530405025929	10.6370956863277	Tail	82
#000000	0.129363013422117	12.8799138822593	Head	83
#0000FF	0.491179468217306	10.7960236144718	Tail	83
#000000	0.310682862987742	12.0111816626042	Head	83
#0000FF	0.267514863624238	15.6448958544992	Tail	83
#FF0000	0.211286671101116	11.9666386979166	Stand	83
#000000	0.450123270615004	15.144731732551	Head	83
#0000FF	0.192045932393521	15.3326178579126	Tail	83
#0000FF	0.154119640346617	12.9481328621041	Tail	83
#0000FF	0.0953226175531745	11.4033802569378	Tail	83
#0000FF	0.0960858731903136	9.34733858932741	Tail	83
#FF0000	0.25102130276151	15.4953384655062	Stand	83
#0000FF	0.136482464256696	10.5495854198001	Tail	83
#0000FF	0.118127394807525	8.67362045808695	Tail	83
#0000FF	0.347188194040209	15.5922701322939	Tail	83
#000000	0.0338318137126043	13.8206509327516	Head	83
#0000FF	0.36042654373683	9.30989550566301	Tail	83
#000000	0.18594431922771	12.4844203173183	Head	83
#000000	0.214471998964436	15.6419116607402	Head	83
#000000	0.420475661978126	12.7667701543309	Head	83
#FF0000	0.469428674075753	11.3551801976282	Stand	83
#0000FF	0.151264165053144	13.2535691387486	Tail	83
#0000FF	0.490552396853454	10.6946008133236	Tail	83
#0000FF	0.374197214134038	10.6002160847653	Tail	83
#FF0000	0.353187541002408	9.91418752386235	Stand	83
#0000FF	0.0364219713862985	11.0820131535176	Tail	83
#0000FF	0.207610067320056	15.8769097870681	Tail	83
#0000FF	0.248922689924948	9.40277794641442	Tail	83
#0000FF	0.290126631841995	8.91014319909736	Tail	83
#000000	0.359130797432736	9.30687388069928	Head	83
#000000	0.467841769210063	13.5820553917903	Head	83
#FF0000	0.319175613685511	13.0302005704492	Stand	83
#FF0000	0.224210754376836	15.152874113759	Stand	83
#0000FF	0.28104018360842	13.4493929223623	Tail	83
#0000FF	0.0392392442934215	13.9492063558195	Tail	83
#000000	0.14042842852883	12.2648586610798	Head	83
#0000FF	0.208575976653956	13.3467399074696	Tail	83
#0000FF	0.108872368340381	14.6100825891364	Tail	83
#000000	0.425963781415485	14.3329961032607	Head	83
#000000	0.0864436114113778	15.8426109554712	Head	83
#000000	0.411709271012805	11.627565982705	Head	83
#000000	0.283413078277372	10.631277176179	Head	83
#000000	0.341158821005374	11.3939046303742	Head	83
#000000	0.0958492469415069	8.28164347228594	Head	83
#000000	0.326527679911815	9.63402628726326	Head	83
#000000	0.165934873386286	14.7732886873186	Head	83
#000000	0.372277173204348	10.0030619000085	Head	83
#000000	0.209469912331551	10.0649796540849	Head	83
#0000FF	0.494678205568343	8.79819108960219	Tail	83
#000000	0.493699185308069	10.1166446886491	Head	83
#0000FF	0.373351269508712	13.9106546031311	Tail	83
#000000	0.138608373226598	14.8101346877869	Head	83
#000000	0.120893967328593	12.080712683266	Head	83
#0000FF	0.306522825839929	11.2256904327776	Tail	83
#000000	0.143760716067627	10.1223021543585	Head	83
#0000FF	0.275535199432634	9.06655239816755	Tail	83
#000000	0.402645835643634	11.2419565949123	Head	83
#000000	0.0940304052690044	12.6610954490956	Head	83
#0000FF	0.212199590508826	9.89176354990341	Tail	83
#0000FF	0.245788138816133	11.6691904157866	Tail	83
#000000	0.444053403441794	9.90032721604221	Head	83
#0000FF	0.47285397792235	12.1179365934338	Tail	83
#000000	0.45098877965007	10.9604556604289	Head	83
#000000	0.347093421258032	13.2698842387646	Head	83
#000000	0.485083489669487	11.1227688615676	Head	83
#0000FF	0.268222447126173	10.9724739701487	Tail	83
#000000	0.298259510649368	12.3627659745514	Head	83
#0000FF	0.178165602954105	13.9746080110781	Tail	83
#0000FF	0.18366231570486	9.92460291502066	Tail	83
#0000FF	0.0200121502764523	11.4194197251927	Tail	83
#000000	0.261406522816978	10.2723561574239	Head	83
#0000FF	0.445521706822328	13.1137898170389	Tail	83
#0000FF	0.0131503919744864	9.63386222813278	Tail	83
#0000FF	0.0460285619972274	14.9364240691997	Tail	83
#000000	0.0921056124987081	14.0232304322533	Head	83
#0000FF	0.395167037136853	13.4126202678774	Tail	83
#000000	0.377592152906582	13.0205394114368	Head	83
#000000	0.495937817837112	11.103456869768	Head	83
#0000FF	0.243236188418232	12.3327183496673	Tail	83
#000000	0.047192256655544	15.0225222743582	Head	83
#000000	0.334409062159248	12.7376507782843	Head	83
#000000	0.38929658475332	14.7501885653473	Head	83
#0000FF	0.0785530405025929	10.6370956863277	Tail	83
#000000	0.208292297311127	13.7246645133011	Head	83
#000000	0.129363013422117	12.8799138822593	Head	84
#0000FF	0.491179468217306	10.7960236144718	Tail	84
#000000	0.310682862987742	12.0111816626042	Head	84
#0000FF	0.267514863624238	15.6448958544992	Tail	84
#FF0000	0.211286671101116	11.9666386979166	Stand	84
#000000	0.450123270615004	15.144731732551	Head	84
#0000FF	0.192045932393521	15.3326178579126	Tail	84
#0000FF	0.154119640346617	12.9481328621041	Tail	84
#0000FF	0.0953226175531745	11.4033802569378	Tail	84
#0000FF	0.0960858731903136	9.34733858932741	Tail	84
#FF0000	0.25102130276151	15.4953384655062	Stand	84
#0000FF	0.136482464256696	10.5495854198001	Tail	84
#0000FF	0.118127394807525	8.67362045808695	Tail	84
#0000FF	0.347188194040209	15.5922701322939	Tail	84
#000000	0.0338318137126043	13.8206509327516	Head	84
#0000FF	0.36042654373683	9.30989550566301	Tail	84
#000000	0.18594431922771	12.4844203173183	Head	84
#000000	0.214471998964436	15.6419116607402	Head	84
#000000	0.420475661978126	12.7667701543309	Head	84
#FF0000	0.469428674075753	11.3551801976282	Stand	84
#0000FF	0.151264165053144	13.2535691387486	Tail	84
#0000FF	0.490552396853454	10.6946008133236	Tail	84
#0000FF	0.374197214134038	10.6002160847653	Tail	84
#FF0000	0.353187541002408	9.91418752386235	Stand	84
#0000FF	0.0364219713862985	11.0820131535176	Tail	84
#0000FF	0.207610067320056	15.8769097870681	Tail	84
#0000FF	0.248922689924948	9.40277794641442	Tail	84
#0000FF	0.290126631841995	8.91014319909736	Tail	84
#000000	0.359130797432736	9.30687388069928	Head	84
#000000	0.467841769210063	13.5820553917903	Head	84
#FF0000	0.319175613685511	13.0302005704492	Stand	84
#FF0000	0.224210754376836	15.152874113759	Stand	84
#0000FF	0.28104018360842	13.4493929223623	Tail	84
#0000FF	0.0392392442934215	13.9492063558195	Tail	84
#000000	0.14042842852883	12.2648586610798	Head	84
#0000FF	0.208575976653956	13.3467399074696	Tail	84
#0000FF	0.108872368340381	14.6100825891364	Tail	84
#000000	0.425963781415485	14.3329961032607	Head	84
#000000	0.0864436114113778	15.8426109554712	Head	84
#000000	0.411709271012805	11.627565982705	Head	84
#000000	0.283413078277372	10.631277176179	Head	84
#000000	0.341158821005374	11.3939046303742	Head	84
#000000	0.0958492469415069	8.28164347228594	Head	84
#000000	0.326527679911815	9.63402628726326	Head	84
#000000	0.165934873386286	14.7732886873186	Head	84
#000000	0.372277173204348	10.0030619000085	Head	84
#000000	0.209469912331551	10.0649796540849	Head	84
#0000FF	0.494678205568343	8.79819108960219	Tail	84
#000000	0.493699185308069	10.1166446886491	Head	84
#0000FF	0.373351269508712	13.9106546031311	Tail	84
#000000	0.138608373226598	14.8101346877869	Head	84
#000000	0.120893967328593	12.080712683266	Head	84
#0000FF	0.306522825839929	11.2256904327776	Tail	84
#000000	0.143760716067627	10.1223021543585	Head	84
#0000FF	0.275535199432634	9.06655239816755	Tail	84
#000000	0.402645835643634	11.2419565949123	Head	84
#000000	0.0940304052690044	12.6610954490956	Head	84
#0000FF	0.212199590508826	9.89176354990341	Tail	84
#0000FF	0.245788138816133	11.6691904157866	Tail	84
#000000	0.444053403441794	9.90032721604221	Head	84
#0000FF	0.47285397792235	12.1179365934338	Tail	84
#000000	0.45098877965007	10.9604556604289	Head	84
#000000	0.347093421258032	13.2698842387646	Head	84
#000000	0.485083489669487	11.1227688615676	Head	84
#0000FF	0.268222447126173	10.9724739701487	Tail	84
#000000	0.298259510649368	12.3627659745514	Head	84
#0000FF	0.178165602954105	13.9746080110781	Tail	84
#0000FF	0.18366231570486	9.92460291502066	Tail	84
#0000FF	0.0200121502764523	11.4194197251927	Tail	84
#000000	0.261406522816978	10.2723561574239	Head	84
#0000FF	0.445521706822328	13.1137898170389	Tail	84
#0000FF	0.0131503919744864	9.63386222813278	Tail	84
#0000FF	0.0460285619972274	14.9364240691997	Tail	84
#000000	0.0921056124987081	14.0232304322533	Head	84
#0000FF	0.395167037136853	13.4126202678774	Tail	84
#000000	0.377592152906582	13.0205394114368	Head	84
#000000	0.495937817837112	11.103456869768	Head	84
#0000FF	0.243236188418232	12.3327183496673	Tail	84
#000000	0.047192256655544	15.0225222743582	Head	84
#000000	0.334409062159248	12.7376507782843	Head	84
#000000	0.38929658475332	14.7501885653473	Head	84
#0000FF	0.0785530405025929	10.6370956863277	Tail	84
#000000	0.208292297311127	13.7246645133011	Head	84
#0000FF	0.122492664600723	10.2671388874762	Tail	84
#000000	0.129363013422117	12.8799138822593	Head	85
#0000FF	0.491179468217306	10.7960236144718	Tail	85
#000000	0.310682862987742	12.0111816626042	Head	85
#0000FF	0.267514863624238	15.6448958544992	Tail	85
#FF0000	0.211286671101116	11.9666386979166	Stand	85
#000000	0.450123270615004	15.144731732551	Head	85
#0000FF	0.192045932393521	15.3326178579126	Tail	85
#0000FF	0.154119640346617	12.9481328621041	Tail	85
#0000FF	0.0953226175531745	11.4033802569378	Tail	85
#0000FF	0.0960858731903136	9.34733858932741	Tail	85
#FF0000	0.25102130276151	15.4953384655062	Stand	85
#0000FF	0.136482464256696	10.5495854198001	Tail	85
#0000FF	0.118127394807525	8.67362045808695	Tail	85
#0000FF	0.347188194040209	15.5922701322939	Tail	85
#000000	0.0338318137126043	13.8206509327516	Head	85
#0000FF	0.36042654373683	9.30989550566301	Tail	85
#000000	0.18594431922771	12.4844203173183	Head	85
#000000	0.214471998964436	15.6419116607402	Head	85
#000000	0.420475661978126	12.7667701543309	Head	85
#FF0000	0.469428674075753	11.3551801976282	Stand	85
#0000FF	0.151264165053144	13.2535691387486	Tail	85
#0000FF	0.490552396853454	10.6946008133236	Tail	85
#0000FF	0.374197214134038	10.6002160847653	Tail	85
#FF0000	0.353187541002408	9.91418752386235	Stand	85
#0000FF	0.0364219713862985	11.0820131535176	Tail	85
#0000FF	0.207610067320056	15.8769097870681	Tail	85
#0000FF	0.248922689924948	9.40277794641442	Tail	85
#0000FF	0.290126631841995	8.91014319909736	Tail	85
#000000	0.359130797432736	9.30687388069928	Head	85
#000000	0.467841769210063	13.5820553917903	Head	85
#FF0000	0.319175613685511	13.0302005704492	Stand	85
#FF0000	0.224210754376836	15.152874113759	Stand	85
#0000FF	0.28104018360842	13.4493929223623	Tail	85
#0000FF	0.0392392442934215	13.9492063558195	Tail	85
#000000	0.14042842852883	12.2648586610798	Head	85
#0000FF	0.208575976653956	13.3467399074696	Tail	85
#0000FF	0.108872368340381	14.6100825891364	Tail	85
#000000	0.425963781415485	14.3329961032607	Head	85
#000000	0.0864436114113778	15.8426109554712	Head	85
#000000	0.411709271012805	11.627565982705	Head	85
#000000	0.283413078277372	10.631277176179	Head	85
#000000	0.341158821005374	11.3939046303742	Head	85
#000000	0.0958492469415069	8.28164347228594	Head	85
#000000	0.326527679911815	9.63402628726326	Head	85
#000000	0.165934873386286	14.7732886873186	Head	85
#000000	0.372277173204348	10.0030619000085	Head	85
#000000	0.209469912331551	10.0649796540849	Head	85
#0000FF	0.494678205568343	8.79819108960219	Tail	85
#000000	0.493699185308069	10.1166446886491	Head	85
#0000FF	0.373351269508712	13.9106546031311	Tail	85
#000000	0.138608373226598	14.8101346877869	Head	85
#000000	0.120893967328593	12.080712683266	Head	85
#0000FF	0.306522825839929	11.2256904327776	Tail	85
#000000	0.143760716067627	10.1223021543585	Head	85
#0000FF	0.275535199432634	9.06655239816755	Tail	85
#000000	0.402645835643634	11.2419565949123	Head	85
#000000	0.0940304052690044	12.6610954490956	Head	85
#0000FF	0.212199590508826	9.89176354990341	Tail	85
#0000FF	0.245788138816133	11.6691904157866	Tail	85
#000000	0.444053403441794	9.90032721604221	Head	85
#0000FF	0.47285397792235	12.1179365934338	Tail	85
#000000	0.45098877965007	10.9604556604289	Head	85
#000000	0.347093421258032	13.2698842387646	Head	85
#000000	0.485083489669487	11.1227688615676	Head	85
#0000FF	0.268222447126173	10.9724739701487	Tail	85
#000000	0.298259510649368	12.3627659745514	Head	85
#0000FF	0.178165602954105	13.9746080110781	Tail	85
#0000FF	0.18366231570486	9.92460291502066	Tail	85
#0000FF	0.0200121502764523	11.4194197251927	Tail	85
#000000	0.261406522816978	10.2723561574239	Head	85
#0000FF	0.445521706822328	13.1137898170389	Tail	85
#0000FF	0.0131503919744864	9.63386222813278	Tail	85
#0000FF	0.0460285619972274	14.9364240691997	Tail	85
#000000	0.0921056124987081	14.0232304322533	Head	85
#0000FF	0.395167037136853	13.4126202678774	Tail	85
#000000	0.377592152906582	13.0205394114368	Head	85
#000000	0.495937817837112	11.103456869768	Head	85
#0000FF	0.243236188418232	12.3327183496673	Tail	85
#000000	0.047192256655544	15.0225222743582	Head	85
#000000	0.334409062159248	12.7376507782843	Head	85
#000000	0.38929658475332	14.7501885653473	Head	85
#0000FF	0.0785530405025929	10.6370956863277	Tail	85
#000000	0.208292297311127	13.7246645133011	Head	85
#0000FF	0.122492664600723	10.2671388874762	Tail	85
#000000	0.0389792802650481	12.8358769135084	Head	85
#000000	0.129363013422117	12.8799138822593	Head	86
#0000FF	0.491179468217306	10.7960236144718	Tail	86
#000000	0.310682862987742	12.0111816626042	Head	86
#0000FF	0.267514863624238	15.6448958544992	Tail	86
#FF0000	0.211286671101116	11.9666386979166	Stand	86
#000000	0.450123270615004	15.144731732551	Head	86
#0000FF	0.192045932393521	15.3326178579126	Tail	86
#0000FF	0.154119640346617	12.9481328621041	Tail	86
#0000FF	0.0953226175531745	11.4033802569378	Tail	86
#0000FF	0.0960858731903136	9.34733858932741	Tail	86
#FF0000	0.25102130276151	15.4953384655062	Stand	86
#0000FF	0.136482464256696	10.5495854198001	Tail	86
#0000FF	0.118127394807525	8.67362045808695	Tail	86
#0000FF	0.347188194040209	15.5922701322939	Tail	86
#000000	0.0338318137126043	13.8206509327516	Head	86
#0000FF	0.36042654373683	9.30989550566301	Tail	86
#000000	0.18594431922771	12.4844203173183	Head	86
#000000	0.214471998964436	15.6419116607402	Head	86
#000000	0.420475661978126	12.7667701543309	Head	86
#FF0000	0.469428674075753	11.3551801976282	Stand	86
#0000FF	0.151264165053144	13.2535691387486	Tail	86
#0000FF	0.490552396853454	10.6946008133236	Tail	86
#0000FF	0.374197214134038	10.6002160847653	Tail	86
#FF0000	0.353187541002408	9.91418752386235	Stand	86
#0000FF	0.0364219713862985	11.0820131535176	Tail	86
#0000FF	0.207610067320056	15.8769097870681	Tail	86
#0000FF	0.248922689924948	9.40277794641442	Tail	86
#0000FF	0.290126631841995	8.91014319909736	Tail	86
#000000	0.359130797432736	9.30687388069928	Head	86
#000000	0.467841769210063	13.5820553917903	Head	86
#FF0000	0.319175613685511	13.0302005704492	Stand	86
#FF0000	0.224210754376836	15.152874113759	Stand	86
#0000FF	0.28104018360842	13.4493929223623	Tail	86
#0000FF	0.0392392442934215	13.9492063558195	Tail	86
#000000	0.14042842852883	12.2648586610798	Head	86
#0000FF	0.208575976653956	13.3467399074696	Tail	86
#0000FF	0.108872368340381	14.6100825891364	Tail	86
#000000	0.425963781415485	14.3329961032607	Head	86
#000000	0.0864436114113778	15.8426109554712	Head	86
#000000	0.411709271012805	11.627565982705	Head	86
#000000	0.283413078277372	10.631277176179	Head	86
#000000	0.341158821005374	11.3939046303742	Head	86
#000000	0.0958492469415069	8.28164347228594	Head	86
#000000	0.326527679911815	9.63402628726326	Head	86
#000000	0.165934873386286	14.7732886873186	Head	86
#000000	0.372277173204348	10.0030619000085	Head	86
#000000	0.209469912331551	10.0649796540849	Head	86
#0000FF	0.494678205568343	8.79819108960219	Tail	86
#000000	0.493699185308069	10.1166446886491	Head	86
#0000FF	0.373351269508712	13.9106546031311	Tail	86
#000000	0.138608373226598	14.8101346877869	Head	86
#000000	0.120893967328593	12.080712683266	Head	86
#0000FF	0.306522825839929	11.2256904327776	Tail	86
#000000	0.143760716067627	10.1223021543585	Head	86
#0000FF	0.275535199432634	9.06655239816755	Tail	86
#000000	0.402645835643634	11.2419565949123	Head	86
#000000	0.0940304052690044	12.6610954490956	Head	86
#0000FF	0.212199590508826	9.89176354990341	Tail	86
#0000FF	0.245788138816133	11.6691904157866	Tail	86
#000000	0.444053403441794	9.90032721604221	Head	86
#0000FF	0.47285397792235	12.1179365934338	Tail	86
#000000	0.45098877965007	10.9604556604289	Head	86
#000000	0.347093421258032	13.2698842387646	Head	86
#000000	0.485083489669487	11.1227688615676	Head	86
#0000FF	0.268222447126173	10.9724739701487	Tail	86
#000000	0.298259510649368	12.3627659745514	Head	86
#0000FF	0.178165602954105	13.9746080110781	Tail	86
#0000FF	0.18366231570486	9.92460291502066	Tail	86
#0000FF	0.0200121502764523	11.4194197251927	Tail	86
#000000	0.261406522816978	10.2723561574239	Head	86
#0000FF	0.445521706822328	13.1137898170389	Tail	86
#0000FF	0.0131503919744864	9.63386222813278	Tail	86
#0000FF	0.0460285619972274	14.9364240691997	Tail	86
#000000	0.0921056124987081	14.0232304322533	Head	86
#0000FF	0.395167037136853	13.4126202678774	Tail	86
#000000	0.377592152906582	13.0205394114368	Head	86
#000000	0.495937817837112	11.103456869768	Head	86
#0000FF	0.243236188418232	12.3327183496673	Tail	86
#000000	0.047192256655544	15.0225222743582	Head	86
#000000	0.334409062159248	12.7376507782843	Head	86
#000000	0.38929658475332	14.7501885653473	Head	86
#0000FF	0.0785530405025929	10.6370956863277	Tail	86
#000000	0.208292297311127	13.7246645133011	Head	86
#0000FF	0.122492664600723	10.2671388874762	Tail	86
#000000	0.0389792802650481	12.8358769135084	Head	86
#000000	0.207946344153024	11.9540604438167	Head	86
#000000	0.129363013422117	12.8799138822593	Head	87
#0000FF	0.491179468217306	10.7960236144718	Tail	87
#000000	0.310682862987742	12.0111816626042	Head	87
#0000FF	0.267514863624238	15.6448958544992	Tail	87
#FF0000	0.211286671101116	11.9666386979166	Stand	87
#000000	0.450123270615004	15.144731732551	Head	87
#0000FF	0.192045932393521	15.3326178579126	Tail	87
#0000FF	0.154119640346617	12.9481328621041	Tail	87
#0000FF	0.0953226175531745	11.4033802569378	Tail	87
#0000FF	0.0960858731903136	9.34733858932741	Tail	87
#FF0000	0.25102130276151	15.4953384655062	Stand	87
#0000FF	0.136482464256696	10.5495854198001	Tail	87
#0000FF	0.118127394807525	8.67362045808695	Tail	87
#0000FF	0.347188194040209	15.5922701322939	Tail	87
#000000	0.0338318137126043	13.8206509327516	Head	87
#0000FF	0.36042654373683	9.30989550566301	Tail	87
#000000	0.18594431922771	12.4844203173183	Head	87
#000000	0.214471998964436	15.6419116607402	Head	87
#000000	0.420475661978126	12.7667701543309	Head	87
#FF0000	0.469428674075753	11.3551801976282	Stand	87
#0000FF	0.151264165053144	13.2535691387486	Tail	87
#0000FF	0.490552396853454	10.6946008133236	Tail	87
#0000FF	0.374197214134038	10.6002160847653	Tail	87
#FF0000	0.353187541002408	9.91418752386235	Stand	87
#0000FF	0.0364219713862985	11.0820131535176	Tail	87
#0000FF	0.207610067320056	15.8769097870681	Tail	87
#0000FF	0.248922689924948	9.40277794641442	Tail	87
#0000FF	0.290126631841995	8.91014319909736	Tail	87
#000000	0.359130797432736	9.30687388069928	Head	87
#000000	0.467841769210063	13.5820553917903	Head	87
#FF0000	0.319175613685511	13.0302005704492	Stand	87
#FF0000	0.224210754376836	15.152874113759	Stand	87
#0000FF	0.28104018360842	13.4493929223623	Tail	87
#0000FF	0.0392392442934215	13.9492063558195	Tail	87
#000000	0.14042842852883	12.2648586610798	Head	87
#0000FF	0.208575976653956	13.3467399074696	Tail	87
#0000FF	0.108872368340381	14.6100825891364	Tail	87
#000000	0.425963781415485	14.3329961032607	Head	87
#000000	0.0864436114113778	15.8426109554712	Head	87
#000000	0.411709271012805	11.627565982705	Head	87
#000000	0.283413078277372	10.631277176179	Head	87
#000000	0.341158821005374	11.3939046303742	Head	87
#000000	0.0958492469415069	8.28164347228594	Head	87
#000000	0.326527679911815	9.63402628726326	Head	87
#000000	0.165934873386286	14.7732886873186	Head	87
#000000	0.372277173204348	10.0030619000085	Head	87
#000000	0.209469912331551	10.0649796540849	Head	87
#0000FF	0.494678205568343	8.79819108960219	Tail	87
#000000	0.493699185308069	10.1166446886491	Head	87
#0000FF	0.373351269508712	13.9106546031311	Tail	87
#000000	0.138608373226598	14.8101346877869	Head	87
#000000	0.120893967328593	12.080712683266	Head	87
#0000FF	0.306522825839929	11.2256904327776	Tail	87
#000000	0.143760716067627	10.1223021543585	Head	87
#0000FF	0.275535199432634	9.06655239816755	Tail	87
#000000	0.402645835643634	11.2419565949123	Head	87
#000000	0.0940304052690044	12.6610954490956	Head	87
#0000FF	0.212199590508826	9.89176354990341	Tail	87
#0000FF	0.245788138816133	11.6691904157866	Tail	87
#000000	0.444053403441794	9.90032721604221	Head	87
#0000FF	0.47285397792235	12.1179365934338	Tail	87
#000000	0.45098877965007	10.9604556604289	Head	87
#000000	0.347093421258032	13.2698842387646	Head	87
#000000	0.485083489669487	11.1227688615676	Head	87
#0000FF	0.268222447126173	10.9724739701487	Tail	87
#000000	0.298259510649368	12.3627659745514	Head	87
#0000FF	0.178165602954105	13.9746080110781	Tail	87
#0000FF	0.18366231570486	9.92460291502066	Tail	87
#0000FF	0.0200121502764523	11.4194197251927	Tail	87
#000000	0.261406522816978	10.2723561574239	Head	87
#0000FF	0.445521706822328	13.1137898170389	Tail	87
#0000FF	0.0131503919744864	9.63386222813278	Tail	87
#0000FF	0.0460285619972274	14.9364240691997	Tail	87
#000000	0.0921056124987081	14.0232304322533	Head	87
#0000FF	0.395167037136853	13.4126202678774	Tail	87
#000000	0.377592152906582	13.0205394114368	Head	87
#000000	0.495937817837112	11.103456869768	Head	87
#0000FF	0.243236188418232	12.3327183496673	Tail	87
#000000	0.047192256655544	15.0225222743582	Head	87
#000000	0.334409062159248	12.7376507782843	Head	87
#000000	0.38929658475332	14.7501885653473	Head	87
#0000FF	0.0785530405025929	10.6370956863277	Tail	87
#000000	0.208292297311127	13.7246645133011	Head	87
#0000FF	0.122492664600723	10.2671388874762	Tail	87
#000000	0.0389792802650481	12.8358769135084	Head	87
#000000	0.207946344153024	11.9540604438167	Head	87
#FF0000	0.042464149990119	10.2672553054057	Stand	87
#000000	0.129363013422117	12.8799138822593	Head	88
#0000FF	0.491179468217306	10.7960236144718	Tail	88
#000000	0.310682862987742	12.0111816626042	Head	88
#0000FF	0.267514863624238	15.6448958544992	Tail	88
#FF0000	0.211286671101116	11.9666386979166	Stand	88
#000000	0.450123270615004	15.144731732551	Head	88
#0000FF	0.192045932393521	15.3326178579126	Tail	88
#0000FF	0.154119640346617	12.9481328621041	Tail	88
#0000FF	0.0953226175531745	11.4033802569378	Tail	88
#0000FF	0.0960858731903136	9.34733858932741	Tail	88
#FF0000	0.25102130276151	15.4953384655062	Stand	88
#0000FF	0.136482464256696	10.5495854198001	Tail	88
#0000FF	0.118127394807525	8.67362045808695	Tail	88
#0000FF	0.347188194040209	15.5922701322939	Tail	88
#000000	0.0338318137126043	13.8206509327516	Head	88
#0000FF	0.36042654373683	9.30989550566301	Tail	88
#000000	0.18594431922771	12.4844203173183	Head	88
#000000	0.214471998964436	15.6419116607402	Head	88
#000000	0.420475661978126	12.7667701543309	Head	88
#FF0000	0.469428674075753	11.3551801976282	Stand	88
#0000FF	0.151264165053144	13.2535691387486	Tail	88
#0000FF	0.490552396853454	10.6946008133236	Tail	88
#0000FF	0.374197214134038	10.6002160847653	Tail	88
#FF0000	0.353187541002408	9.91418752386235	Stand	88
#0000FF	0.0364219713862985	11.0820131535176	Tail	88
#0000FF	0.207610067320056	15.8769097870681	Tail	88
#0000FF	0.248922689924948	9.40277794641442	Tail	88
#0000FF	0.290126631841995	8.91014319909736	Tail	88
#000000	0.359130797432736	9.30687388069928	Head	88
#000000	0.467841769210063	13.5820553917903	Head	88
#FF0000	0.319175613685511	13.0302005704492	Stand	88
#FF0000	0.224210754376836	15.152874113759	Stand	88
#0000FF	0.28104018360842	13.4493929223623	Tail	88
#0000FF	0.0392392442934215	13.9492063558195	Tail	88
#000000	0.14042842852883	12.2648586610798	Head	88
#0000FF	0.208575976653956	13.3467399074696	Tail	88
#0000FF	0.108872368340381	14.6100825891364	Tail	88
#000000	0.425963781415485	14.3329961032607	Head	88
#000000	0.0864436114113778	15.8426109554712	Head	88
#000000	0.411709271012805	11.627565982705	Head	88
#000000	0.283413078277372	10.631277176179	Head	88
#000000	0.341158821005374	11.3939046303742	Head	88
#000000	0.0958492469415069	8.28164347228594	Head	88
#000000	0.326527679911815	9.63402628726326	Head	88
#000000	0.165934873386286	14.7732886873186	Head	88
#000000	0.372277173204348	10.0030619000085	Head	88
#000000	0.209469912331551	10.0649796540849	Head	88
#0000FF	0.494678205568343	8.79819108960219	Tail	88
#000000	0.493699185308069	10.1166446886491	Head	88
#0000FF	0.373351269508712	13.9106546031311	Tail	88
#000000	0.138608373226598	14.8101346877869	Head	88
#000000	0.120893967328593	12.080712683266	Head	88
#0000FF	0.306522825839929	11.2256904327776	Tail	88
#000000	0.143760716067627	10.1223021543585	Head	88
#0000FF	0.275535199432634	9.06655239816755	Tail	88
#000000	0.402645835643634	11.2419565949123	Head	88
#000000	0.0940304052690044	12.6610954490956	Head	88
#0000FF	0.212199590508826	9.89176354990341	Tail	88
#0000FF	0.245788138816133	11.6691904157866	Tail	88
#000000	0.444053403441794	9.90032721604221	Head	88
#0000FF	0.47285397792235	12.1179365934338	Tail	88
#000000	0.45098877965007	10.9604556604289	Head	88
#000000	0.347093421258032	13.2698842387646	Head	88
#000000	0.485083489669487	11.1227688615676	Head	88
#0000FF	0.268222447126173	10.9724739701487	Tail	88
#000000	0.298259510649368	12.3627659745514	Head	88
#0000FF	0.178165602954105	13.9746080110781	Tail	88
#0000FF	0.18366231570486	9.92460291502066	Tail	88
#0000FF	0.0200121502764523	11.4194197251927	Tail	88
#000000	0.261406522816978	10.2723561574239	Head	88
#0000FF	0.445521706822328	13.1137898170389	Tail	88
#0000FF	0.0131503919744864	9.63386222813278	Tail	88
#0000FF	0.0460285619972274	14.9364240691997	Tail	88
#000000	0.0921056124987081	14.0232304322533	Head	88
#0000FF	0.395167037136853	13.4126202678774	Tail	88
#000000	0.377592152906582	13.0205394114368	Head	88
#000000	0.495937817837112	11.103456869768	Head	88
#0000FF	0.243236188418232	12.3327183496673	Tail	88
#000000	0.047192256655544	15.0225222743582	Head	88
#000000	0.334409062159248	12.7376507782843	Head	88
#000000	0.38929658475332	14.7501885653473	Head	88
#0000FF	0.0785530405025929	10.6370956863277	Tail	88
#000000	0.208292297311127	13.7246645133011	Head	88
#0000FF	0.122492664600723	10.2671388874762	Tail	88
#000000	0.0389792802650481	12.8358769135084	Head	88
#000000	0.207946344153024	11.9540604438167	Head	88
#FF0000	0.042464149990119	10.2672553054057	Stand	88
#0000FF	0.122943216459826	12.6038053912576	Tail	88
#000000	0.129363013422117	12.8799138822593	Head	89
#0000FF	0.491179468217306	10.7960236144718	Tail	89
#000000	0.310682862987742	12.0111816626042	Head	89
#0000FF	0.267514863624238	15.6448958544992	Tail	89
#FF0000	0.211286671101116	11.9666386979166	Stand	89
#000000	0.450123270615004	15.144731732551	Head	89
#0000FF	0.192045932393521	15.3326178579126	Tail	89
#0000FF	0.154119640346617	12.9481328621041	Tail	89
#0000FF	0.0953226175531745	11.4033802569378	Tail	89
#0000FF	0.0960858731903136	9.34733858932741	Tail	89
#FF0000	0.25102130276151	15.4953384655062	Stand	89
#0000FF	0.136482464256696	10.5495854198001	Tail	89
#0000FF	0.118127394807525	8.67362045808695	Tail	89
#0000FF	0.347188194040209	15.5922701322939	Tail	89
#000000	0.0338318137126043	13.8206509327516	Head	89
#0000FF	0.36042654373683	9.30989550566301	Tail	89
#000000	0.18594431922771	12.4844203173183	Head	89
#000000	0.214471998964436	15.6419116607402	Head	89
#000000	0.420475661978126	12.7667701543309	Head	89
#FF0000	0.469428674075753	11.3551801976282	Stand	89
#0000FF	0.151264165053144	13.2535691387486	Tail	89
#0000FF	0.490552396853454	10.6946008133236	Tail	89
#0000FF	0.374197214134038	10.6002160847653	Tail	89
#FF0000	0.353187541002408	9.91418752386235	Stand	89
#0000FF	0.0364219713862985	11.0820131535176	Tail	89
#0000FF	0.207610067320056	15.8769097870681	Tail	89
#0000FF	0.248922689924948	9.40277794641442	Tail	89
#0000FF	0.290126631841995	8.91014319909736	Tail	89
#000000	0.359130797432736	9.30687388069928	Head	89
#000000	0.467841769210063	13.5820553917903	Head	89
#FF0000	0.319175613685511	13.0302005704492	Stand	89
#FF0000	0.224210754376836	15.152874113759	Stand	89
#0000FF	0.28104018360842	13.4493929223623	Tail	89
#0000FF	0.0392392442934215	13.9492063558195	Tail	89
#000000	0.14042842852883	12.2648586610798	Head	89
#0000FF	0.208575976653956	13.3467399074696	Tail	89
#0000FF	0.108872368340381	14.6100825891364	Tail	89
#000000	0.425963781415485	14.3329961032607	Head	89
#000000	0.0864436114113778	15.8426109554712	Head	89
#000000	0.411709271012805	11.627565982705	Head	89
#000000	0.283413078277372	10.631277176179	Head	89
#000000	0.341158821005374	11.3939046303742	Head	89
#000000	0.0958492469415069	8.28164347228594	Head	89
#000000	0.326527679911815	9.63402628726326	Head	89
#000000	0.165934873386286	14.7732886873186	Head	89
#000000	0.372277173204348	10.0030619000085	Head	89
#000000	0.209469912331551	10.0649796540849	Head	89
#0000FF	0.494678205568343	8.79819108960219	Tail	89
#000000	0.493699185308069	10.1166446886491	Head	89
#0000FF	0.373351269508712	13.9106546031311	Tail	89
#000000	0.138608373226598	14.8101346877869	Head	89
#000000	0.120893967328593	12.080712683266	Head	89
#0000FF	0.306522825839929	11.2256904327776	Tail	89
#000000	0.143760716067627	10.1223021543585	Head	89
#0000FF	0.275535199432634	9.06655239816755	Tail	89
#000000	0.402645835643634	11.2419565949123	Head	89
#000000	0.0940304052690044	12.6610954490956	Head	89
#0000FF	0.212199590508826	9.89176354990341	Tail	89
#0000FF	0.245788138816133	11.6691904157866	Tail	89
#000000	0.444053403441794	9.90032721604221	Head	89
#0000FF	0.47285397792235	12.1179365934338	Tail	89
#000000	0.45098877965007	10.9604556604289	Head	89
#000000	0.347093421258032	13.2698842387646	Head	89
#000000	0.485083489669487	11.1227688615676	Head	89
#0000FF	0.268222447126173	10.9724739701487	Tail	89
#000000	0.298259510649368	12.3627659745514	Head	89
#0000FF	0.178165602954105	13.9746080110781	Tail	89
#0000FF	0.18366231570486	9.92460291502066	Tail	89
#0000FF	0.0200121502764523	11.4194197251927	Tail	89
#000000	0.261406522816978	10.2723561574239	Head	89
#0000FF	0.445521706822328	13.1137898170389	Tail	89
#0000FF	0.0131503919744864	9.63386222813278	Tail	89
#0000FF	0.0460285619972274	14.9364240691997	Tail	89
#000000	0.0921056124987081	14.0232304322533	Head	89
#0000FF	0.395167037136853	13.4126202678774	Tail	89
#000000	0.377592152906582	13.0205394114368	Head	89
#000000	0.495937817837112	11.103456869768	Head	89
#0000FF	0.243236188418232	12.3327183496673	Tail	89
#000000	0.047192256655544	15.0225222743582	Head	89
#000000	0.334409062159248	12.7376507782843	Head	89
#000000	0.38929658475332	14.7501885653473	Head	89
#0000FF	0.0785530405025929	10.6370956863277	Tail	89
#000000	0.208292297311127	13.7246645133011	Head	89
#0000FF	0.122492664600723	10.2671388874762	Tail	89
#000000	0.0389792802650481	12.8358769135084	Head	89
#000000	0.207946344153024	11.9540604438167	Head	89
#FF0000	0.042464149990119	10.2672553054057	Stand	89
#0000FF	0.122943216459826	12.6038053912576	Tail	89
#0000FF	0.037314554550685	15.3228681396227	Tail	89
#000000	0.129363013422117	12.8799138822593	Head	90
#0000FF	0.491179468217306	10.7960236144718	Tail	90
#000000	0.310682862987742	12.0111816626042	Head	90
#0000FF	0.267514863624238	15.6448958544992	Tail	90
#FF0000	0.211286671101116	11.9666386979166	Stand	90
#000000	0.450123270615004	15.144731732551	Head	90
#0000FF	0.192045932393521	15.3326178579126	Tail	90
#0000FF	0.154119640346617	12.9481328621041	Tail	90
#0000FF	0.0953226175531745	11.4033802569378	Tail	90
#0000FF	0.0960858731903136	9.34733858932741	Tail	90
#FF0000	0.25102130276151	15.4953384655062	Stand	90
#0000FF	0.136482464256696	10.5495854198001	Tail	90
#0000FF	0.118127394807525	8.67362045808695	Tail	90
#0000FF	0.347188194040209	15.5922701322939	Tail	90
#000000	0.0338318137126043	13.8206509327516	Head	90
#0000FF	0.36042654373683	9.30989550566301	Tail	90
#000000	0.18594431922771	12.4844203173183	Head	90
#000000	0.214471998964436	15.6419116607402	Head	90
#000000	0.420475661978126	12.7667701543309	Head	90
#FF0000	0.469428674075753	11.3551801976282	Stand	90
#0000FF	0.151264165053144	13.2535691387486	Tail	90
#0000FF	0.490552396853454	10.6946008133236	Tail	90
#0000FF	0.374197214134038	10.6002160847653	Tail	90
#FF0000	0.353187541002408	9.91418752386235	Stand	90
#0000FF	0.0364219713862985	11.0820131535176	Tail	90
#0000FF	0.207610067320056	15.8769097870681	Tail	90
#0000FF	0.248922689924948	9.40277794641442	Tail	90
#0000FF	0.290126631841995	8.91014319909736	Tail	90
#000000	0.359130797432736	9.30687388069928	Head	90
#000000	0.467841769210063	13.5820553917903	Head	90
#FF0000	0.319175613685511	13.0302005704492	Stand	90
#FF0000	0.224210754376836	15.152874113759	Stand	90
#0000FF	0.28104018360842	13.4493929223623	Tail	90
#0000FF	0.0392392442934215	13.9492063558195	Tail	90
#000000	0.14042842852883	12.2648586610798	Head	90
#0000FF	0.208575976653956	13.3467399074696	Tail	90
#0000FF	0.108872368340381	14.6100825891364	Tail	90
#000000	0.425963781415485	14.3329961032607	Head	90
#000000	0.0864436114113778	15.8426109554712	Head	90
#000000	0.411709271012805	11.627565982705	Head	90
#000000	0.283413078277372	10.631277176179	Head	90
#000000	0.341158821005374	11.3939046303742	Head	90
#000000	0.0958492469415069	8.28164347228594	Head	90
#000000	0.326527679911815	9.63402628726326	Head	90
#000000	0.165934873386286	14.7732886873186	Head	90
#000000	0.372277173204348	10.0030619000085	Head	90
#000000	0.209469912331551	10.0649796540849	Head	90
#0000FF	0.494678205568343	8.79819108960219	Tail	90
#000000	0.493699185308069	10.1166446886491	Head	90
#0000FF	0.373351269508712	13.9106546031311	Tail	90
#000000	0.138608373226598	14.8101346877869	Head	90
#000000	0.120893967328593	12.080712683266	Head	90
#0000FF	0.306522825839929	11.2256904327776	Tail	90
#000000	0.143760716067627	10.1223021543585	Head	90
#0000FF	0.275535199432634	9.06655239816755	Tail	90
#000000	0.402645835643634	11.2419565949123	Head	90
#000000	0.0940304052690044	12.6610954490956	Head	90
#0000FF	0.212199590508826	9.89176354990341	Tail	90
#0000FF	0.245788138816133	11.6691904157866	Tail	90
#000000	0.444053403441794	9.90032721604221	Head	90
#0000FF	0.47285397792235	12.1179365934338	Tail	90
#000000	0.45098877965007	10.9604556604289	Head	90
#000000	0.347093421258032	13.2698842387646	Head	90
#000000	0.485083489669487	11.1227688615676	Head	90
#0000FF	0.268222447126173	10.9724739701487	Tail	90
#000000	0.298259510649368	12.3627659745514	Head	90
#0000FF	0.178165602954105	13.9746080110781	Tail	90
#0000FF	0.18366231570486	9.92460291502066	Tail	90
#0000FF	0.0200121502764523	11.4194197251927	Tail	90
#000000	0.261406522816978	10.2723561574239	Head	90
#0000FF	0.445521706822328	13.1137898170389	Tail	90
#0000FF	0.0131503919744864	9.63386222813278	Tail	90
#0000FF	0.0460285619972274	14.9364240691997	Tail	90
#000000	0.0921056124987081	14.0232304322533	Head	90
#0000FF	0.395167037136853	13.4126202678774	Tail	90
#000000	0.377592152906582	13.0205394114368	Head	90
#000000	0.495937817837112	11.103456869768	Head	90
#0000FF	0.243236188418232	12.3327183496673	Tail	90
#000000	0.047192256655544	15.0225222743582	Head	90
#000000	0.334409062159248	12.7376507782843	Head	90
#000000	0.38929658475332	14.7501885653473	Head	90
#0000FF	0.0785530405025929	10.6370956863277	Tail	90
#000000	0.208292297311127	13.7246645133011	Head	90
#0000FF	0.122492664600723	10.2671388874762	Tail	90
#000000	0.0389792802650481	12.8358769135084	Head	90
#000000	0.207946344153024	11.9540604438167	Head	90
#FF0000	0.042464149990119	10.2672553054057	Stand	90
#0000FF	0.122943216459826	12.6038053912576	Tail	90
#0000FF	0.037314554550685	15.3228681396227	Tail	90
#000000	0.345141019779258	15.2346202380955	Head	90
#000000	0.129363013422117	12.8799138822593	Head	91
#0000FF	0.491179468217306	10.7960236144718	Tail	91
#000000	0.310682862987742	12.0111816626042	Head	91
#0000FF	0.267514863624238	15.6448958544992	Tail	91
#FF0000	0.211286671101116	11.9666386979166	Stand	91
#000000	0.450123270615004	15.144731732551	Head	91
#0000FF	0.192045932393521	15.3326178579126	Tail	91
#0000FF	0.154119640346617	12.9481328621041	Tail	91
#0000FF	0.0953226175531745	11.4033802569378	Tail	91
#0000FF	0.0960858731903136	9.34733858932741	Tail	91
#FF0000	0.25102130276151	15.4953384655062	Stand	91
#0000FF	0.136482464256696	10.5495854198001	Tail	91
#0000FF	0.118127394807525	8.67362045808695	Tail	91
#0000FF	0.347188194040209	15.5922701322939	Tail	91
#000000	0.0338318137126043	13.8206509327516	Head	91
#0000FF	0.36042654373683	9.30989550566301	Tail	91
#000000	0.18594431922771	12.4844203173183	Head	91
#000000	0.214471998964436	15.6419116607402	Head	91
#000000	0.420475661978126	12.7667701543309	Head	91
#FF0000	0.469428674075753	11.3551801976282	Stand	91
#0000FF	0.151264165053144	13.2535691387486	Tail	91
#0000FF	0.490552396853454	10.6946008133236	Tail	91
#0000FF	0.374197214134038	10.6002160847653	Tail	91
#FF0000	0.353187541002408	9.91418752386235	Stand	91
#0000FF	0.0364219713862985	11.0820131535176	Tail	91
#0000FF	0.207610067320056	15.8769097870681	Tail	91
#0000FF	0.248922689924948	9.40277794641442	Tail	91
#0000FF	0.290126631841995	8.91014319909736	Tail	91
#000000	0.359130797432736	9.30687388069928	Head	91
#000000	0.467841769210063	13.5820553917903	Head	91
#FF0000	0.319175613685511	13.0302005704492	Stand	91
#FF0000	0.224210754376836	15.152874113759	Stand	91
#0000FF	0.28104018360842	13.4493929223623	Tail	91
#0000FF	0.0392392442934215	13.9492063558195	Tail	91
#000000	0.14042842852883	12.2648586610798	Head	91
#0000FF	0.208575976653956	13.3467399074696	Tail	91
#0000FF	0.108872368340381	14.6100825891364	Tail	91
#000000	0.425963781415485	14.3329961032607	Head	91
#000000	0.0864436114113778	15.8426109554712	Head	91
#000000	0.411709271012805	11.627565982705	Head	91
#000000	0.283413078277372	10.631277176179	Head	91
#000000	0.341158821005374	11.3939046303742	Head	91
#000000	0.0958492469415069	8.28164347228594	Head	91
#000000	0.326527679911815	9.63402628726326	Head	91
#000000	0.165934873386286	14.7732886873186	Head	91
#000000	0.372277173204348	10.0030619000085	Head	91
#000000	0.209469912331551	10.0649796540849	Head	91
#0000FF	0.494678205568343	8.79819108960219	Tail	91
#000000	0.493699185308069	10.1166446886491	Head	91
#0000FF	0.373351269508712	13.9106546031311	Tail	91
#000000	0.138608373226598	14.8101346877869	Head	91
#000000	0.120893967328593	12.080712683266	Head	91
#0000FF	0.306522825839929	11.2256904327776	Tail	91
#000000	0.143760716067627	10.1223021543585	Head	91
#0000FF	0.275535199432634	9.06655239816755	Tail	91
#000000	0.402645835643634	11.2419565949123	Head	91
#000000	0.0940304052690044	12.6610954490956	Head	91
#0000FF	0.212199590508826	9.89176354990341	Tail	91
#0000FF	0.245788138816133	11.6691904157866	Tail	91
#000000	0.444053403441794	9.90032721604221	Head	91
#0000FF	0.47285397792235	12.1179365934338	Tail	91
#000000	0.45098877965007	10.9604556604289	Head	91
#000000	0.347093421258032	13.2698842387646	Head	91
#000000	0.485083489669487	11.1227688615676	Head	91
#0000FF	0.268222447126173	10.9724739701487	Tail	91
#000000	0.298259510649368	12.3627659745514	Head	91
#0000FF	0.178165602954105	13.9746080110781	Tail	91
#0000FF	0.18366231570486	9.92460291502066	Tail	91
#0000FF	0.0200121502764523	11.4194197251927	Tail	91
#000000	0.261406522816978	10.2723561574239	Head	91
#0000FF	0.445521706822328	13.1137898170389	Tail	91
#0000FF	0.0131503919744864	9.63386222813278	Tail	91
#0000FF	0.0460285619972274	14.9364240691997	Tail	91
#000000	0.0921056124987081	14.0232304322533	Head	91
#0000FF	0.395167037136853	13.4126202678774	Tail	91
#000000	0.377592152906582	13.0205394114368	Head	91
#000000	0.495937817837112	11.103456869768	Head	91
#0000FF	0.243236188418232	12.3327183496673	Tail	91
#000000	0.047192256655544	15.0225222743582	Head	91
#000000	0.334409062159248	12.7376507782843	Head	91
#000000	0.38929658475332	14.7501885653473	Head	91
#0000FF	0.0785530405025929	10.6370956863277	Tail	91
#000000	0.208292297311127	13.7246645133011	Head	91
#0000FF	0.122492664600723	10.2671388874762	Tail	91
#000000	0.0389792802650481	12.8358769135084	Head	91
#000000	0.207946344153024	11.9540604438167	Head	91
#FF0000	0.042464149990119	10.2672553054057	Stand	91
#0000FF	0.122943216459826	12.6038053912576	Tail	91
#0000FF	0.037314554550685	15.3228681396227	Tail	91
#000000	0.345141019779258	15.2346202380955	Head	91
#000000	0.158870891309343	10.3384996477049	Head	91
#000000	0.129363013422117	12.8799138822593	Head	92
#0000FF	0.491179468217306	10.7960236144718	Tail	92
#000000	0.310682862987742	12.0111816626042	Head	92
#0000FF	0.267514863624238	15.6448958544992	Tail	92
#FF0000	0.211286671101116	11.9666386979166	Stand	92
#000000	0.450123270615004	15.144731732551	Head	92
#0000FF	0.192045932393521	15.3326178579126	Tail	92
#0000FF	0.154119640346617	12.9481328621041	Tail	92
#0000FF	0.0953226175531745	11.4033802569378	Tail	92
#0000FF	0.0960858731903136	9.34733858932741	Tail	92
#FF0000	0.25102130276151	15.4953384655062	Stand	92
#0000FF	0.136482464256696	10.5495854198001	Tail	92
#0000FF	0.118127394807525	8.67362045808695	Tail	92
#0000FF	0.347188194040209	15.5922701322939	Tail	92
#000000	0.0338318137126043	13.8206509327516	Head	92
#0000FF	0.36042654373683	9.30989550566301	Tail	92
#000000	0.18594431922771	12.4844203173183	Head	92
#000000	0.214471998964436	15.6419116607402	Head	92
#000000	0.420475661978126	12.7667701543309	Head	92
#FF0000	0.469428674075753	11.3551801976282	Stand	92
#0000FF	0.151264165053144	13.2535691387486	Tail	92
#0000FF	0.490552396853454	10.6946008133236	Tail	92
#0000FF	0.374197214134038	10.6002160847653	Tail	92
#FF0000	0.353187541002408	9.91418752386235	Stand	92
#0000FF	0.0364219713862985	11.0820131535176	Tail	92
#0000FF	0.207610067320056	15.8769097870681	Tail	92
#0000FF	0.248922689924948	9.40277794641442	Tail	92
#0000FF	0.290126631841995	8.91014319909736	Tail	92
#000000	0.359130797432736	9.30687388069928	Head	92
#000000	0.467841769210063	13.5820553917903	Head	92
#FF0000	0.319175613685511	13.0302005704492	Stand	92
#FF0000	0.224210754376836	15.152874113759	Stand	92
#0000FF	0.28104018360842	13.4493929223623	Tail	92
#0000FF	0.0392392442934215	13.9492063558195	Tail	92
#000000	0.14042842852883	12.2648586610798	Head	92
#0000FF	0.208575976653956	13.3467399074696	Tail	92
#0000FF	0.108872368340381	14.6100825891364	Tail	92
#000000	0.425963781415485	14.3329961032607	Head	92
#000000	0.0864436114113778	15.8426109554712	Head	92
#000000	0.411709271012805	11.627565982705	Head	92
#000000	0.283413078277372	10.631277176179	Head	92
#000000	0.341158821005374	11.3939046303742	Head	92
#000000	0.0958492469415069	8.28164347228594	Head	92
#000000	0.326527679911815	9.63402628726326	Head	92
#000000	0.165934873386286	14.7732886873186	Head	92
#000000	0.372277173204348	10.0030619000085	Head	92
#000000	0.209469912331551	10.0649796540849	Head	92
#0000FF	0.494678205568343	8.79819108960219	Tail	92
#000000	0.493699185308069	10.1166446886491	Head	92
#0000FF	0.373351269508712	13.9106546031311	Tail	92
#000000	0.138608373226598	14.8101346877869	Head	92
#000000	0.120893967328593	12.080712683266	Head	92
#0000FF	0.306522825839929	11.2256904327776	Tail	92
#000000	0.143760716067627	10.1223021543585	Head	92
#0000FF	0.275535199432634	9.06655239816755	Tail	92
#000000	0.402645835643634	11.2419565949123	Head	92
#000000	0.0940304052690044	12.6610954490956	Head	92
#0000FF	0.212199590508826	9.89176354990341	Tail	92
#0000FF	0.245788138816133	11.6691904157866	Tail	92
#000000	0.444053403441794	9.90032721604221	Head	92
#0000FF	0.47285397792235	12.1179365934338	Tail	92
#000000	0.45098877965007	10.9604556604289	Head	92
#000000	0.347093421258032	13.2698842387646	Head	92
#000000	0.485083489669487	11.1227688615676	Head	92
#0000FF	0.268222447126173	10.9724739701487	Tail	92
#000000	0.298259510649368	12.3627659745514	Head	92
#0000FF	0.178165602954105	13.9746080110781	Tail	92
#0000FF	0.18366231570486	9.92460291502066	Tail	92
#0000FF	0.0200121502764523	11.4194197251927	Tail	92
#000000	0.261406522816978	10.2723561574239	Head	92
#0000FF	0.445521706822328	13.1137898170389	Tail	92
#0000FF	0.0131503919744864	9.63386222813278	Tail	92
#0000FF	0.0460285619972274	14.9364240691997	Tail	92
#000000	0.0921056124987081	14.0232304322533	Head	92
#0000FF	0.395167037136853	13.4126202678774	Tail	92
#000000	0.377592152906582	13.0205394114368	Head	92
#000000	0.495937817837112	11.103456869768	Head	92
#0000FF	0.243236188418232	12.3327183496673	Tail	92
#000000	0.047192256655544	15.0225222743582	Head	92
#000000	0.334409062159248	12.7376507782843	Head	92
#000000	0.38929658475332	14.7501885653473	Head	92
#0000FF	0.0785530405025929	10.6370956863277	Tail	92
#000000	0.208292297311127	13.7246645133011	Head	92
#0000FF	0.122492664600723	10.2671388874762	Tail	92
#000000	0.0389792802650481	12.8358769135084	Head	92
#000000	0.207946344153024	11.9540604438167	Head	92
#FF0000	0.042464149990119	10.2672553054057	Stand	92
#0000FF	0.122943216459826	12.6038053912576	Tail	92
#0000FF	0.037314554550685	15.3228681396227	Tail	92
#000000	0.345141019779258	15.2346202380955	Head	92
#000000	0.158870891309343	10.3384996477049	Head	92
#0000FF	0.0603607911523432	10.7075654999819	Tail	92
#000000	0.129363013422117	12.8799138822593	Head	93
#0000FF	0.491179468217306	10.7960236144718	Tail	93
#000000	0.310682862987742	12.0111816626042	Head	93
#0000FF	0.267514863624238	15.6448958544992	Tail	93
#FF0000	0.211286671101116	11.9666386979166	Stand	93
#000000	0.450123270615004	15.144731732551	Head	93
#0000FF	0.192045932393521	15.3326178579126	Tail	93
#0000FF	0.154119640346617	12.9481328621041	Tail	93
#0000FF	0.0953226175531745	11.4033802569378	Tail	93
#0000FF	0.0960858731903136	9.34733858932741	Tail	93
#FF0000	0.25102130276151	15.4953384655062	Stand	93
#0000FF	0.136482464256696	10.5495854198001	Tail	93
#0000FF	0.118127394807525	8.67362045808695	Tail	93
#0000FF	0.347188194040209	15.5922701322939	Tail	93
#000000	0.0338318137126043	13.8206509327516	Head	93
#0000FF	0.36042654373683	9.30989550566301	Tail	93
#000000	0.18594431922771	12.4844203173183	Head	93
#000000	0.214471998964436	15.6419116607402	Head	93
#000000	0.420475661978126	12.7667701543309	Head	93
#FF0000	0.469428674075753	11.3551801976282	Stand	93
#0000FF	0.151264165053144	13.2535691387486	Tail	93
#0000FF	0.490552396853454	10.6946008133236	Tail	93
#0000FF	0.374197214134038	10.6002160847653	Tail	93
#FF0000	0.353187541002408	9.91418752386235	Stand	93
#0000FF	0.0364219713862985	11.0820131535176	Tail	93
#0000FF	0.207610067320056	15.8769097870681	Tail	93
#0000FF	0.248922689924948	9.40277794641442	Tail	93
#0000FF	0.290126631841995	8.91014319909736	Tail	93
#000000	0.359130797432736	9.30687388069928	Head	93
#000000	0.467841769210063	13.5820553917903	Head	93
#FF0000	0.319175613685511	13.0302005704492	Stand	93
#FF0000	0.224210754376836	15.152874113759	Stand	93
#0000FF	0.28104018360842	13.4493929223623	Tail	93
#0000FF	0.0392392442934215	13.9492063558195	Tail	93
#000000	0.14042842852883	12.2648586610798	Head	93
#0000FF	0.208575976653956	13.3467399074696	Tail	93
#0000FF	0.108872368340381	14.6100825891364	Tail	93
#000000	0.425963781415485	14.3329961032607	Head	93
#000000	0.0864436114113778	15.8426109554712	Head	93
#000000	0.411709271012805	11.627565982705	Head	93
#000000	0.283413078277372	10.631277176179	Head	93
#000000	0.341158821005374	11.3939046303742	Head	93
#000000	0.0958492469415069	8.28164347228594	Head	93
#000000	0.326527679911815	9.63402628726326	Head	93
#000000	0.165934873386286	14.7732886873186	Head	93
#000000	0.372277173204348	10.0030619000085	Head	93
#000000	0.209469912331551	10.0649796540849	Head	93
#0000FF	0.494678205568343	8.79819108960219	Tail	93
#000000	0.493699185308069	10.1166446886491	Head	93
#0000FF	0.373351269508712	13.9106546031311	Tail	93
#000000	0.138608373226598	14.8101346877869	Head	93
#000000	0.120893967328593	12.080712683266	Head	93
#0000FF	0.306522825839929	11.2256904327776	Tail	93
#000000	0.143760716067627	10.1223021543585	Head	93
#0000FF	0.275535199432634	9.06655239816755	Tail	93
#000000	0.402645835643634	11.2419565949123	Head	93
#000000	0.0940304052690044	12.6610954490956	Head	93
#0000FF	0.212199590508826	9.89176354990341	Tail	93
#0000FF	0.245788138816133	11.6691904157866	Tail	93
#000000	0.444053403441794	9.90032721604221	Head	93
#0000FF	0.47285397792235	12.1179365934338	Tail	93
#000000	0.45098877965007	10.9604556604289	Head	93
#000000	0.347093421258032	13.2698842387646	Head	93
#000000	0.485083489669487	11.1227688615676	Head	93
#0000FF	0.268222447126173	10.9724739701487	Tail	93
#000000	0.298259510649368	12.3627659745514	Head	93
#0000FF	0.178165602954105	13.9746080110781	Tail	93
#0000FF	0.18366231570486	9.92460291502066	Tail	93
#0000FF	0.0200121502764523	11.4194197251927	Tail	93
#000000	0.261406522816978	10.2723561574239	Head	93
#0000FF	0.445521706822328	13.1137898170389	Tail	93
#0000FF	0.0131503919744864	9.63386222813278	Tail	93
#0000FF	0.0460285619972274	14.9364240691997	Tail	93
#000000	0.0921056124987081	14.0232304322533	Head	93
#0000FF	0.395167037136853	13.4126202678774	Tail	93
#000000	0.377592152906582	13.0205394114368	Head	93
#000000	0.495937817837112	11.103456869768	Head	93
#0000FF	0.243236188418232	12.3327183496673	Tail	93
#000000	0.047192256655544	15.0225222743582	Head	93
#000000	0.334409062159248	12.7376507782843	Head	93
#000000	0.38929658475332	14.7501885653473	Head	93
#0000FF	0.0785530405025929	10.6370956863277	Tail	93
#000000	0.208292297311127	13.7246645133011	Head	93
#0000FF	0.122492664600723	10.2671388874762	Tail	93
#000000	0.0389792802650481	12.8358769135084	Head	93
#000000	0.207946344153024	11.9540604438167	Head	93
#FF0000	0.042464149990119	10.2672553054057	Stand	93
#0000FF	0.122943216459826	12.6038053912576	Tail	93
#0000FF	0.037314554550685	15.3228681396227	Tail	93
#000000	0.345141019779258	15.2346202380955	Head	93
#000000	0.158870891309343	10.3384996477049	Head	93
#0000FF	0.0603607911523432	10.7075654999819	Tail	93
#000000	0.0459520486090332	15.8879988981411	Head	93
#000000	0.129363013422117	12.8799138822593	Head	94
#0000FF	0.491179468217306	10.7960236144718	Tail	94
#000000	0.310682862987742	12.0111816626042	Head	94
#0000FF	0.267514863624238	15.6448958544992	Tail	94
#FF0000	0.211286671101116	11.9666386979166	Stand	94
#000000	0.450123270615004	15.144731732551	Head	94
#0000FF	0.192045932393521	15.3326178579126	Tail	94
#0000FF	0.154119640346617	12.9481328621041	Tail	94
#0000FF	0.0953226175531745	11.4033802569378	Tail	94
#0000FF	0.0960858731903136	9.34733858932741	Tail	94
#FF0000	0.25102130276151	15.4953384655062	Stand	94
#0000FF	0.136482464256696	10.5495854198001	Tail	94
#0000FF	0.118127394807525	8.67362045808695	Tail	94
#0000FF	0.347188194040209	15.5922701322939	Tail	94
#000000	0.0338318137126043	13.8206509327516	Head	94
#0000FF	0.36042654373683	9.30989550566301	Tail	94
#000000	0.18594431922771	12.4844203173183	Head	94
#000000	0.214471998964436	15.6419116607402	Head	94
#000000	0.420475661978126	12.7667701543309	Head	94
#FF0000	0.469428674075753	11.3551801976282	Stand	94
#0000FF	0.151264165053144	13.2535691387486	Tail	94
#0000FF	0.490552396853454	10.6946008133236	Tail	94
#0000FF	0.374197214134038	10.6002160847653	Tail	94
#FF0000	0.353187541002408	9.91418752386235	Stand	94
#0000FF	0.0364219713862985	11.0820131535176	Tail	94
#0000FF	0.207610067320056	15.8769097870681	Tail	94
#0000FF	0.248922689924948	9.40277794641442	Tail	94
#0000FF	0.290126631841995	8.91014319909736	Tail	94
#000000	0.359130797432736	9.30687388069928	Head	94
#000000	0.467841769210063	13.5820553917903	Head	94
#FF0000	0.319175613685511	13.0302005704492	Stand	94
#FF0000	0.224210754376836	15.152874113759	Stand	94
#0000FF	0.28104018360842	13.4493929223623	Tail	94
#0000FF	0.0392392442934215	13.9492063558195	Tail	94
#000000	0.14042842852883	12.2648586610798	Head	94
#0000FF	0.208575976653956	13.3467399074696	Tail	94
#0000FF	0.108872368340381	14.6100825891364	Tail	94
#000000	0.425963781415485	14.3329961032607	Head	94
#000000	0.0864436114113778	15.8426109554712	Head	94
#000000	0.411709271012805	11.627565982705	Head	94
#000000	0.283413078277372	10.631277176179	Head	94
#000000	0.341158821005374	11.3939046303742	Head	94
#000000	0.0958492469415069	8.28164347228594	Head	94
#000000	0.326527679911815	9.63402628726326	Head	94
#000000	0.165934873386286	14.7732886873186	Head	94
#000000	0.372277173204348	10.0030619000085	Head	94
#000000	0.209469912331551	10.0649796540849	Head	94
#0000FF	0.494678205568343	8.79819108960219	Tail	94
#000000	0.493699185308069	10.1166446886491	Head	94
#0000FF	0.373351269508712	13.9106546031311	Tail	94
#000000	0.138608373226598	14.8101346877869	Head	94
#000000	0.120893967328593	12.080712683266	Head	94
#0000FF	0.306522825839929	11.2256904327776	Tail	94
#000000	0.143760716067627	10.1223021543585	Head	94
#0000FF	0.275535199432634	9.06655239816755	Tail	94
#000000	0.402645835643634	11.2419565949123	Head	94
#000000	0.0940304052690044	12.6610954490956	Head	94
#0000FF	0.212199590508826	9.89176354990341	Tail	94
#0000FF	0.245788138816133	11.6691904157866	Tail	94
#000000	0.444053403441794	9.90032721604221	Head	94
#0000FF	0.47285397792235	12.1179365934338	Tail	94
#000000	0.45098877965007	10.9604556604289	Head	94
#000000	0.347093421258032	13.2698842387646	Head	94
#000000	0.485083489669487	11.1227688615676	Head	94
#0000FF	0.268222447126173	10.9724739701487	Tail	94
#000000	0.298259510649368	12.3627659745514	Head	94
#0000FF	0.178165602954105	13.9746080110781	Tail	94
#0000FF	0.18366231570486	9.92460291502066	Tail	94
#0000FF	0.0200121502764523	11.4194197251927	Tail	94
#000000	0.261406522816978	10.2723561574239	Head	94
#0000FF	0.445521706822328	13.1137898170389	Tail	94
#0000FF	0.0131503919744864	9.63386222813278	Tail	94
#0000FF	0.0460285619972274	14.9364240691997	Tail	94
#000000	0.0921056124987081	14.0232304322533	Head	94
#0000FF	0.395167037136853	13.4126202678774	Tail	94
#000000	0.377592152906582	13.0205394114368	Head	94
#000000	0.495937817837112	11.103456869768	Head	94
#0000FF	0.243236188418232	12.3327183496673	Tail	94
#000000	0.047192256655544	15.0225222743582	Head	94
#000000	0.334409062159248	12.7376507782843	Head	94
#000000	0.38929658475332	14.7501885653473	Head	94
#0000FF	0.0785530405025929	10.6370956863277	Tail	94
#000000	0.208292297311127	13.7246645133011	Head	94
#0000FF	0.122492664600723	10.2671388874762	Tail	94
#000000	0.0389792802650481	12.8358769135084	Head	94
#000000	0.207946344153024	11.9540604438167	Head	94
#FF0000	0.042464149990119	10.2672553054057	Stand	94
#0000FF	0.122943216459826	12.6038053912576	Tail	94
#0000FF	0.037314554550685	15.3228681396227	Tail	94
#000000	0.345141019779258	15.2346202380955	Head	94
#000000	0.158870891309343	10.3384996477049	Head	94
#0000FF	0.0603607911523432	10.7075654999819	Tail	94
#000000	0.0459520486090332	15.8879988981411	Head	94
#0000FF	0.450220284392126	13.0359478194732	Tail	94
#000000	0.129363013422117	12.8799138822593	Head	95
#0000FF	0.491179468217306	10.7960236144718	Tail	95
#000000	0.310682862987742	12.0111816626042	Head	95
#0000FF	0.267514863624238	15.6448958544992	Tail	95
#FF0000	0.211286671101116	11.9666386979166	Stand	95
#000000	0.450123270615004	15.144731732551	Head	95
#0000FF	0.192045932393521	15.3326178579126	Tail	95
#0000FF	0.154119640346617	12.9481328621041	Tail	95
#0000FF	0.0953226175531745	11.4033802569378	Tail	95
#0000FF	0.0960858731903136	9.34733858932741	Tail	95
#FF0000	0.25102130276151	15.4953384655062	Stand	95
#0000FF	0.136482464256696	10.5495854198001	Tail	95
#0000FF	0.118127394807525	8.67362045808695	Tail	95
#0000FF	0.347188194040209	15.5922701322939	Tail	95
#000000	0.0338318137126043	13.8206509327516	Head	95
#0000FF	0.36042654373683	9.30989550566301	Tail	95
#000000	0.18594431922771	12.4844203173183	Head	95
#000000	0.214471998964436	15.6419116607402	Head	95
#000000	0.420475661978126	12.7667701543309	Head	95
#FF0000	0.469428674075753	11.3551801976282	Stand	95
#0000FF	0.151264165053144	13.2535691387486	Tail	95
#0000FF	0.490552396853454	10.6946008133236	Tail	95
#0000FF	0.374197214134038	10.6002160847653	Tail	95
#FF0000	0.353187541002408	9.91418752386235	Stand	95
#0000FF	0.0364219713862985	11.0820131535176	Tail	95
#0000FF	0.207610067320056	15.8769097870681	Tail	95
#0000FF	0.248922689924948	9.40277794641442	Tail	95
#0000FF	0.290126631841995	8.91014319909736	Tail	95
#000000	0.359130797432736	9.30687388069928	Head	95
#000000	0.467841769210063	13.5820553917903	Head	95
#FF0000	0.319175613685511	13.0302005704492	Stand	95
#FF0000	0.224210754376836	15.152874113759	Stand	95
#0000FF	0.28104018360842	13.4493929223623	Tail	95
#0000FF	0.0392392442934215	13.9492063558195	Tail	95
#000000	0.14042842852883	12.2648586610798	Head	95
#0000FF	0.208575976653956	13.3467399074696	Tail	95
#0000FF	0.108872368340381	14.6100825891364	Tail	95
#000000	0.425963781415485	14.3329961032607	Head	95
#000000	0.0864436114113778	15.8426109554712	Head	95
#000000	0.411709271012805	11.627565982705	Head	95
#000000	0.283413078277372	10.631277176179	Head	95
#000000	0.341158821005374	11.3939046303742	Head	95
#000000	0.0958492469415069	8.28164347228594	Head	95
#000000	0.326527679911815	9.63402628726326	Head	95
#000000	0.165934873386286	14.7732886873186	Head	95
#000000	0.372277173204348	10.0030619000085	Head	95
#000000	0.209469912331551	10.0649796540849	Head	95
#0000FF	0.494678205568343	8.79819108960219	Tail	95
#000000	0.493699185308069	10.1166446886491	Head	95
#0000FF	0.373351269508712	13.9106546031311	Tail	95
#000000	0.138608373226598	14.8101346877869	Head	95
#000000	0.120893967328593	12.080712683266	Head	95
#0000FF	0.306522825839929	11.2256904327776	Tail	95
#000000	0.143760716067627	10.1223021543585	Head	95
#0000FF	0.275535199432634	9.06655239816755	Tail	95
#000000	0.402645835643634	11.2419565949123	Head	95
#000000	0.0940304052690044	12.6610954490956	Head	95
#0000FF	0.212199590508826	9.89176354990341	Tail	95
#0000FF	0.245788138816133	11.6691904157866	Tail	95
#000000	0.444053403441794	9.90032721604221	Head	95
#0000FF	0.47285397792235	12.1179365934338	Tail	95
#000000	0.45098877965007	10.9604556604289	Head	95
#000000	0.347093421258032	13.2698842387646	Head	95
#000000	0.485083489669487	11.1227688615676	Head	95
#0000FF	0.268222447126173	10.9724739701487	Tail	95
#000000	0.298259510649368	12.3627659745514	Head	95
#0000FF	0.178165602954105	13.9746080110781	Tail	95
#0000FF	0.18366231570486	9.92460291502066	Tail	95
#0000FF	0.0200121502764523	11.4194197251927	Tail	95
#000000	0.261406522816978	10.2723561574239	Head	95
#0000FF	0.445521706822328	13.1137898170389	Tail	95
#0000FF	0.0131503919744864	9.63386222813278	Tail	95
#0000FF	0.0460285619972274	14.9364240691997	Tail	95
#000000	0.0921056124987081	14.0232304322533	Head	95
#0000FF	0.395167037136853	13.4126202678774	Tail	95
#000000	0.377592152906582	13.0205394114368	Head	95
#000000	0.495937817837112	11.103456869768	Head	95
#0000FF	0.243236188418232	12.3327183496673	Tail	95
#000000	0.047192256655544	15.0225222743582	Head	95
#000000	0.334409062159248	12.7376507782843	Head	95
#000000	0.38929658475332	14.7501885653473	Head	95
#0000FF	0.0785530405025929	10.6370956863277	Tail	95
#000000	0.208292297311127	13.7246645133011	Head	95
#0000FF	0.122492664600723	10.2671388874762	Tail	95
#000000	0.0389792802650481	12.8358769135084	Head	95
#000000	0.207946344153024	11.9540604438167	Head	95
#FF0000	0.042464149990119	10.2672553054057	Stand	95
#0000FF	0.122943216459826	12.6038053912576	Tail	95
#0000FF	0.037314554550685	15.3228681396227	Tail	95
#000000	0.345141019779258	15.2346202380955	Head	95
#000000	0.158870891309343	10.3384996477049	Head	95
#0000FF	0.0603607911523432	10.7075654999819	Tail	95
#000000	0.0459520486090332	15.8879988981411	Head	95
#0000FF	0.450220284392126	13.0359478194732	Tail	95
#000000	0.387123701036908	15.5110498954076	Head	95
#000000	0.129363013422117	12.8799138822593	Head	96
#0000FF	0.491179468217306	10.7960236144718	Tail	96
#000000	0.310682862987742	12.0111816626042	Head	96
#0000FF	0.267514863624238	15.6448958544992	Tail	96
#FF0000	0.211286671101116	11.9666386979166	Stand	96
#000000	0.450123270615004	15.144731732551	Head	96
#0000FF	0.192045932393521	15.3326178579126	Tail	96
#0000FF	0.154119640346617	12.9481328621041	Tail	96
#0000FF	0.0953226175531745	11.4033802569378	Tail	96
#0000FF	0.0960858731903136	9.34733858932741	Tail	96
#FF0000	0.25102130276151	15.4953384655062	Stand	96
#0000FF	0.136482464256696	10.5495854198001	Tail	96
#0000FF	0.118127394807525	8.67362045808695	Tail	96
#0000FF	0.347188194040209	15.5922701322939	Tail	96
#000000	0.0338318137126043	13.8206509327516	Head	96
#0000FF	0.36042654373683	9.30989550566301	Tail	96
#000000	0.18594431922771	12.4844203173183	Head	96
#000000	0.214471998964436	15.6419116607402	Head	96
#000000	0.420475661978126	12.7667701543309	Head	96
#FF0000	0.469428674075753	11.3551801976282	Stand	96
#0000FF	0.151264165053144	13.2535691387486	Tail	96
#0000FF	0.490552396853454	10.6946008133236	Tail	96
#0000FF	0.374197214134038	10.6002160847653	Tail	96
#FF0000	0.353187541002408	9.91418752386235	Stand	96
#0000FF	0.0364219713862985	11.0820131535176	Tail	96
#0000FF	0.207610067320056	15.8769097870681	Tail	96
#0000FF	0.248922689924948	9.40277794641442	Tail	96
#0000FF	0.290126631841995	8.91014319909736	Tail	96
#000000	0.359130797432736	9.30687388069928	Head	96
#000000	0.467841769210063	13.5820553917903	Head	96
#FF0000	0.319175613685511	13.0302005704492	Stand	96
#FF0000	0.224210754376836	15.152874113759	Stand	96
#0000FF	0.28104018360842	13.4493929223623	Tail	96
#0000FF	0.0392392442934215	13.9492063558195	Tail	96
#000000	0.14042842852883	12.2648586610798	Head	96
#0000FF	0.208575976653956	13.3467399074696	Tail	96
#0000FF	0.108872368340381	14.6100825891364	Tail	96
#000000	0.425963781415485	14.3329961032607	Head	96
#000000	0.0864436114113778	15.8426109554712	Head	96
#000000	0.411709271012805	11.627565982705	Head	96
#000000	0.283413078277372	10.631277176179	Head	96
#000000	0.341158821005374	11.3939046303742	Head	96
#000000	0.0958492469415069	8.28164347228594	Head	96
#000000	0.326527679911815	9.63402628726326	Head	96
#000000	0.165934873386286	14.7732886873186	Head	96
#000000	0.372277173204348	10.0030619000085	Head	96
#000000	0.209469912331551	10.0649796540849	Head	96
#0000FF	0.494678205568343	8.79819108960219	Tail	96
#000000	0.493699185308069	10.1166446886491	Head	96
#0000FF	0.373351269508712	13.9106546031311	Tail	96
#000000	0.138608373226598	14.8101346877869	Head	96
#000000	0.120893967328593	12.080712683266	Head	96
#0000FF	0.306522825839929	11.2256904327776	Tail	96
#000000	0.143760716067627	10.1223021543585	Head	96
#0000FF	0.275535199432634	9.06655239816755	Tail	96
#000000	0.402645835643634	11.2419565949123	Head	96
#000000	0.0940304052690044	12.6610954490956	Head	96
#0000FF	0.212199590508826	9.89176354990341	Tail	96
#0000FF	0.245788138816133	11.6691904157866	Tail	96
#000000	0.444053403441794	9.90032721604221	Head	96
#0000FF	0.47285397792235	12.1179365934338	Tail	96
#000000	0.45098877965007	10.9604556604289	Head	96
#000000	0.347093421258032	13.2698842387646	Head	96
#000000	0.485083489669487	11.1227688615676	Head	96
#0000FF	0.268222447126173	10.9724739701487	Tail	96
#000000	0.298259510649368	12.3627659745514	Head	96
#0000FF	0.178165602954105	13.9746080110781	Tail	96
#0000FF	0.18366231570486	9.92460291502066	Tail	96
#0000FF	0.0200121502764523	11.4194197251927	Tail	96
#000000	0.261406522816978	10.2723561574239	Head	96
#0000FF	0.445521706822328	13.1137898170389	Tail	96
#0000FF	0.0131503919744864	9.63386222813278	Tail	96
#0000FF	0.0460285619972274	14.9364240691997	Tail	96
#000000	0.0921056124987081	14.0232304322533	Head	96
#0000FF	0.395167037136853	13.4126202678774	Tail	96
#000000	0.377592152906582	13.0205394114368	Head	96
#000000	0.495937817837112	11.103456869768	Head	96
#0000FF	0.243236188418232	12.3327183496673	Tail	96
#000000	0.047192256655544	15.0225222743582	Head	96
#000000	0.334409062159248	12.7376507782843	Head	96
#000000	0.38929658475332	14.7501885653473	Head	96
#0000FF	0.0785530405025929	10.6370956863277	Tail	96
#000000	0.208292297311127	13.7246645133011	Head	96
#0000FF	0.122492664600723	10.2671388874762	Tail	96
#000000	0.0389792802650481	12.8358769135084	Head	96
#000000	0.207946344153024	11.9540604438167	Head	96
#FF0000	0.042464149990119	10.2672553054057	Stand	96
#0000FF	0.122943216459826	12.6038053912576	Tail	96
#0000FF	0.037314554550685	15.3228681396227	Tail	96
#000000	0.345141019779258	15.2346202380955	Head	96
#000000	0.158870891309343	10.3384996477049	Head	96
#0000FF	0.0603607911523432	10.7075654999819	Tail	96
#000000	0.0459520486090332	15.8879988981411	Head	96
#0000FF	0.450220284392126	13.0359478194732	Tail	96
#000000	0.387123701036908	15.5110498954076	Head	96
#000000	0.418302943804301	11.8389550781343	Head	96
#000000	0.129363013422117	12.8799138822593	Head	97
#0000FF	0.491179468217306	10.7960236144718	Tail	97
#000000	0.310682862987742	12.0111816626042	Head	97
#0000FF	0.267514863624238	15.6448958544992	Tail	97
#FF0000	0.211286671101116	11.9666386979166	Stand	97
#000000	0.450123270615004	15.144731732551	Head	97
#0000FF	0.192045932393521	15.3326178579126	Tail	97
#0000FF	0.154119640346617	12.9481328621041	Tail	97
#0000FF	0.0953226175531745	11.4033802569378	Tail	97
#0000FF	0.0960858731903136	9.34733858932741	Tail	97
#FF0000	0.25102130276151	15.4953384655062	Stand	97
#0000FF	0.136482464256696	10.5495854198001	Tail	97
#0000FF	0.118127394807525	8.67362045808695	Tail	97
#0000FF	0.347188194040209	15.5922701322939	Tail	97
#000000	0.0338318137126043	13.8206509327516	Head	97
#0000FF	0.36042654373683	9.30989550566301	Tail	97
#000000	0.18594431922771	12.4844203173183	Head	97
#000000	0.214471998964436	15.6419116607402	Head	97
#000000	0.420475661978126	12.7667701543309	Head	97
#FF0000	0.469428674075753	11.3551801976282	Stand	97
#0000FF	0.151264165053144	13.2535691387486	Tail	97
#0000FF	0.490552396853454	10.6946008133236	Tail	97
#0000FF	0.374197214134038	10.6002160847653	Tail	97
#FF0000	0.353187541002408	9.91418752386235	Stand	97
#0000FF	0.0364219713862985	11.0820131535176	Tail	97
#0000FF	0.207610067320056	15.8769097870681	Tail	97
#0000FF	0.248922689924948	9.40277794641442	Tail	97
#0000FF	0.290126631841995	8.91014319909736	Tail	97
#000000	0.359130797432736	9.30687388069928	Head	97
#000000	0.467841769210063	13.5820553917903	Head	97
#FF0000	0.319175613685511	13.0302005704492	Stand	97
#FF0000	0.224210754376836	15.152874113759	Stand	97
#0000FF	0.28104018360842	13.4493929223623	Tail	97
#0000FF	0.0392392442934215	13.9492063558195	Tail	97
#000000	0.14042842852883	12.2648586610798	Head	97
#0000FF	0.208575976653956	13.3467399074696	Tail	97
#0000FF	0.108872368340381	14.6100825891364	Tail	97
#000000	0.425963781415485	14.3329961032607	Head	97
#000000	0.0864436114113778	15.8426109554712	Head	97
#000000	0.411709271012805	11.627565982705	Head	97
#000000	0.283413078277372	10.631277176179	Head	97
#000000	0.341158821005374	11.3939046303742	Head	97
#000000	0.0958492469415069	8.28164347228594	Head	97
#000000	0.326527679911815	9.63402628726326	Head	97
#000000	0.165934873386286	14.7732886873186	Head	97
#000000	0.372277173204348	10.0030619000085	Head	97
#000000	0.209469912331551	10.0649796540849	Head	97
#0000FF	0.494678205568343	8.79819108960219	Tail	97
#000000	0.493699185308069	10.1166446886491	Head	97
#0000FF	0.373351269508712	13.9106546031311	Tail	97
#000000	0.138608373226598	14.8101346877869	Head	97
#000000	0.120893967328593	12.080712683266	Head	97
#0000FF	0.306522825839929	11.2256904327776	Tail	97
#000000	0.143760716067627	10.1223021543585	Head	97
#0000FF	0.275535199432634	9.06655239816755	Tail	97
#000000	0.402645835643634	11.2419565949123	Head	97
#000000	0.0940304052690044	12.6610954490956	Head	97
#0000FF	0.212199590508826	9.89176354990341	Tail	97
#0000FF	0.245788138816133	11.6691904157866	Tail	97
#000000	0.444053403441794	9.90032721604221	Head	97
#0000FF	0.47285397792235	12.1179365934338	Tail	97
#000000	0.45098877965007	10.9604556604289	Head	97
#000000	0.347093421258032	13.2698842387646	Head	97
#000000	0.485083489669487	11.1227688615676	Head	97
#0000FF	0.268222447126173	10.9724739701487	Tail	97
#000000	0.298259510649368	12.3627659745514	Head	97
#0000FF	0.178165602954105	13.9746080110781	Tail	97
#0000FF	0.18366231570486	9.92460291502066	Tail	97
#0000FF	0.0200121502764523	11.4194197251927	Tail	97
#000000	0.261406522816978	10.2723561574239	Head	97
#0000FF	0.445521706822328	13.1137898170389	Tail	97
#0000FF	0.0131503919744864	9.63386222813278	Tail	97
#0000FF	0.0460285619972274	14.9364240691997	Tail	97
#000000	0.0921056124987081	14.0232304322533	Head	97
#0000FF	0.395167037136853	13.4126202678774	Tail	97
#000000	0.377592152906582	13.0205394114368	Head	97
#000000	0.495937817837112	11.103456869768	Head	97
#0000FF	0.243236188418232	12.3327183496673	Tail	97
#000000	0.047192256655544	15.0225222743582	Head	97
#000000	0.334409062159248	12.7376507782843	Head	97
#000000	0.38929658475332	14.7501885653473	Head	97
#0000FF	0.0785530405025929	10.6370956863277	Tail	97
#000000	0.208292297311127	13.7246645133011	Head	97
#0000FF	0.122492664600723	10.2671388874762	Tail	97
#000000	0.0389792802650481	12.8358769135084	Head	97
#000000	0.207946344153024	11.9540604438167	Head	97
#FF0000	0.042464149990119	10.2672553054057	Stand	97
#0000FF	0.122943216459826	12.6038053912576	Tail	97
#0000FF	0.037314554550685	15.3228681396227	Tail	97
#000000	0.345141019779258	15.2346202380955	Head	97
#000000	0.158870891309343	10.3384996477049	Head	97
#0000FF	0.0603607911523432	10.7075654999819	Tail	97
#000000	0.0459520486090332	15.8879988981411	Head	97
#0000FF	0.450220284392126	13.0359478194732	Tail	97
#000000	0.387123701036908	15.5110498954076	Head	97
#000000	0.418302943804301	11.8389550781343	Head	97
#0000FF	0.501070186835714	11.3732942274306	Tail	97
#000000	0.129363013422117	12.8799138822593	Head	98
#0000FF	0.491179468217306	10.7960236144718	Tail	98
#000000	0.310682862987742	12.0111816626042	Head	98
#0000FF	0.267514863624238	15.6448958544992	Tail	98
#FF0000	0.211286671101116	11.9666386979166	Stand	98
#000000	0.450123270615004	15.144731732551	Head	98
#0000FF	0.192045932393521	15.3326178579126	Tail	98
#0000FF	0.154119640346617	12.9481328621041	Tail	98
#0000FF	0.0953226175531745	11.4033802569378	Tail	98
#0000FF	0.0960858731903136	9.34733858932741	Tail	98
#FF0000	0.25102130276151	15.4953384655062	Stand	98
#0000FF	0.136482464256696	10.5495854198001	Tail	98
#0000FF	0.118127394807525	8.67362045808695	Tail	98
#0000FF	0.347188194040209	15.5922701322939	Tail	98
#000000	0.0338318137126043	13.8206509327516	Head	98
#0000FF	0.36042654373683	9.30989550566301	Tail	98
#000000	0.18594431922771	12.4844203173183	Head	98
#000000	0.214471998964436	15.6419116607402	Head	98
#000000	0.420475661978126	12.7667701543309	Head	98
#FF0000	0.469428674075753	11.3551801976282	Stand	98
#0000FF	0.151264165053144	13.2535691387486	Tail	98
#0000FF	0.490552396853454	10.6946008133236	Tail	98
#0000FF	0.374197214134038	10.6002160847653	Tail	98
#FF0000	0.353187541002408	9.91418752386235	Stand	98
#0000FF	0.0364219713862985	11.0820131535176	Tail	98
#0000FF	0.207610067320056	15.8769097870681	Tail	98
#0000FF	0.248922689924948	9.40277794641442	Tail	98
#0000FF	0.290126631841995	8.91014319909736	Tail	98
#000000	0.359130797432736	9.30687388069928	Head	98
#000000	0.467841769210063	13.5820553917903	Head	98
#FF0000	0.319175613685511	13.0302005704492	Stand	98
#FF0000	0.224210754376836	15.152874113759	Stand	98
#0000FF	0.28104018360842	13.4493929223623	Tail	98
#0000FF	0.0392392442934215	13.9492063558195	Tail	98
#000000	0.14042842852883	12.2648586610798	Head	98
#0000FF	0.208575976653956	13.3467399074696	Tail	98
#0000FF	0.108872368340381	14.6100825891364	Tail	98
#000000	0.425963781415485	14.3329961032607	Head	98
#000000	0.0864436114113778	15.8426109554712	Head	98
#000000	0.411709271012805	11.627565982705	Head	98
#000000	0.283413078277372	10.631277176179	Head	98
#000000	0.341158821005374	11.3939046303742	Head	98
#000000	0.0958492469415069	8.28164347228594	Head	98
#000000	0.326527679911815	9.63402628726326	Head	98
#000000	0.165934873386286	14.7732886873186	Head	98
#000000	0.372277173204348	10.0030619000085	Head	98
#000000	0.209469912331551	10.0649796540849	Head	98
#0000FF	0.494678205568343	8.79819108960219	Tail	98
#000000	0.493699185308069	10.1166446886491	Head	98
#0000FF	0.373351269508712	13.9106546031311	Tail	98
#000000	0.138608373226598	14.8101346877869	Head	98
#000000	0.120893967328593	12.080712683266	Head	98
#0000FF	0.306522825839929	11.2256904327776	Tail	98
#000000	0.143760716067627	10.1223021543585	Head	98
#0000FF	0.275535199432634	9.06655239816755	Tail	98
#000000	0.402645835643634	11.2419565949123	Head	98
#000000	0.0940304052690044	12.6610954490956	Head	98
#0000FF	0.212199590508826	9.89176354990341	Tail	98
#0000FF	0.245788138816133	11.6691904157866	Tail	98
#000000	0.444053403441794	9.90032721604221	Head	98
#0000FF	0.47285397792235	12.1179365934338	Tail	98
#000000	0.45098877965007	10.9604556604289	Head	98
#000000	0.347093421258032	13.2698842387646	Head	98
#000000	0.485083489669487	11.1227688615676	Head	98
#0000FF	0.268222447126173	10.9724739701487	Tail	98
#000000	0.298259510649368	12.3627659745514	Head	98
#0000FF	0.178165602954105	13.9746080110781	Tail	98
#0000FF	0.18366231570486	9.92460291502066	Tail	98
#0000FF	0.0200121502764523	11.4194197251927	Tail	98
#000000	0.261406522816978	10.2723561574239	Head	98
#0000FF	0.445521706822328	13.1137898170389	Tail	98
#0000FF	0.0131503919744864	9.63386222813278	Tail	98
#0000FF	0.0460285619972274	14.9364240691997	Tail	98
#000000	0.0921056124987081	14.0232304322533	Head	98
#0000FF	0.395167037136853	13.4126202678774	Tail	98
#000000	0.377592152906582	13.0205394114368	Head	98
#000000	0.495937817837112	11.103456869768	Head	98
#0000FF	0.243236188418232	12.3327183496673	Tail	98
#000000	0.047192256655544	15.0225222743582	Head	98
#000000	0.334409062159248	12.7376507782843	Head	98
#000000	0.38929658475332	14.7501885653473	Head	98
#0000FF	0.0785530405025929	10.6370956863277	Tail	98
#000000	0.208292297311127	13.7246645133011	Head	98
#0000FF	0.122492664600723	10.2671388874762	Tail	98
#000000	0.0389792802650481	12.8358769135084	Head	98
#000000	0.207946344153024	11.9540604438167	Head	98
#FF0000	0.042464149990119	10.2672553054057	Stand	98
#0000FF	0.122943216459826	12.6038053912576	Tail	98
#0000FF	0.037314554550685	15.3228681396227	Tail	98
#000000	0.345141019779258	15.2346202380955	Head	98
#000000	0.158870891309343	10.3384996477049	Head	98
#0000FF	0.0603607911523432	10.7075654999819	Tail	98
#000000	0.0459520486090332	15.8879988981411	Head	98
#0000FF	0.450220284392126	13.0359478194732	Tail	98
#000000	0.387123701036908	15.5110498954076	Head	98
#000000	0.418302943804301	11.8389550781343	Head	98
#0000FF	0.501070186835714	11.3732942274306	Tail	98
#000000	0.0617998224822804	13.3419965288136	Head	98
#000000	0.129363013422117	12.8799138822593	Head	99
#0000FF	0.491179468217306	10.7960236144718	Tail	99
#000000	0.310682862987742	12.0111816626042	Head	99
#0000FF	0.267514863624238	15.6448958544992	Tail	99
#FF0000	0.211286671101116	11.9666386979166	Stand	99
#000000	0.450123270615004	15.144731732551	Head	99
#0000FF	0.192045932393521	15.3326178579126	Tail	99
#0000FF	0.154119640346617	12.9481328621041	Tail	99
#0000FF	0.0953226175531745	11.4033802569378	Tail	99
#0000FF	0.0960858731903136	9.34733858932741	Tail	99
#FF0000	0.25102130276151	15.4953384655062	Stand	99
#0000FF	0.136482464256696	10.5495854198001	Tail	99
#0000FF	0.118127394807525	8.67362045808695	Tail	99
#0000FF	0.347188194040209	15.5922701322939	Tail	99
#000000	0.0338318137126043	13.8206509327516	Head	99
#0000FF	0.36042654373683	9.30989550566301	Tail	99
#000000	0.18594431922771	12.4844203173183	Head	99
#000000	0.214471998964436	15.6419116607402	Head	99
#000000	0.420475661978126	12.7667701543309	Head	99
#FF0000	0.469428674075753	11.3551801976282	Stand	99
#0000FF	0.151264165053144	13.2535691387486	Tail	99
#0000FF	0.490552396853454	10.6946008133236	Tail	99
#0000FF	0.374197214134038	10.6002160847653	Tail	99
#FF0000	0.353187541002408	9.91418752386235	Stand	99
#0000FF	0.0364219713862985	11.0820131535176	Tail	99
#0000FF	0.207610067320056	15.8769097870681	Tail	99
#0000FF	0.248922689924948	9.40277794641442	Tail	99
#0000FF	0.290126631841995	8.91014319909736	Tail	99
#000000	0.359130797432736	9.30687388069928	Head	99
#000000	0.467841769210063	13.5820553917903	Head	99
#FF0000	0.319175613685511	13.0302005704492	Stand	99
#FF0000	0.224210754376836	15.152874113759	Stand	99
#0000FF	0.28104018360842	13.4493929223623	Tail	99
#0000FF	0.0392392442934215	13.9492063558195	Tail	99
#000000	0.14042842852883	12.2648586610798	Head	99
#0000FF	0.208575976653956	13.3467399074696	Tail	99
#0000FF	0.108872368340381	14.6100825891364	Tail	99
#000000	0.425963781415485	14.3329961032607	Head	99
#000000	0.0864436114113778	15.8426109554712	Head	99
#000000	0.411709271012805	11.627565982705	Head	99
#000000	0.283413078277372	10.631277176179	Head	99
#000000	0.341158821005374	11.3939046303742	Head	99
#000000	0.0958492469415069	8.28164347228594	Head	99
#000000	0.326527679911815	9.63402628726326	Head	99
#000000	0.165934873386286	14.7732886873186	Head	99
#000000	0.372277173204348	10.0030619000085	Head	99
#000000	0.209469912331551	10.0649796540849	Head	99
#0000FF	0.494678205568343	8.79819108960219	Tail	99
#000000	0.493699185308069	10.1166446886491	Head	99
#0000FF	0.373351269508712	13.9106546031311	Tail	99
#000000	0.138608373226598	14.8101346877869	Head	99
#000000	0.120893967328593	12.080712683266	Head	99
#0000FF	0.306522825839929	11.2256904327776	Tail	99
#000000	0.143760716067627	10.1223021543585	Head	99
#0000FF	0.275535199432634	9.06655239816755	Tail	99
#000000	0.402645835643634	11.2419565949123	Head	99
#000000	0.0940304052690044	12.6610954490956	Head	99
#0000FF	0.212199590508826	9.89176354990341	Tail	99
#0000FF	0.245788138816133	11.6691904157866	Tail	99
#000000	0.444053403441794	9.90032721604221	Head	99
#0000FF	0.47285397792235	12.1179365934338	Tail	99
#000000	0.45098877965007	10.9604556604289	Head	99
#000000	0.347093421258032	13.2698842387646	Head	99
#000000	0.485083489669487	11.1227688615676	Head	99
#0000FF	0.268222447126173	10.9724739701487	Tail	99
#000000	0.298259510649368	12.3627659745514	Head	99
#0000FF	0.178165602954105	13.9746080110781	Tail	99
#0000FF	0.18366231570486	9.92460291502066	Tail	99
#0000FF	0.0200121502764523	11.4194197251927	Tail	99
#000000	0.261406522816978	10.2723561574239	Head	99
#0000FF	0.445521706822328	13.1137898170389	Tail	99
#0000FF	0.0131503919744864	9.63386222813278	Tail	99
#0000FF	0.0460285619972274	14.9364240691997	Tail	99
#000000	0.0921056124987081	14.0232304322533	Head	99
#0000FF	0.395167037136853	13.4126202678774	Tail	99
#000000	0.377592152906582	13.0205394114368	Head	99
#000000	0.495937817837112	11.103456869768	Head	99
#0000FF	0.243236188418232	12.3327183496673	Tail	99
#000000	0.047192256655544	15.0225222743582	Head	99
#000000	0.334409062159248	12.7376507782843	Head	99
#000000	0.38929658475332	14.7501885653473	Head	99
#0000FF	0.0785530405025929	10.6370956863277	Tail	99
#000000	0.208292297311127	13.7246645133011	Head	99
#0000FF	0.122492664600723	10.2671388874762	Tail	99
#000000	0.0389792802650481	12.8358769135084	Head	99
#000000	0.207946344153024	11.9540604438167	Head	99
#FF0000	0.042464149990119	10.2672553054057	Stand	99
#0000FF	0.122943216459826	12.6038053912576	Tail	99
#0000FF	0.037314554550685	15.3228681396227	Tail	99
#000000	0.345141019779258	15.2346202380955	Head	99
#000000	0.158870891309343	10.3384996477049	Head	99
#0000FF	0.0603607911523432	10.7075654999819	Tail	99
#000000	0.0459520486090332	15.8879988981411	Head	99
#0000FF	0.450220284392126	13.0359478194732	Tail	99
#000000	0.387123701036908	15.5110498954076	Head	99
#000000	0.418302943804301	11.8389550781343	Head	99
#0000FF	0.501070186835714	11.3732942274306	Tail	99
#000000	0.0617998224822804	13.3419965288136	Head	99
#0000FF	0.0595209146756679	9.38830361138098	Tail	99
#000000	0.129363013422117	12.8799138822593	Head	100
#0000FF	0.491179468217306	10.7960236144718	Tail	100
#000000	0.310682862987742	12.0111816626042	Head	100
#0000FF	0.267514863624238	15.6448958544992	Tail	100
#FF0000	0.211286671101116	11.9666386979166	Stand	100
#000000	0.450123270615004	15.144731732551	Head	100
#0000FF	0.192045932393521	15.3326178579126	Tail	100
#0000FF	0.154119640346617	12.9481328621041	Tail	100
#0000FF	0.0953226175531745	11.4033802569378	Tail	100
#0000FF	0.0960858731903136	9.34733858932741	Tail	100
#FF0000	0.25102130276151	15.4953384655062	Stand	100
#0000FF	0.136482464256696	10.5495854198001	Tail	100
#0000FF	0.118127394807525	8.67362045808695	Tail	100
#0000FF	0.347188194040209	15.5922701322939	Tail	100
#000000	0.0338318137126043	13.8206509327516	Head	100
#0000FF	0.36042654373683	9.30989550566301	Tail	100
#000000	0.18594431922771	12.4844203173183	Head	100
#000000	0.214471998964436	15.6419116607402	Head	100
#000000	0.420475661978126	12.7667701543309	Head	100
#FF0000	0.469428674075753	11.3551801976282	Stand	100
#0000FF	0.151264165053144	13.2535691387486	Tail	100
#0000FF	0.490552396853454	10.6946008133236	Tail	100
#0000FF	0.374197214134038	10.6002160847653	Tail	100
#FF0000	0.353187541002408	9.91418752386235	Stand	100
#0000FF	0.0364219713862985	11.0820131535176	Tail	100
#0000FF	0.207610067320056	15.8769097870681	Tail	100
#0000FF	0.248922689924948	9.40277794641442	Tail	100
#0000FF	0.290126631841995	8.91014319909736	Tail	100
#000000	0.359130797432736	9.30687388069928	Head	100
#000000	0.467841769210063	13.5820553917903	Head	100
#FF0000	0.319175613685511	13.0302005704492	Stand	100
#FF0000	0.224210754376836	15.152874113759	Stand	100
#0000FF	0.28104018360842	13.4493929223623	Tail	100
#0000FF	0.0392392442934215	13.9492063558195	Tail	100
#000000	0.14042842852883	12.2648586610798	Head	100
#0000FF	0.208575976653956	13.3467399074696	Tail	100
#0000FF	0.108872368340381	14.6100825891364	Tail	100
#000000	0.425963781415485	14.3329961032607	Head	100
#000000	0.0864436114113778	15.8426109554712	Head	100
#000000	0.411709271012805	11.627565982705	Head	100
#000000	0.283413078277372	10.631277176179	Head	100
#000000	0.341158821005374	11.3939046303742	Head	100
#000000	0.0958492469415069	8.28164347228594	Head	100
#000000	0.326527679911815	9.63402628726326	Head	100
#000000	0.165934873386286	14.7732886873186	Head	100
#000000	0.372277173204348	10.0030619000085	Head	100
#000000	0.209469912331551	10.0649796540849	Head	100
#0000FF	0.494678205568343	8.79819108960219	Tail	100
#000000	0.493699185308069	10.1166446886491	Head	100
#0000FF	0.373351269508712	13.9106546031311	Tail	100
#000000	0.138608373226598	14.8101346877869	Head	100
#000000	0.120893967328593	12.080712683266	Head	100
#0000FF	0.306522825839929	11.2256904327776	Tail	100
#000000	0.143760716067627	10.1223021543585	Head	100
#0000FF	0.275535199432634	9.06655239816755	Tail	100
#000000	0.402645835643634	11.2419565949123	Head	100
#000000	0.0940304052690044	12.6610954490956	Head	100
#0000FF	0.212199590508826	9.89176354990341	Tail	100
#0000FF	0.245788138816133	11.6691904157866	Tail	100
#000000	0.444053403441794	9.90032721604221	Head	100
#0000FF	0.47285397792235	12.1179365934338	Tail	100
#000000	0.45098877965007	10.9604556604289	Head	100
#000000	0.347093421258032	13.2698842387646	Head	100
#000000	0.485083489669487	11.1227688615676	Head	100
#0000FF	0.268222447126173	10.9724739701487	Tail	100
#000000	0.298259510649368	12.3627659745514	Head	100
#0000FF	0.178165602954105	13.9746080110781	Tail	100
#0000FF	0.18366231570486	9.92460291502066	Tail	100
#0000FF	0.0200121502764523	11.4194197251927	Tail	100
#000000	0.261406522816978	10.2723561574239	Head	100
#0000FF	0.445521706822328	13.1137898170389	Tail	100
#0000FF	0.0131503919744864	9.63386222813278	Tail	100
#0000FF	0.0460285619972274	14.9364240691997	Tail	100
#000000	0.0921056124987081	14.0232304322533	Head	100
#0000FF	0.395167037136853	13.4126202678774	Tail	100
#000000	0.377592152906582	13.0205394114368	Head	100
#000000	0.495937817837112	11.103456869768	Head	100
#0000FF	0.243236188418232	12.3327183496673	Tail	100
#000000	0.047192256655544	15.0225222743582	Head	100
#000000	0.334409062159248	12.7376507782843	Head	100
#000000	0.38929658475332	14.7501885653473	Head	100
#0000FF	0.0785530405025929	10.6370956863277	Tail	100
#000000	0.208292297311127	13.7246645133011	Head	100
#0000FF	0.122492664600723	10.2671388874762	Tail	100
#000000	0.0389792802650481	12.8358769135084	Head	100
#000000	0.207946344153024	11.9540604438167	Head	100
#FF0000	0.042464149990119	10.2672553054057	Stand	100
#0000FF	0.122943216459826	12.6038053912576	Tail	100
#0000FF	0.037314554550685	15.3228681396227	Tail	100
#000000	0.345141019779258	15.2346202380955	Head	100
#000000	0.158870891309343	10.3384996477049	Head	100
#0000FF	0.0603607911523432	10.7075654999819	Tail	100
#000000	0.0459520486090332	15.8879988981411	Head	100
#0000FF	0.450220284392126	13.0359478194732	Tail	100
#000000	0.387123701036908	15.5110498954076	Head	100
#000000	0.418302943804301	11.8389550781343	Head	100
#0000FF	0.501070186835714	11.3732942274306	Tail	100
#000000	0.0617998224822804	13.3419965288136	Head	100
#0000FF	0.0595209146756679	9.38830361138098	Tail	100
#0000FF	0.409415805586614	12.6683630540967	Tail	100
